,code_cluster,id_activity,activity_type,time_period,capacity_zone,nb_nights_zone
0,1,I551,Hôtel,2024-01,1334.0,26696.945488282403
1,1,I551,Hôtel,2024-02,1334.0,31489.96042793492
2,1,I551,Hôtel,2024-03,1334.0,35173.58595199093
3,1,I551,Hôtel,2024-04,1334.0,30024.54196442827
4,1,I551,Hôtel,2024-05,1334.0,39535.84426338792
5,1,I551,Hôtel,2024-06,1334.0,42229.02535410995
6,1,I551,Hôtel,2024-07,1334.0,42588.2515639612
7,1,I551,Hôtel,2024-08,1334.0,44944.745379074964
8,1,I551,Hôtel,2024-09,1334.0,35673.01632905076
9,1,I551,Hôtel,2024-10,1334.0,32734.083445821474
10,1,I551,Hôtel,2024-11,1334.0,27857.464356681583
11,1,I551,Hôtel,2024-12,1334.0,29200.847080343752
12,1,I553,Terrain de camping,2024-01,2554.0,22240.71683917922
13,1,I553,Terrain de camping,2024-02,2554.0,26256.056102256745
14,1,I553,Terrain de camping,2024-03,2554.0,28885.33173839956
15,1,I553,Terrain de camping,2024-04,2554.0,23832.54519255885
16,1,I553,Terrain de camping,2024-05,2554.0,30498.742887857054
17,1,I553,Terrain de camping,2024-06,2554.0,33117.201336838814
18,1,I553,Terrain de camping,2024-07,2554.0,33705.21806518829
19,1,I553,Terrain de camping,2024-08,2554.0,35401.4270912818
20,1,I553,Terrain de camping,2024-09,2554.0,28145.021828807327
21,1,I553,Terrain de camping,2024-10,2554.0,25523.629564846426
22,1,I553,Terrain de camping,2024-11,2554.0,21777.611847680015
23,1,I553,Terrain de camping,2024-12,2554.0,23879.21267975172
24,2,I551,Hôtel,2024-01,193.0,3858.3030480656507
25,2,I551,Hôtel,2024-02,193.0,4550.659437280187
26,2,I551,Hôtel,2024-03,193.0,5089.724501758499
27,2,I551,Hôtel,2024-04,193.0,4357.206916764361
28,2,I551,Hôtel,2024-05,193.0,5750.970105509965
29,2,I551,Hôtel,2024-06,193.0,6134.4812426729195
30,2,I551,Hôtel,2024-07,193.0,6181.995896834702
31,2,I551,Hôtel,2024-08,193.0,6526.630780461021
32,2,I551,Hôtel,2024-09,193.0,5179.530275037515
33,2,I551,Hôtel,2024-10,193.0,4757.426478436108
34,2,I551,Hôtel,2024-11,193.0,4047.820403962193
35,2,I551,Hôtel,2024-12,193.0,4226.993290877491
36,2,I553,Terrain de camping,2024-01,1057.0,8654.868536510914
37,2,I553,Terrain de camping,2024-02,1057.0,10207.948596427257
38,2,I553,Terrain de camping,2024-03,1057.0,11417.168610398066
39,2,I553,Terrain de camping,2024-04,1057.0,9773.999756156514
40,2,I553,Terrain de camping,2024-05,1057.0,12900.46157611882
41,2,I553,Terrain de camping,2024-06,1057.0,13760.746119111696
42,2,I553,Terrain de camping,2024-07,1057.0,13867.33004479223
43,2,I553,Terrain de camping,2024-08,1057.0,14640.408150302092
44,2,I553,Terrain de camping,2024-09,1057.0,11618.619132004775
45,2,I553,Terrain de camping,2024-10,1057.0,10671.76430416048
46,2,I553,Terrain de camping,2024-11,1057.0,9079.990093899738
47,2,I553,Terrain de camping,2024-12,1057.0,9481.907144541083
48,3,I551,Hôtel,2024-01,99.0,1979.1295427901523
49,3,I551,Hôtel,2024-02,99.0,2334.2760844079717
50,3,I551,Hôtel,2024-03,99.0,2610.791324736225
51,3,I551,Hôtel,2024-04,99.0,2235.0439624853457
52,3,I551,Hôtel,2024-05,99.0,2949.9794841735056
53,3,I551,Hôtel,2024-06,99.0,3146.702813599062
54,3,I551,Hôtel,2024-07,99.0,3171.075615474795
55,3,I551,Hôtel,2024-08,99.0,3347.8572397183475
56,3,I551,Hôtel,2024-09,99.0,2656.857498594373
57,3,I551,Hôtel,2024-10,99.0,2440.337934534584
58,3,I551,Hôtel,2024-11,99.0,2076.343108768171
59,3,I551,Hôtel,2024-12,99.0,2168.250444543376
60,3,I553,Terrain de camping,2024-01,631.0,5166.719060112003
61,3,I553,Terrain de camping,2024-02,631.0,6093.865245360075
62,3,I553,Terrain de camping,2024-03,631.0,6815.736417371031
63,3,I553,Terrain de camping,2024-04,631.0,5834.809693599584
64,3,I553,Terrain de camping,2024-05,631.0,7701.221622072825
65,3,I553,Terrain de camping,2024-06,631.0,8214.787891352393
66,3,I553,Terrain de camping,2024-07,631.0,8278.415570732162
67,3,I553,Terrain de camping,2024-08,631.0,8739.921989442402
68,3,I553,Terrain de camping,2024-09,631.0,6935.996851745518
69,3,I553,Terrain de camping,2024-10,631.0,6370.7504975641095
70,3,I553,Terrain de camping,2024-11,631.0,5420.504966178558
71,3,I553,Terrain de camping,2024-12,631.0,5660.438418358962
72,4,I551,Hôtel,2024-01,1012.0,20231.101992966003
73,4,I551,Hôtel,2024-02,1012.0,23861.488862837046
74,4,I551,Hôtel,2024-03,1012.0,26688.089097303633
75,4,I551,Hôtel,2024-04,1012.0,22847.116060961314
76,4,I551,Hôtel,2024-05,1012.0,30155.345838218054
77,4,I551,Hôtel,2024-06,1012.0,32166.295427901525
78,4,I551,Hôtel,2024-07,1012.0,32415.439624853458
79,4,I551,Hôtel,2024-08,1012.0,34222.54067267644
80,4,I551,Hôtel,2024-09,1012.0,27158.987763409146
81,4,I551,Hôtel,2024-10,1012.0,24945.676664131304
82,4,I551,Hôtel,2024-11,1012.0,21224.84066740797
83,4,I551,Hôtel,2024-12,1012.0,22164.33787755451
84,4,I553,Terrain de camping,2024-01,337.0,2759.404632738106
85,4,I553,Terrain de camping,2024-02,337.0,3254.568284764414
86,4,I553,Terrain de camping,2024-03,337.0,3640.100115141105
87,4,I553,Terrain de camping,2024-04,337.0,3116.2137349335335
88,4,I553,Terrain de camping,2024-05,337.0,4113.013766463617
89,4,I553,Terrain de camping,2024-06,337.0,4387.295593321326
90,4,I553,Terrain de camping,2024-07,337.0,4421.277412578033
91,4,I553,Terrain de camping,2024-08,337.0,4667.755484060364
92,4,I553,Terrain de camping,2024-09,337.0,3704.327954101806
93,4,I553,Terrain de camping,2024-10,337.0,3402.4451944201346
94,4,I553,Terrain de camping,2024-11,337.0,2894.944807610418
95,4,I553,Terrain de camping,2024-12,337.0,3023.0867622614423
96,5,I551,Hôtel,2024-01,286.0,5717.485345838219
97,5,I551,Hôtel,2024-02,286.0,6743.464243845252
98,5,I551,Hôtel,2024-03,286.0,7542.286049237984
99,5,I551,Hôtel,2024-04,286.0,6456.79366940211
100,5,I551,Hôtel,2024-05,286.0,8522.162954279016
101,5,I551,Hôtel,2024-06,286.0,9090.474794841735
102,5,I551,Hôtel,2024-07,286.0,9160.88511137163
103,5,I551,Hôtel,2024-08,286.0,9671.58758140856
104,5,I551,Hôtel,2024-09,286.0,7675.36610705041
105,5,I551,Hôtel,2024-10,286.0,7049.86514421102
106,5,I551,Hôtel,2024-11,286.0,5998.324536441383
107,5,I551,Hôtel,2024-12,286.0,6263.834617569753
108,5,I553,Terrain de camping,2024-01,303.0,2481.0077261710567
109,5,I553,Terrain de camping,2024-02,303.0,2926.2142144914465
110,5,I553,Terrain de camping,2024-03,303.0,3272.8496584206378
111,5,I553,Terrain de camping,2024-04,303.0,2801.818283931337
112,5,I553,Terrain de camping,2024-05,303.0,3698.0509532298984
113,5,I553,Terrain de camping,2024-06,303.0,3944.6604296034475
114,5,I553,Terrain de camping,2024-07,303.0,3975.2138160568074
115,5,I553,Terrain de camping,2024-08,303.0,4196.82466371006
116,5,I553,Terrain de camping,2024-09,303.0,3330.597537367499
117,5,I553,Terrain de camping,2024-10,303.0,3059.171792015729
118,5,I553,Terrain de camping,2024-11,303.0,2602.8732246467557
119,5,I553,Terrain de camping,2024-12,303.0,2718.086910876015
120,6,I551,Hôtel,2024-01,138.0,2758.786635404455
121,6,I551,Hôtel,2024-02,138.0,3253.83939038687
122,6,I551,Hôtel,2024-03,138.0,3639.284876905041
123,6,I551,Hôtel,2024-04,138.0,3115.5158264947245
124,6,I551,Hôtel,2024-05,138.0,4112.092614302462
125,6,I551,Hôtel,2024-06,138.0,4386.313012895663
126,6,I551,Hôtel,2024-07,138.0,4420.287221570926
127,6,I551,Hôtel,2024-08,138.0,4666.710091728605
128,6,I551,Hôtel,2024-09,138.0,3703.4983313739745
129,6,I551,Hôtel,2024-10,138.0,3401.6831814724505
130,6,I551,Hôtel,2024-11,138.0,2894.296454646542
131,6,I551,Hôtel,2024-12,138.0,3022.409710575615
132,6,I553,Terrain de camping,2024-01,636.0,5207.659781665981
133,6,I553,Terrain de camping,2024-02,636.0,6142.152608635511
134,6,I553,Terrain de camping,2024-03,636.0,6869.743837476982
135,6,I553,Terrain de camping,2024-04,636.0,5881.044318746965
136,6,I553,Terrain de camping,2024-05,636.0,7762.245565195431
137,6,I553,Terrain de camping,2024-06,636.0,8279.881297781494
138,6,I553,Terrain de camping,2024-07,636.0,8344.013158455873
139,6,I553,Terrain de camping,2024-08,636.0,8809.17652184686
140,6,I553,Terrain de camping,2024-09,636.0,6990.957207147623
141,6,I553,Terrain de camping,2024-10,636.0,6421.2318802706395
142,6,I553,Terrain de camping,2024-11,636.0,5463.456669555567
143,6,I553,Terrain de camping,2024-12,636.0,5705.291337680348
144,7,I551,Hôtel,2024-01,763.0,15921.242679534984
145,7,I551,Hôtel,2024-02,763.0,18833.203953608732
146,7,I551,Hôtel,2024-03,763.0,19977.878529143683
147,7,I551,Hôtel,2024-04,763.0,15079.99679886192
148,7,I551,Hôtel,2024-05,763.0,17741.80639550907
149,7,I551,Hôtel,2024-06,763.0,20245.262658719552
150,7,I551,Hôtel,2024-07,763.0,21150.770759763232
151,7,I551,Hôtel,2024-08,763.0,21917.05122701635
152,7,I551,Hôtel,2024-09,763.0,17507.344706426633
153,7,I551,Hôtel,2024-10,763.0,15340.435002885162
154,7,I551,Hôtel,2024-11,763.0,13190.114731353257
155,7,I551,Hôtel,2024-12,763.0,16343.275471008032
156,7,I553,Terrain de camping,2024-01,535.0,6249.807585408476
157,7,I553,Terrain de camping,2024-02,535.0,7405.556314162511
158,7,I553,Terrain de camping,2024-03,535.0,7605.930236167512
159,7,I553,Terrain de camping,2024-04,535.0,5250.93579670494
160,7,I553,Terrain de camping,2024-05,535.0,5583.462294426088
161,7,I553,Terrain de camping,2024-06,535.0,6778.514244414409
162,7,I553,Terrain de camping,2024-07,535.0,7297.542412148476
163,7,I553,Terrain de camping,2024-08,535.0,7447.122629897094
164,7,I553,Terrain de camping,2024-09,535.0,5981.058435311106
165,7,I553,Terrain de camping,2024-10,535.0,5032.432430721556
166,7,I553,Terrain de camping,2024-11,535.0,4367.685735343574
167,7,I553,Terrain de camping,2024-12,535.0,6161.994597238379
168,8,I551,Hôtel,2024-01,634.0,8443.442537701509
169,8,I551,Hôtel,2024-02,634.0,9828.153926157047
170,8,I551,Hôtel,2024-03,634.0,11351.336453458138
171,8,I551,Hôtel,2024-04,634.0,11875.548621944878
172,8,I551,Hôtel,2024-05,634.0,15498.876755070203
173,8,I551,Hôtel,2024-06,634.0,15281.279251170048
174,8,I551,Hôtel,2024-07,634.0,15742.84971398856
175,8,I551,Hôtel,2024-08,634.0,15131.642532595943
176,8,I551,Hôtel,2024-09,634.0,16495.44148446178
177,8,I551,Hôtel,2024-10,634.0,13269.22968052106
178,8,I551,Hôtel,2024-11,634.0,10991.408689967759
179,8,I551,Hôtel,2024-12,634.0,10109.473466120644
180,8,I553,Terrain de camping,2024-01,438.0,4851.664882188308
181,8,I553,Terrain de camping,2024-02,438.0,5647.330345100877
182,8,I553,Terrain de camping,2024-03,438.0,6522.562354304704
183,8,I553,Terrain de camping,2024-04,438.0,6823.7785652644625
184,8,I553,Terrain de camping,2024-05,438.0,8905.769859885686
185,8,I553,Terrain de camping,2024-06,438.0,8780.736715713709
186,8,I553,Terrain de camping,2024-07,438.0,9045.958536684566
187,8,I553,Terrain de camping,2024-08,438.0,8694.754344263889
188,8,I553,Terrain de camping,2024-09,438.0,9478.403365571006
189,8,I553,Terrain de camping,2024-10,438.0,7624.598067342316
190,8,I553,Terrain de camping,2024-11,438.0,6315.745184358496
191,8,I553,Terrain de camping,2024-12,438.0,5808.978645142048
192,9,I551,Hôtel,2024-01,469.0,6246.016640665627
193,9,I551,Hôtel,2024-02,469.0,7270.353614144567
194,9,I551,Hôtel,2024-03,469.0,8397.124284971398
195,9,I551,Hôtel,2024-04,469.0,8784.908996359853
196,9,I551,Hôtel,2024-05,469.0,11465.257410296412
197,9,I551,Hôtel,2024-06,469.0,11304.290171606865
198,9,I551,Hôtel,2024-07,469.0,11645.735829433177
199,9,I551,Hôtel,2024-08,469.0,11193.596763071762
200,9,I551,Hôtel,2024-09,469.0,12202.463811060843
201,9,I551,Hôtel,2024-10,469.0,9815.881262088924
202,9,I551,Hôtel,2024-11,469.0,8130.8685734935
203,9,I551,Hôtel,2024-12,469.0,7478.45907825013
204,9,I553,Terrain de camping,2024-01,993.0,10999.322438385821
205,9,I553,Terrain de camping,2024-02,993.0,12803.194138550618
206,9,I553,Terrain de camping,2024-03,993.0,14787.453008731896
207,9,I553,Terrain de camping,2024-04,993.0,15470.347295222859
208,9,I553,Terrain de camping,2024-05,993.0,20190.47824398741
209,9,I553,Terrain de camping,2024-06,993.0,19907.012691104366
210,9,I553,Terrain de camping,2024-07,993.0,20508.303257825966
211,9,I553,Terrain de camping,2024-08,993.0,19712.080054461283
212,9,I553,Terrain de camping,2024-09,993.0,21488.709000027422
213,9,I553,Terrain de camping,2024-10,993.0,17285.903837604837
214,9,I553,Terrain de camping,2024-11,993.0,14318.57298645659
215,9,I553,Terrain de camping,2024-12,993.0,13169.670763986423
216,10,I551,Hôtel,2024-01,444.0,5913.073322932917
217,10,I551,Hôtel,2024-02,444.0,6882.808112324493
218,10,I551,Hôtel,2024-03,444.0,7949.516380655226
219,10,I551,Hôtel,2024-04,444.0,8316.630265210608
220,10,I551,Hôtel,2024-05,444.0,10854.102964118565
221,10,I551,Hôtel,2024-06,444.0,10701.716068642745
222,10,I551,Hôtel,2024-07,444.0,11024.960998439938
223,10,I551,Hôtel,2024-08,444.0,10596.923161628705
224,10,I551,Hôtel,2024-09,444.0,11552.012648424337
225,10,I551,Hôtel,2024-10,444.0,9292.646653235568
226,10,I551,Hôtel,2024-11,444.0,7697.453404330734
227,10,I551,Hôtel,2024-12,444.0,7079.820534633384
228,10,I553,Terrain de camping,2024-01,301.0,3334.13499894676
229,10,I553,Terrain de camping,2024-02,301.0,3880.9279312222925
230,10,I553,Terrain de camping,2024-03,301.0,4482.400156725378
231,10,I553,Terrain de camping,2024-04,301.0,4689.400338229688
232,10,I553,Terrain de camping,2024-05,301.0,6120.175177683999
233,10,I553,Terrain de camping,2024-06,301.0,6034.2505740407
234,10,I553,Terrain de camping,2024-07,301.0,6216.51488479921
235,10,I553,Terrain de camping,2024-08,301.0,5975.1622320169645
236,10,I553,Terrain de camping,2024-09,301.0,6513.6972900385235
237,10,I553,Terrain de camping,2024-10,301.0,5239.735201529765
238,10,I553,Terrain de camping,2024-11,301.0,4340.2723755523
239,10,I553,Terrain de camping,2024-12,301.0,3992.0150049948775
240,11,I551,Hôtel,2024-01,71.0,945.5590223608945
241,11,I551,Hôtel,2024-02,71.0,1100.6292251690068
242,11,I551,Hôtel,2024-03,71.0,1271.2064482579303
243,11,I551,Hôtel,2024-04,71.0,1329.9115964638586
244,11,I551,Hôtel,2024-05,71.0,1735.6786271450858
245,11,I551,Hôtel,2024-06,71.0,1711.3104524180967
246,11,I551,Hôtel,2024-07,71.0,1763.0005200208006
247,11,I551,Hôtel,2024-08,71.0,1694.553028098284
248,11,I551,Hôtel,2024-09,71.0,1847.2813018876755
249,11,I551,Hôtel,2024-10,71.0,1485.986289143526
250,11,I551,Hôtel,2024-11,71.0,1230.8990804222567
251,11,I551,Hôtel,2024-12,71.0,1132.1334638715548
252,11,I553,Terrain de camping,2024-01,141.0,1561.837325088017
253,11,I553,Terrain de camping,2024-02,141.0,1817.9762069845287
254,11,I553,Terrain de camping,2024-03,141.0,2099.728977070692
255,11,I553,Terrain de camping,2024-04,141.0,2196.6958395029433
256,11,I553,Terrain de camping,2024-05,141.0,2866.9259137988165
257,11,I553,Terrain de camping,2024-06,141.0,2826.675518072221
258,11,I553,Terrain de camping,2024-07,141.0,2912.0551453710586
259,11,I553,Terrain de camping,2024-08,141.0,2798.996261509608
260,11,I553,Terrain de camping,2024-09,141.0,3051.2668368618997
261,11,I553,Terrain de camping,2024-10,141.0,2454.4938983910192
262,11,I553,Terrain de camping,2024-11,141.0,2033.1508470195158
263,11,I553,Terrain de camping,2024-12,141.0,1870.0136734361388
264,12,I551,Hôtel,2024-01,305.0,4061.9084763390533
265,12,I551,Hôtel,2024-02,305.0,4728.055122204889
266,12,I551,Hôtel,2024-03,305.0,5460.816432657306
267,12,I551,Hôtel,2024-04,305.0,5713.000520020801
268,12,I551,Hôtel,2024-05,305.0,7456.084243369735
269,12,I551,Hôtel,2024-06,305.0,7351.404056162246
270,12,I551,Hôtel,2024-07,305.0,7573.452938117524
271,12,I551,Hôtel,2024-08,305.0,7279.417937605304
272,12,I551,Hôtel,2024-09,305.0,7935.5041841653665
273,12,I551,Hôtel,2024-10,305.0,6383.462228010921
274,12,I551,Hôtel,2024-11,305.0,5287.665063785751
275,12,I551,Hôtel,2024-12,305.0,4863.390232124285
276,12,I553,Terrain de camping,2024-01,207.0,2292.9101155547482
277,12,I553,Terrain de camping,2024-02,207.0,2668.9437932326064
278,12,I553,Terrain de camping,2024-03,207.0,3082.58083867825
279,12,I553,Terrain de camping,2024-04,207.0,3224.936445227726
280,12,I553,Terrain de camping,2024-05,207.0,4208.891235151454
281,12,I553,Terrain de camping,2024-06,207.0,4149.800228659218
282,12,I553,Terrain de camping,2024-07,207.0,4275.144787885171
283,12,I553,Terrain de camping,2024-08,207.0,4109.164724343893
284,12,I553,Terrain de camping,2024-09,207.0,4479.519398797257
285,12,I553,Terrain de camping,2024-10,207.0,3603.4059359357516
286,12,I553,Terrain de camping,2024-11,207.0,2984.8384775392897
287,12,I553,Terrain de camping,2024-12,207.0,2745.3392227041186
288,13,I551,Hôtel,2024-01,1367.0,15173.421588594707
289,13,I551,Hôtel,2024-02,1367.0,17052.698574338086
290,13,I551,Hôtel,2024-03,1367.0,23340.156143923963
291,13,I551,Hôtel,2024-04,1367.0,25646.33061778683
292,13,I551,Hôtel,2024-05,1367.0,34165.71961982349
293,13,I551,Hôtel,2024-06,1367.0,31780.661914460285
294,13,I551,Hôtel,2024-07,1367.0,40360.373387644264
295,13,I551,Hôtel,2024-08,1367.0,46139.508830556006
296,13,I551,Hôtel,2024-09,1367.0,32603.15150489477
297,13,I551,Hôtel,2024-10,1367.0,28064.71672139647
298,13,I551,Hôtel,2024-11,1367.0,19610.412012506113
299,13,I551,Hôtel,2024-12,1367.0,18579.63310444297
300,13,I553,Terrain de camping,2024-01,1389.0,7578.2382762403895
301,13,I553,Terrain de camping,2024-02,1389.0,8516.827420545393
302,13,I553,Terrain de camping,2024-03,1389.0,11657.045421862127
303,13,I553,Terrain de camping,2024-04,1389.0,12808.84493968827
304,13,I553,Terrain de camping,2024-05,1389.0,17063.78239387094
305,13,I553,Terrain de camping,2024-06,1389.0,15872.585307024592
306,13,I553,Terrain de camping,2024-07,1389.0,20157.650313987433
307,13,I553,Terrain de camping,2024-08,1389.0,23043.991088303672
308,13,I553,Terrain de camping,2024-09,1389.0,16283.370841430697
309,13,I553,Terrain de camping,2024-10,1389.0,14016.687615784358
310,13,I553,Terrain de camping,2024-11,1389.0,9794.255966480527
311,13,I553,Terrain de camping,2024-12,1389.0,9279.442077614687
312,14,I551,Hôtel,2024-01,703.0,7803.1568228105925
313,14,I551,Hôtel,2024-02,703.0,8769.602851323829
314,14,I551,Hôtel,2024-03,703.0,12003.021045485404
315,14,I551,Hôtel,2024-04,703.0,13189.005431093008
316,14,I551,Hôtel,2024-05,703.0,17570.227427019687
317,14,I551,Hôtel,2024-06,703.0,16343.67617107943
318,14,I551,Hôtel,2024-07,703.0,20755.91989137814
319,14,I551,Hôtel,2024-08,703.0,23727.925901887982
320,14,I551,Hôtel,2024-09,703.0,16766.65362687712
321,14,I551,Hôtel,2024-10,703.0,14432.696309540393
322,14,I551,Hôtel,2024-11,703.0,10084.944875487781
323,14,I551,Hôtel,2024-12,703.0,9554.851552614053
324,14,I553,Terrain de camping,2024-01,1003.0,5472.262772547955
325,14,I553,Terrain de camping,2024-02,1003.0,6150.020088413987
326,14,I553,Terrain de camping,2024-03,1003.0,8417.578515570707
327,14,I553,Terrain de camping,2024-04,1003.0,9249.29551800384
328,14,I553,Terrain de camping,2024-05,1003.0,12321.795349929846
329,14,I553,Terrain de camping,2024-06,1003.0,11461.62927497888
330,14,I553,Terrain de camping,2024-07,1003.0,14555.884280006765
331,14,I553,Terrain de camping,2024-08,1003.0,16640.117394937784
332,14,I553,Terrain de camping,2024-09,1003.0,11758.258426173497
333,14,I553,Terrain de camping,2024-10,1003.0,10121.481410102024
334,14,I553,Terrain de camping,2024-11,1003.0,7072.454092426183
335,14,I553,Terrain de camping,2024-12,1003.0,6700.705834303478
336,15,I551,Hôtel,2024-01,876.0,9723.421588594707
337,15,I551,Hôtel,2024-02,876.0,10927.698574338086
338,15,I551,Hôtel,2024-03,876.0,14956.822810590631
339,15,I551,Hôtel,2024-04,876.0,16434.663951120165
340,15,I551,Hôtel,2024-05,876.0,21894.052953156825
341,15,I551,Hôtel,2024-06,876.0,20365.661914460285
342,15,I551,Hôtel,2024-07,876.0,25863.706720977596
343,15,I551,Hôtel,2024-08,876.0,29567.088321556006
344,15,I551,Hôtel,2024-09,876.0,20892.729128228108
345,15,I551,Hôtel,2024-10,876.0,17984.412471063137
346,15,I551,Hôtel,2024-11,876.0,12566.730741006111
347,15,I551,Hôtel,2024-12,876.0,11906.187709942973
348,15,I553,Terrain de camping,2024-01,664.0,3622.7143379579684
349,15,I553,Terrain de camping,2024-02,664.0,4071.3991412830383
350,15,I553,Terrain de camping,2024-03,664.0,5572.554470926171
351,15,I553,Terrain de camping,2024-04,664.0,6123.162735747308
352,15,I553,Terrain de camping,2024-05,664.0,8157.200510820954
353,15,I553,Terrain de camping,2024-06,664.0,7587.758562897286
354,15,I553,Terrain de camping,2024-07,664.0,9636.198566225814
355,15,I553,Terrain de camping,2024-08,664.0,11015.989980297796
356,15,I553,Terrain de camping,2024-09,664.0,7784.131201375077
357,15,I553,Terrain de camping,2024-10,664.0,6700.561970396554
358,15,I553,Terrain de camping,2024-11,664.0,4682.063327388819
359,15,I553,Terrain de camping,2024-12,664.0,4435.960791602702
360,16,I551,Hôtel,2024-01,1794.0,24516.222241629814
361,16,I551,Hôtel,2024-02,1794.0,28270.466285042832
362,16,I551,Hôtel,2024-03,1794.0,29735.274618310006
363,16,I551,Hôtel,2024-04,1794.0,25233.196223988314
364,16,I551,Hôtel,2024-05,1794.0,38341.777107333684
365,16,I551,Hôtel,2024-06,1794.0,48208.53832778894
366,16,I551,Hôtel,2024-07,1794.0,60317.66027010075
367,16,I551,Hôtel,2024-08,1794.0,73801.98515065266
368,16,I551,Hôtel,2024-09,1794.0,45394.051853886645
369,16,I551,Hôtel,2024-10,1794.0,27375.25410061655
370,16,I551,Hôtel,2024-11,1794.0,16360.585931623664
371,16,I551,Hôtel,2024-12,1794.0,19227.224720328028
372,16,I553,Terrain de camping,2024-01,6292.0,67557.25779962704
373,16,I553,Terrain de camping,2024-02,6292.0,77847.61033985672
374,16,I553,Terrain de camping,2024-03,6292.0,81478.05376885454
375,16,I553,Terrain de camping,2024-04,6292.0,68445.80891583854
376,16,I553,Terrain de camping,2024-05,6292.0,103682.80935274035
377,16,I553,Terrain de camping,2024-06,6292.0,130603.53638686401
378,16,I553,Terrain de camping,2024-07,6292.0,163732.69140581944
379,16,I553,Terrain de camping,2024-08,6292.0,200488.3480870752
380,16,I553,Terrain de camping,2024-09,6292.0,123006.68621376832
381,16,I553,Terrain de camping,2024-10,6292.0,74097.16539243817
382,16,I553,Terrain de camping,2024-11,6292.0,44378.26971321125
383,16,I553,Terrain de camping,2024-12,6292.0,52769.2455457677
384,17,I551,Hôtel,2024-01,1419.0,19560.97707357981
385,17,I551,Hôtel,2024-02,1419.0,22449.036828601427
386,17,I551,Hôtel,2024-03,1419.0,23915.58304619186
387,17,I551,Hôtel,2024-04,1419.0,21001.573256989024
388,17,I551,Hôtel,2024-05,1419.0,31248.306103048726
389,17,I551,Hôtel,2024-06,1419.0,38685.49789399087
390,17,I551,Hôtel,2024-07,1419.0,47965.05896532144
391,17,I551,Hôtel,2024-08,1419.0,58417.18894236909
392,17,I551,Hôtel,2024-09,1419.0,36439.4633955495
393,17,I551,Hôtel,2024-10,1419.0,22723.46761952875
394,17,I551,Hôtel,2024-11,1419.0,13834.323495317743
395,17,I551,Hôtel,2024-12,1419.0,15759.022597092482
396,17,I553,Terrain de camping,2024-01,4841.0,51537.316314481446
397,17,I553,Terrain de camping,2024-02,4841.0,59442.18007640518
398,17,I553,Terrain de camping,2024-03,4841.0,62616.10264748059
399,17,I553,Terrain de camping,2024-04,4841.0,53297.94506145537
400,17,I553,Terrain de camping,2024-05,4841.0,81060.78475863594
401,17,I553,Terrain de camping,2024-06,4841.0,101864.94893206246
402,17,I553,Terrain de camping,2024-07,4841.0,127376.10016372535
403,17,I553,Terrain de camping,2024-08,4841.0,155816.16785831284
404,17,I553,Terrain de camping,2024-09,4841.0,95911.39879798348
405,17,I553,Terrain de camping,2024-10,4841.0,57859.50653748755
406,17,I553,Terrain de camping,2024-11,4841.0,34557.15462271093
407,17,I553,Terrain de camping,2024-12,4841.0,40468.71993894538
408,18,I551,Hôtel,2024-01,14320.0,210891.22403482813
409,18,I551,Hôtel,2024-02,14320.0,275171.4432065793
410,18,I551,Hôtel,2024-03,14320.0,351452.3796784711
411,18,I551,Hôtel,2024-04,14320.0,431216.76323199825
412,18,I551,Hôtel,2024-05,14320.0,543751.9850330402
413,18,I551,Hôtel,2024-06,14320.0,575640.5050015775
414,18,I551,Hôtel,2024-07,14320.0,671954.9270538464
415,18,I551,Hôtel,2024-08,14320.0,714774.5210672942
416,18,I551,Hôtel,2024-09,14320.0,575658.3210854869
417,18,I551,Hôtel,2024-10,14320.0,437416.07685377257
418,18,I551,Hôtel,2024-11,14320.0,250305.8015304124
419,18,I551,Hôtel,2024-12,14320.0,247709.996370972
420,18,I553,Terrain de camping,2024-01,2580.0,19467.84461213473
421,18,I553,Terrain de camping,2024-02,2580.0,25165.49102670421
422,18,I553,Terrain de camping,2024-03,2580.0,31738.98835628453
423,18,I553,Terrain de camping,2024-04,2580.0,38230.17598781429
424,18,I553,Terrain de camping,2024-05,2580.0,48626.47520278562
425,18,I553,Terrain de camping,2024-06,2580.0,51963.99992721054
426,18,I553,Terrain de camping,2024-07,2580.0,60914.74900825595
427,18,I553,Terrain de camping,2024-08,2580.0,65411.61296405448
428,18,I553,Terrain de camping,2024-09,2580.0,51785.31174702212
429,18,I553,Terrain de camping,2024-10,2580.0,38894.66202130263
430,18,I553,Terrain de camping,2024-11,2580.0,22300.798316199227
431,18,I553,Terrain de camping,2024-12,2580.0,22259.304620341965
432,19,I551,Hôtel,2024-01,1511.0,46404.76987447699
433,19,I551,Hôtel,2024-02,1511.0,51989.35843793584
434,19,I551,Hôtel,2024-03,1511.0,43509.21338912134
435,19,I551,Hôtel,2024-04,1511.0,17630.440725244072
436,19,I551,Hôtel,2024-05,1511.0,17908.616457461645
437,19,I551,Hôtel,2024-06,1511.0,29149.444909344493
438,19,I551,Hôtel,2024-07,1511.0,45448.0139470014
439,19,I551,Hôtel,2024-08,1511.0,59831.1369991297
440,19,I551,Hôtel,2024-09,1511.0,28223.13014759219
441,19,I551,Hôtel,2024-10,1511.0,14719.147858526361
442,19,I551,Hôtel,2024-11,1511.0,11422.412674151745
443,19,I551,Hôtel,2024-12,1511.0,30474.25900675175
444,19,I553,Terrain de camping,2024-01,7379.0,105712.74448798978
445,19,I553,Terrain de camping,2024-02,7379.0,118527.96111706652
446,19,I553,Terrain de camping,2024-03,7379.0,99898.99701814947
447,19,I553,Terrain de camping,2024-04,7379.0,42008.88365755103
448,19,I553,Terrain de camping,2024-05,7379.0,44145.431092513594
449,19,I553,Terrain de camping,2024-06,7379.0,70208.13337979473
450,19,I553,Terrain de camping,2024-07,7379.0,107742.83788027274
451,19,I553,Terrain de camping,2024-08,7379.0,141190.82706136882
452,19,I553,Terrain de camping,2024-09,7379.0,67828.3486244716
453,19,I553,Terrain de camping,2024-10,7379.0,35803.486684561045
454,19,I553,Terrain de camping,2024-11,7379.0,27218.171256284062
455,19,I553,Terrain de camping,2024-12,7379.0,69784.71791186398
456,20,I551,Hôtel,2024-01,50.0,843.1186711228613
457,20,I551,Hôtel,2024-02,50.0,899.5610315757968
458,20,I551,Hôtel,2024-03,50.0,1121.5393824512396
459,20,I551,Hôtel,2024-04,50.0,1373.4473986132589
460,20,I551,Hôtel,2024-05,50.0,1638.898588317454
461,20,I551,Hôtel,2024-06,50.0,1681.1742405347434
462,20,I551,Hôtel,2024-07,50.0,1836.7087344739862
463,20,I551,Hôtel,2024-08,50.0,2079.703497268918
464,20,I551,Hôtel,2024-09,50.0,1592.6311779642838
465,20,I551,Hôtel,2024-10,50.0,1441.938420788647
466,20,I551,Hôtel,2024-11,50.0,1031.6733588092982
467,20,I551,Hôtel,2024-12,50.0,921.2178430313763
468,20,I553,Terrain de camping,2024-01,247.0,2453.307826996645
469,20,I553,Terrain de camping,2024-02,247.0,2660.793508554184
470,20,I553,Terrain de camping,2024-03,247.0,3205.784578836431
471,20,I553,Terrain de camping,2024-04,247.0,3698.8204574566294
472,20,I553,Terrain de camping,2024-05,247.0,4583.236549270079
473,20,I553,Terrain de camping,2024-06,247.0,4883.1433109050195
474,20,I553,Terrain de camping,2024-07,247.0,5491.094428151035
475,20,I553,Terrain de camping,2024-08,247.0,6330.068934898954
476,20,I553,Terrain de camping,2024-09,247.0,4620.24643266029
477,20,I553,Terrain de camping,2024-10,247.0,3901.755633880806
478,20,I553,Terrain de camping,2024-11,247.0,2725.2077656709525
479,20,I553,Terrain de camping,2024-12,247.0,2526.749594376788
480,21,I551,Hôtel,2024-01,9974.0,146912.4915010954
481,21,I551,Hôtel,2024-02,9974.0,191737.84921054618
482,21,I551,Hôtel,2024-03,9974.0,244968.43242426534
483,21,I551,Hôtel,2024-04,9974.0,300704.38316839165
484,21,I551,Hôtel,2024-05,9974.0,379097.8983153283
485,21,I551,Hôtel,2024-06,9974.0,401235.55186220445
486,21,I551,Hôtel,2024-07,9974.0,468319.1221575886
487,21,I551,Hôtel,2024-08,9974.0,498042.3723249157
488,21,I551,Hôtel,2024-09,9974.0,401283.1052358776
489,21,I551,Hôtel,2024-10,9974.0,305005.02154725534
490,21,I551,Hôtel,2024-11,9974.0,174526.7150656039
491,21,I551,Hôtel,2024-12,9974.0,172679.79686119768
492,21,I553,Terrain de camping,2024-01,1794.0,13193.610267101954
493,21,I553,Terrain de camping,2024-02,1794.0,17219.192391937937
494,21,I553,Terrain de camping,2024-03,1794.0,21999.613457815187
495,21,I553,Terrain de camping,2024-04,1794.0,27005.03133937709
496,21,I553,Terrain de camping,2024-05,1794.0,34045.232453311124
497,21,I553,Terrain de camping,2024-06,1794.0,36033.32461716523
498,21,I553,Terrain de camping,2024-07,1794.0,42057.82582029428
499,21,I553,Terrain de camping,2024-08,1794.0,44727.14940586809
500,21,I553,Terrain de camping,2024-09,1794.0,36037.59519125134
501,21,I553,Terrain de camping,2024-10,1794.0,27391.254090694645
502,21,I553,Terrain de camping,2024-11,1794.0,15673.530795412044
503,21,I553,Terrain de camping,2024-12,1794.0,15507.666621881439
504,22,I551,Hôtel,2024-01,2068.0,63510.96234309624
505,22,I551,Hôtel,2024-02,2068.0,71154.1980474198
506,22,I551,Hôtel,2024-03,2068.0,59548.016736401674
507,22,I551,Hôtel,2024-04,2068.0,24129.55090655509
508,22,I551,Hôtel,2024-05,2068.0,24510.270571827055
509,22,I551,Hôtel,2024-06,2068.0,39894.806136680614
510,22,I551,Hôtel,2024-07,2068.0,62201.517433751746
511,22,I551,Hôtel,2024-08,2068.0,81886.69180291213
512,22,I551,Hôtel,2024-09,2068.0,38627.02392139024
513,22,I551,Hôtel,2024-10,2068.0,20145.06801550795
514,22,I551,Hôtel,2024-11,2068.0,15633.05718738968
515,22,I551,Hôtel,2024-12,2068.0,41707.98651618968
516,22,I553,Terrain de camping,2024-01,3810.0,55104.97839145118
517,22,I553,Terrain de camping,2024-02,3810.0,61736.59477371028
518,22,I553,Terrain de camping,2024-03,3810.0,51666.54785966852
519,22,I553,Terrain de camping,2024-04,3810.0,20935.887793954615
520,22,I553,Terrain de camping,2024-05,3810.0,21266.217364693555
521,22,I553,Terrain de camping,2024-06,3810.0,34614.535018644536
522,22,I553,Terrain de camping,2024-07,3810.0,53968.844867849046
523,22,I553,Terrain de camping,2024-08,3810.0,71048.59091837393
524,22,I553,Terrain de camping,2024-09,3810.0,33514.54992943676
525,22,I553,Terrain de camping,2024-10,3810.0,17478.77054187873
526,22,I553,Terrain de camping,2024-11,3810.0,13563.946234190089
527,22,I553,Terrain de camping,2024-12,3810.0,36187.7321793629
528,23,I551,Hôtel,2024-01,2212.0,32581.755684822845
529,23,I551,Hôtel,2024-02,2212.0,42522.97197250132
530,23,I551,Hôtel,2024-03,2212.0,54328.27075621364
531,23,I551,Hôtel,2024-04,2212.0,66689.20148069804
532,23,I551,Hôtel,2024-05,2212.0,84075.05023796932
533,23,I551,Hôtel,2024-06,2212.0,88984.6641988366
534,23,I551,Hôtel,2024-07,2212.0,103862.23162347965
535,23,I551,Hôtel,2024-08,2212.0,110454.1535575209
536,23,I551,Hôtel,2024-09,2212.0,88995.21042528185
537,23,I551,Hôtel,2024-10,2212.0,67642.98252080698
538,23,I551,Hôtel,2024-11,2212.0,38705.94482906716
539,23,I551,Hôtel,2024-12,2212.0,38296.341553736645
540,23,I553,Terrain de camping,2024-01,309.0,2272.4780225944837
541,23,I553,Terrain de camping,2024-02,309.0,2965.8475190127215
542,23,I553,Terrain de camping,2024-03,309.0,3789.2310805266966
543,23,I553,Terrain de camping,2024-04,309.0,4651.368274173646
544,23,I553,Terrain de camping,2024-05,309.0,5863.978165035193
545,23,I553,Terrain de camping,2024-06,309.0,6206.408755130466
546,23,I553,Terrain de camping,2024-07,309.0,7244.073678077443
547,23,I553,Terrain de camping,2024-08,309.0,7703.840115057547
548,23,I553,Terrain de camping,2024-09,309.0,6207.144322238943
549,23,I553,Terrain de camping,2024-10,309.0,4717.891590872155
550,23,I553,Terrain de camping,2024-11,309.0,2699.621524962275
551,23,I553,Terrain de camping,2024-12,309.0,2671.0529465782415
552,24,I551,Hôtel,2024-01,414.0,2897.4745111049237
553,24,I551,Hôtel,2024-02,414.0,3627.5860638984827
554,24,I551,Hôtel,2024-03,414.0,4461.351252080877
555,24,I551,Hôtel,2024-04,414.0,6441.911267246844
556,24,I551,Hôtel,2024-05,414.0,9437.31426134041
557,24,I551,Hôtel,2024-06,414.0,9070.154503284972
558,24,I551,Hôtel,2024-07,414.0,11133.924490073994
559,24,I551,Hôtel,2024-08,414.0,14490.018168293822
560,24,I551,Hôtel,2024-09,414.0,9698.469588951604
561,24,I551,Hôtel,2024-10,414.0,7326.657228904028
562,24,I551,Hôtel,2024-11,414.0,5086.430613103797
563,24,I551,Hôtel,2024-12,414.0,3110.3465745546
564,24,I553,Terrain de camping,2024-01,1303.0,4960.777870044795
565,24,I553,Terrain de camping,2024-02,1303.0,7165.173384113141
566,24,I553,Terrain de camping,2024-03,1303.0,8293.427423082336
567,24,I553,Terrain de camping,2024-04,1303.0,13202.22773847504
568,24,I553,Terrain de camping,2024-05,1303.0,20797.436009565827
569,24,I553,Terrain de camping,2024-06,1303.0,20783.57811253483
570,24,I553,Terrain de camping,2024-07,1303.0,25724.02979912957
571,24,I553,Terrain de camping,2024-08,1303.0,32802.600034045885
572,24,I553,Terrain de camping,2024-09,1303.0,20914.162711767145
573,24,I553,Terrain de camping,2024-10,1303.0,14455.405209372235
574,24,I553,Terrain de camping,2024-11,1303.0,9459.483844101605
575,24,I553,Terrain de camping,2024-12,1303.0,5643.989076981079
576,25,I551,Hôtel,2024-01,1798.0,8012.757777001048
577,25,I551,Hôtel,2024-02,1798.0,13637.399510660609
578,25,I551,Hôtel,2024-03,1798.0,14812.603984620762
579,25,I551,Hôtel,2024-04,1798.0,26024.1803565187
580,25,I551,Hôtel,2024-05,1798.0,43627.10940230689
581,25,I551,Hôtel,2024-06,1798.0,44934.28871024118
582,25,I551,Hôtel,2024-07,1798.0,55957.32960503321
583,25,I551,Hôtel,2024-08,1798.0,70272.83843313946
584,25,I551,Hôtel,2024-09,1798.0,43101.082277116395
585,25,I551,Hôtel,2024-10,1798.0,27482.567471271585
586,25,I551,Hôtel,2024-11,1798.0,16903.354812817197
587,25,I551,Hôtel,2024-12,1798.0,9805.674275449843
588,25,I553,Terrain de camping,2024-01,18602.0,76657.93819469282
589,25,I553,Terrain de camping,2024-02,18602.0,130468.8046137125
590,25,I553,Terrain de camping,2024-03,18602.0,141711.96888226745
591,25,I553,Terrain de camping,2024-04,18602.0,248972.95848174355
592,25,I553,Terrain de camping,2024-05,18602.0,417379.92701769224
593,25,I553,Terrain de camping,2024-06,18602.0,429885.6926212186
594,25,I553,Terrain de camping,2024-07,18602.0,535342.9660278785
595,25,I553,Terrain de camping,2024-08,18602.0,672299.2327105429
596,25,I553,Terrain de camping,2024-09,18602.0,412347.43309065426
597,25,I553,Terrain de camping,2024-10,18602.0,262925.3269943115
598,25,I553,Terrain de camping,2024-11,18602.0,161714.1519294593
599,25,I553,Terrain de camping,2024-12,18602.0,93810.74450076005
600,26,I551,Hôtel,2024-01,1095.0,16438.39088059378
601,26,I551,Hôtel,2024-02,1095.0,18280.676211353406
602,26,I551,Hôtel,2024-03,1095.0,21850.897048424336
603,26,I551,Hôtel,2024-04,1095.0,24165.114431084417
604,26,I551,Hôtel,2024-05,1095.0,32476.867878789944
605,26,I551,Hôtel,2024-06,1095.0,33928.416543877705
606,26,I551,Hôtel,2024-07,1095.0,42287.23781238811
607,26,I551,Hôtel,2024-08,1095.0,42816.54556744298
608,26,I551,Hôtel,2024-09,1095.0,33180.10378262463
609,26,I551,Hôtel,2024-10,1095.0,26685.50492921183
610,26,I551,Hôtel,2024-11,1095.0,17644.73268041644
611,26,I551,Hôtel,2024-12,1095.0,17285.50675880862
612,26,I553,Terrain de camping,2024-01,1723.0,12914.961508595467
613,26,I553,Terrain de camping,2024-02,1723.0,15296.499348747997
614,26,I553,Terrain de camping,2024-03,1723.0,17989.798178038553
615,26,I553,Terrain de camping,2024-04,1723.0,21800.803276970033
616,26,I553,Terrain de camping,2024-05,1723.0,31009.18957243507
617,26,I553,Terrain de camping,2024-06,1723.0,32268.117508476567
618,26,I553,Terrain de camping,2024-07,1723.0,40208.557391671406
619,26,I553,Terrain de camping,2024-08,1723.0,43402.61405015024
620,26,I553,Terrain de camping,2024-09,1723.0,31389.98812086424
621,26,I553,Terrain de camping,2024-10,1723.0,23826.39376721804
622,26,I553,Terrain de camping,2024-11,1723.0,15503.582492978447
623,26,I553,Terrain de camping,2024-12,1723.0,13853.235784134753
624,27,I551,Hôtel,2024-01,2264.0,34220.88251895264
625,27,I551,Hôtel,2024-02,2264.0,37998.0137367538
626,27,I551,Hôtel,2024-03,2264.0,45437.32089109666
627,27,I551,Hôtel,2024-04,2264.0,50131.084580274604
628,27,I551,Hôtel,2024-05,2264.0,67267.70491140248
629,27,I551,Hôtel,2024-06,2264.0,70282.1218682428
630,27,I551,Hôtel,2024-07,2264.0,87597.85467548165
631,27,I551,Hôtel,2024-08,2264.0,88527.02649158904
632,27,I551,Hôtel,2024-09,2264.0,68742.35249748695
633,27,I551,Hôtel,2024-10,2264.0,55375.123652912516
634,27,I551,Hôtel,2024-11,2264.0,36630.19093642137
635,27,I551,Hôtel,2024-12,2264.0,35967.42363942922
636,27,I553,Terrain de camping,2024-01,5437.0,41608.05376043448
637,27,I553,Terrain de camping,2024-02,5437.0,48740.68492947956
638,27,I553,Terrain de camping,2024-03,5437.0,57482.221281723716
639,27,I553,Terrain de camping,2024-04,5437.0,68608.20473298008
640,27,I553,Terrain de camping,2024-05,5437.0,96726.73703732625
641,27,I553,Terrain de camping,2024-06,5437.0,100714.11742142307
642,27,I553,Terrain de camping,2024-07,5437.0,125501.99970738615
643,27,I553,Terrain de camping,2024-08,5437.0,134186.3908343735
644,27,I553,Terrain de camping,2024-09,5437.0,98052.80379233207
645,27,I553,Terrain de camping,2024-10,5437.0,75107.78086085229
646,27,I553,Terrain de camping,2024-11,5437.0,48999.33995174449
647,27,I553,Terrain de camping,2024-12,5437.0,44473.24012454498
648,28,I551,Hôtel,2024-01,990.0,15565.82107805271
649,28,I551,Hôtel,2024-02,990.0,18898.515660284706
650,28,I551,Hôtel,2024-03,990.0,19759.489532922566
651,28,I551,Hôtel,2024-04,990.0,17078.914913415643
652,28,I551,Hôtel,2024-05,990.0,20999.03620202542
653,28,I551,Hôtel,2024-06,990.0,23851.09428022035
654,28,I551,Hôtel,2024-07,990.0,27917.342163320616
655,28,I551,Hôtel,2024-08,990.0,30191.166557063345
656,28,I551,Hôtel,2024-09,990.0,22199.958283354867
657,28,I551,Hôtel,2024-10,990.0,17018.068405710932
658,28,I551,Hôtel,2024-11,990.0,13003.696276931627
659,28,I551,Hôtel,2024-12,990.0,15597.528743993505
660,28,I553,Terrain de camping,2024-01,3012.0,27214.952716053882
661,28,I553,Terrain de camping,2024-02,3012.0,32079.224051881734
662,28,I553,Terrain de camping,2024-03,3012.0,34884.468948074384
663,28,I553,Terrain de camping,2024-04,3012.0,33401.39997138517
664,28,I553,Terrain de camping,2024-05,3012.0,42198.76314683349
665,28,I553,Terrain de camping,2024-06,3012.0,46258.771842760696
666,28,I553,Terrain de camping,2024-07,3012.0,55464.59168489092
667,28,I553,Terrain de camping,2024-08,3012.0,57611.613520858446
668,28,I553,Terrain de camping,2024-09,3012.0,43990.82235454534
669,28,I553,Terrain de camping,2024-10,3012.0,34811.70751695071
670,28,I553,Terrain de camping,2024-11,3012.0,25651.237597313724
671,28,I553,Terrain de camping,2024-12,3012.0,27776.50633644957
672,29,I551,Hôtel,2024-01,1065.0,7842.095711467485
673,29,I551,Hôtel,2024-02,1065.0,9511.755851634192
674,29,I551,Hôtel,2024-03,1065.0,11864.437459937559
675,29,I551,Hôtel,2024-04,1065.0,16737.553182187097
676,29,I551,Hôtel,2024-05,1065.0,24052.721160670382
677,29,I551,Hôtel,2024-06,1065.0,22861.620417182567
678,29,I551,Hôtel,2024-07,1065.0,27995.52351850426
679,29,I551,Hôtel,2024-08,1065.0,36651.0472585111
680,29,I551,Hôtel,2024-09,1065.0,24865.622229852866
681,29,I551,Hôtel,2024-10,1065.0,19216.13138157014
682,29,I551,Hôtel,2024-11,1065.0,13525.457084019974
683,29,I551,Hôtel,2024-12,1065.0,8315.902154528012
684,29,I553,Terrain de camping,2024-01,2668.0,9781.78175593179
685,29,I553,Terrain de camping,2024-02,2668.0,12856.931275821136
686,29,I553,Terrain de camping,2024-03,2668.0,15480.33365649273
687,29,I553,Terrain de camping,2024-04,2668.0,23137.31856586683
688,29,I553,Terrain de camping,2024-05,2668.0,34827.19445457441
689,29,I553,Terrain de camping,2024-06,2668.0,33980.81077636821
690,29,I553,Terrain de camping,2024-07,2668.0,41847.845438624754
691,29,I553,Terrain de camping,2024-08,2668.0,54030.097782165394
692,29,I553,Terrain de camping,2024-09,2668.0,35497.55763943711
693,29,I553,Terrain de camping,2024-10,2668.0,25956.900483075187
694,29,I553,Terrain de camping,2024-11,2668.0,17651.88103312667
695,29,I553,Terrain de camping,2024-12,2668.0,10704.272175614338
696,30,I551,Hôtel,2024-01,644.0,7634.925161385358
697,30,I551,Hôtel,2024-02,644.0,8996.878469364774
698,30,I551,Hôtel,2024-03,644.0,10594.565211264427
699,30,I551,Hôtel,2024-04,644.0,12749.51170365804
700,30,I551,Hôtel,2024-05,644.0,18061.518263377326
701,30,I551,Hôtel,2024-06,644.0,18799.929627767437
702,30,I551,Hôtel,2024-07,644.0,23426.538352517644
703,30,I551,Hôtel,2024-08,644.0,25178.14107154025
704,30,I551,Hôtel,2024-09,644.0,18295.078554318414
705,30,I551,Hôtel,2024-10,644.0,13944.744206185922
706,30,I551,Hôtel,2024-11,644.0,9084.545100317915
707,30,I551,Hôtel,2024-12,644.0,8176.191680264304
708,30,I553,Terrain de camping,2024-01,1912.0,8658.865210811033
709,30,I553,Terrain de camping,2024-02,1912.0,13840.835572524335
710,30,I553,Terrain de camping,2024-03,1912.0,15217.944969510609
711,30,I553,Terrain de camping,2024-04,1912.0,25421.634946659615
712,30,I553,Terrain de camping,2024-05,1912.0,41874.49694126421
713,30,I553,Terrain de camping,2024-06,1912.0,43173.38433975638
714,30,I553,Terrain de camping,2024-07,1912.0,53767.7474267864
715,30,I553,Terrain de camping,2024-08,1912.0,66572.15334061303
716,30,I553,Terrain de camping,2024-09,1912.0,41470.788761173964
717,30,I553,Terrain de camping,2024-10,1912.0,26954.03841236129
718,30,I553,Terrain de camping,2024-11,1912.0,16692.10941329425
719,30,I553,Terrain de camping,2024-12,1912.0,10334.693147867229
720,31,I551,Hôtel,2024-01,20.0,226.3109475620975
721,31,I551,Hôtel,2024-02,20.0,267.5252989880405
722,31,I551,Hôtel,2024-03,20.0,326.7709291628335
723,31,I551,Hôtel,2024-04,20.0,374.60901563937443
724,31,I551,Hôtel,2024-05,20.0,426.8629254829807
725,31,I551,Hôtel,2024-06,20.0,412.5114995400184
726,31,I551,Hôtel,2024-07,20.0,472.493100275989
727,31,I551,Hôtel,2024-08,20.0,475.55120864765405
728,31,I551,Hôtel,2024-09,20.0,447.4401097148114
729,31,I551,Hôtel,2024-10,20.0,379.6762512051518
730,31,I551,Hôtel,2024-11,20.0,327.63407322907085
731,31,I551,Hôtel,2024-12,20.0,255.100142649494
732,31,I553,Terrain de camping,2024-01,0.0,0.0
733,31,I553,Terrain de camping,2024-02,0.0,0.0
734,31,I553,Terrain de camping,2024-03,0.0,0.0
735,31,I553,Terrain de camping,2024-04,0.0,0.0
736,31,I553,Terrain de camping,2024-05,0.0,0.0
737,31,I553,Terrain de camping,2024-06,0.0,0.0
738,31,I553,Terrain de camping,2024-07,0.0,0.0
739,31,I553,Terrain de camping,2024-08,0.0,0.0
740,31,I553,Terrain de camping,2024-09,0.0,0.0
741,31,I553,Terrain de camping,2024-10,0.0,0.0
742,31,I553,Terrain de camping,2024-11,0.0,0.0
743,31,I553,Terrain de camping,2024-12,0.0,0.0
744,32,I551,Hôtel,2024-01,763.0,8633.76264949402
745,32,I551,Hôtel,2024-02,763.0,10206.090156393746
746,32,I551,Hôtel,2024-03,763.0,12466.310947562097
747,32,I551,Hôtel,2024-04,763.0,14291.333946642133
748,32,I551,Hôtel,2024-05,763.0,16284.820607175716
749,32,I551,Hôtel,2024-06,763.0,15737.313707451704
750,32,I551,Hôtel,2024-07,763.0,18025.611775528978
751,32,I551,Hôtel,2024-08,763.0,18142.278609908
752,32,I551,Hôtel,2024-09,763.0,17069.840185620054
753,32,I551,Hôtel,2024-10,763.0,14484.64898347654
754,32,I551,Hôtel,2024-11,763.0,12499.239893689053
755,32,I551,Hôtel,2024-12,763.0,9732.070442078197
756,32,I553,Terrain de camping,2024-01,1372.0,7278.563086449525
757,32,I553,Terrain de camping,2024-02,1372.0,8604.090022518383
758,32,I553,Terrain de camping,2024-03,1372.0,10509.534993117366
759,32,I553,Terrain de camping,2024-04,1372.0,12048.093043911575
760,32,I553,Terrain de camping,2024-05,1372.0,13728.671837856016
761,32,I553,Terrain de camping,2024-06,1372.0,13267.104422617756
762,32,I553,Terrain de camping,2024-07,1372.0,15196.219517075107
763,32,I553,Terrain de camping,2024-08,1372.0,15294.573728164505
764,32,I553,Terrain de camping,2024-09,1372.0,14390.470726448353
765,32,I553,Terrain de camping,2024-10,1372.0,12211.064363402385
766,32,I553,Terrain de camping,2024-11,1372.0,10537.295243368095
767,32,I553,Terrain de camping,2024-12,1372.0,8204.474868044721
768,33,I551,Hôtel,2024-01,304.0,3439.926402943882
769,33,I551,Hôtel,2024-02,304.0,4066.384544618215
770,33,I551,Hôtel,2024-03,304.0,4966.918123275069
771,33,I551,Hôtel,2024-04,304.0,5694.057037718491
772,33,I551,Hôtel,2024-05,304.0,6488.316467341307
773,33,I551,Hôtel,2024-06,304.0,6270.17479300828
774,33,I551,Hôtel,2024-07,304.0,7181.895124195033
775,33,I551,Hôtel,2024-08,304.0,7228.378371444341
776,33,I551,Hôtel,2024-09,304.0,6801.089667665132
777,33,I551,Hôtel,2024-10,304.0,5771.079018318307
778,33,I551,Hôtel,2024-11,304.0,4980.037913081877
779,33,I551,Hôtel,2024-12,304.0,3877.5221682723086
780,33,I553,Terrain de camping,2024-01,644.0,3416.4683875171245
781,33,I553,Terrain de camping,2024-02,644.0,4038.654500365771
782,33,I553,Terrain de camping,2024-03,644.0,4933.047037585702
783,33,I553,Terrain de camping,2024-04,644.0,5655.227347142168
784,33,I553,Terrain de camping,2024-05,644.0,6444.070454503844
785,33,I553,Terrain de camping,2024-06,644.0,6227.416361636906
786,33,I553,Terrain de camping,2024-07,644.0,7132.919365157703
787,33,I553,Terrain de camping,2024-08,644.0,7179.085627505789
788,33,I553,Terrain de camping,2024-09,644.0,6754.710749149227
789,33,I553,Terrain de camping,2024-10,644.0,5731.724088943976
790,33,I553,Terrain de camping,2024-11,644.0,4946.077359131962
791,33,I553,Terrain de camping,2024-12,644.0,3851.0800401026236
792,34,I551,Hôtel,2024-01,681.0,9537.126850101862
793,34,I551,Hôtel,2024-02,681.0,13037.651055856917
794,34,I551,Hôtel,2024-03,681.0,12448.277615506084
795,34,I551,Hôtel,2024-04,681.0,11253.211547744695
796,34,I551,Hôtel,2024-05,681.0,14816.383127561916
797,34,I551,Hôtel,2024-06,681.0,18230.15803081253
798,34,I551,Hôtel,2024-07,681.0,21915.68387292081
799,34,I551,Hôtel,2024-08,681.0,28090.600617303186
800,34,I551,Hôtel,2024-09,681.0,19374.702461119716
801,34,I551,Hôtel,2024-10,681.0,13510.520153810348
802,34,I551,Hôtel,2024-11,681.0,10025.636047067692
803,34,I551,Hôtel,2024-12,681.0,10642.09849246346
804,34,I553,Terrain de camping,2024-01,3937.0,24036.025916133818
805,34,I553,Terrain de camping,2024-02,3937.0,32669.091119262703
806,34,I553,Terrain de camping,2024-03,3937.0,31502.979960535675
807,34,I553,Terrain de camping,2024-04,3937.0,28634.887057223095
808,34,I553,Terrain de camping,2024-05,3937.0,37591.36146579951
809,34,I553,Terrain de camping,2024-06,3937.0,45998.15046011519
810,34,I553,Terrain de camping,2024-07,3937.0,55132.59399900952
811,34,I553,Terrain de camping,2024-08,3937.0,70468.61690601849
812,34,I553,Terrain de camping,2024-09,3937.0,48835.08690889836
813,34,I553,Terrain de camping,2024-10,3937.0,34272.03593574245
814,34,I553,Terrain de camping,2024-11,3937.0,25411.825823500774
815,34,I553,Terrain de camping,2024-12,3937.0,26986.17896302457
816,35,I551,Hôtel,2024-01,876.0,15652.53671085576
817,35,I551,Hôtel,2024-02,876.0,16711.197289425105
818,35,I551,Hôtel,2024-03,876.0,19880.440864979868
819,35,I551,Hôtel,2024-04,876.0,17862.686141010723
820,35,I551,Hôtel,2024-05,876.0,20302.43336527638
821,35,I551,Hôtel,2024-06,876.0,23268.43135264614
822,35,I551,Hôtel,2024-07,876.0,22667.96186262161
823,35,I551,Hôtel,2024-08,876.0,23251.140705776765
824,35,I551,Hôtel,2024-09,876.0,22877.787091864928
825,35,I551,Hôtel,2024-10,876.0,21571.639128167804
826,35,I551,Hôtel,2024-11,876.0,18120.366657938655
827,35,I551,Hôtel,2024-12,876.0,17160.071879347564
828,35,I553,Terrain de camping,2024-01,2613.0,18740.500361342132
829,35,I553,Terrain de camping,2024-02,2613.0,21513.268204589567
830,35,I553,Terrain de camping,2024-03,2613.0,23942.346371001513
831,35,I553,Terrain de camping,2024-04,2613.0,21509.360148558502
832,35,I553,Terrain de camping,2024-05,2613.0,25497.59479895921
833,35,I553,Terrain de camping,2024-06,2613.0,29917.46263347053
834,35,I553,Terrain de camping,2024-07,2613.0,31306.586549964948
835,35,I553,Terrain de camping,2024-08,2613.0,35034.143870754124
836,35,I553,Terrain de camping,2024-09,2613.0,30167.942704094843
837,35,I553,Terrain de camping,2024-10,2613.0,25961.23497037018
838,35,I553,Terrain de camping,2024-11,2613.0,21141.370552301214
839,35,I553,Terrain de camping,2024-12,2613.0,20600.80423565725
840,36,I551,Hôtel,2024-01,2311.0,29245.3256011956
841,36,I551,Hôtel,2024-02,2311.0,34151.62543664991
842,36,I551,Hôtel,2024-03,2311.0,48902.655021662664
843,36,I551,Hôtel,2024-04,2311.0,56138.40586024184
844,36,I551,Hôtel,2024-05,2311.0,71390.96865782046
845,36,I551,Hôtel,2024-06,2311.0,71804.56519179385
846,36,I551,Hôtel,2024-07,2311.0,83456.21924127832
847,36,I551,Hôtel,2024-08,2311.0,102504.28262294186
848,36,I551,Hôtel,2024-09,2311.0,75770.1805496496
849,36,I551,Hôtel,2024-10,2311.0,59154.52318069214
850,36,I551,Hôtel,2024-11,2311.0,38635.814966394835
851,36,I551,Hôtel,2024-12,2311.0,45552.73892911503
852,36,I553,Terrain de camping,2024-01,2229.0,15912.740655433872
853,36,I553,Terrain de camping,2024-02,2229.0,18586.215939281134
854,36,I553,Terrain de camping,2024-03,2229.0,26630.241194337315
855,36,I553,Terrain de camping,2024-04,2229.0,30574.71292460377
856,36,I553,Terrain de camping,2024-05,2229.0,38878.331618318516
857,36,I553,Terrain de camping,2024-06,2229.0,39094.097593307444
858,36,I553,Terrain de camping,2024-07,2229.0,45428.85176524819
859,36,I553,Terrain de camping,2024-08,2229.0,55789.308853003306
860,36,I553,Terrain de camping,2024-09,2229.0,41269.76315102329
861,36,I553,Terrain de camping,2024-10,2229.0,32215.187688388705
862,36,I553,Terrain de camping,2024-11,2229.0,21020.164469206735
863,36,I553,Terrain de camping,2024-12,2229.0,24820.431832240854
864,37,I551,Hôtel,2024-01,9700.0,178660.2194464007
865,37,I551,Hôtel,2024-02,9700.0,184384.697467226
866,37,I551,Hôtel,2024-03,9700.0,226496.60041402787
867,37,I551,Hôtel,2024-04,9700.0,203706.59448182286
868,37,I551,Hôtel,2024-05,9700.0,227264.327191769
869,37,I551,Hôtel,2024-06,9700.0,257262.19015202325
870,37,I551,Hôtel,2024-07,9700.0,241387.93655445392
871,37,I551,Hôtel,2024-08,9700.0,235180.01957311915
872,37,I551,Hôtel,2024-09,9700.0,249779.80150036354
873,37,I551,Hôtel,2024-10,9700.0,246046.66625481859
874,37,I551,Hôtel,2024-11,9700.0,209384.09403550267
875,37,I551,Hôtel,2024-12,9700.0,195703.6257722661
876,37,I553,Terrain de camping,2024-01,752.0,5970.301504479763
877,37,I553,Terrain de camping,2024-02,752.0,6157.932509548819
878,37,I553,Terrain de camping,2024-03,752.0,7562.85432090333
879,37,I553,Terrain de camping,2024-04,752.0,6795.693068650538
880,37,I553,Terrain de camping,2024-05,752.0,7573.021518222344
881,37,I553,Terrain de camping,2024-06,752.0,8579.574052804623
882,37,I553,Terrain de camping,2024-07,752.0,8047.7988233314
883,37,I553,Terrain de camping,2024-08,752.0,7835.194264739558
884,37,I553,Terrain de camping,2024-09,752.0,8327.43156957463
885,37,I553,Terrain de camping,2024-10,752.0,8208.7780133889
886,37,I553,Terrain de camping,2024-11,752.0,6991.1330720671895
887,37,I553,Terrain de camping,2024-12,752.0,6537.366070403892
888,38,I551,Hôtel,2024-01,2199.0,39874.590436590435
889,38,I551,Hôtel,2024-02,2199.0,40633.49688149688
890,38,I551,Hôtel,2024-03,2199.0,51495.91683991684
891,38,I551,Hôtel,2024-04,2199.0,50874.16216216216
892,38,I551,Hôtel,2024-05,2199.0,66948.34927234927
893,38,I551,Hôtel,2024-06,2199.0,65613.4054054054
894,38,I551,Hôtel,2024-07,2199.0,83662.57796257795
895,38,I551,Hôtel,2024-08,2199.0,86348.59171597172
896,38,I551,Hôtel,2024-09,2199.0,68610.25036896548
897,38,I551,Hôtel,2024-10,2199.0,57507.28450609273
898,38,I551,Hôtel,2024-11,2199.0,44247.08556596258
899,38,I551,Hôtel,2024-12,2199.0,40977.095206879836
900,38,I553,Terrain de camping,2024-01,1258.0,9690.282111594255
901,38,I553,Terrain de camping,2024-02,1258.0,9874.710778244638
902,38,I553,Terrain de camping,2024-03,1258.0,12514.484946686274
903,38,I553,Terrain de camping,2024-04,1258.0,12363.386761960659
904,38,I553,Terrain de camping,2024-05,1258.0,16269.719243543483
905,38,I553,Terrain de camping,2024-06,1258.0,15945.302552809077
906,38,I553,Terrain de camping,2024-07,1258.0,20331.593974108564
907,38,I553,Terrain de camping,2024-08,1258.0,20984.34628431469
908,38,I553,Terrain de camping,2024-09,1258.0,16673.592745225928
909,38,I553,Terrain de camping,2024-10,1258.0,13975.361357552334
910,38,I553,Terrain de camping,2024-11,1258.0,10752.881397787973
911,38,I553,Terrain de camping,2024-12,1258.0,9958.211691221462
912,39,I551,Hôtel,2024-01,0.0,0.0
913,39,I551,Hôtel,2024-02,0.0,0.0
914,39,I551,Hôtel,2024-03,0.0,0.0
915,39,I551,Hôtel,2024-04,0.0,0.0
916,39,I551,Hôtel,2024-05,0.0,0.0
917,39,I551,Hôtel,2024-06,0.0,0.0
918,39,I551,Hôtel,2024-07,0.0,0.0
919,39,I551,Hôtel,2024-08,0.0,0.0
920,39,I551,Hôtel,2024-09,0.0,0.0
921,39,I551,Hôtel,2024-10,0.0,0.0
922,39,I551,Hôtel,2024-11,0.0,0.0
923,39,I551,Hôtel,2024-12,0.0,0.0
924,39,I553,Terrain de camping,2024-01,0.0,0.0
925,39,I553,Terrain de camping,2024-02,0.0,0.0
926,39,I553,Terrain de camping,2024-03,0.0,0.0
927,39,I553,Terrain de camping,2024-04,0.0,0.0
928,39,I553,Terrain de camping,2024-05,0.0,0.0
929,39,I553,Terrain de camping,2024-06,0.0,0.0
930,39,I553,Terrain de camping,2024-07,0.0,0.0
931,39,I553,Terrain de camping,2024-08,0.0,0.0
932,39,I553,Terrain de camping,2024-09,0.0,0.0
933,39,I553,Terrain de camping,2024-10,0.0,0.0
934,39,I553,Terrain de camping,2024-11,0.0,0.0
935,39,I553,Terrain de camping,2024-12,0.0,0.0
936,40,I551,Hôtel,2024-01,206.0,3735.4095634095634
937,40,I551,Hôtel,2024-02,206.0,3806.5031185031185
938,40,I551,Hôtel,2024-03,206.0,4824.083160083161
939,40,I551,Hôtel,2024-04,206.0,4765.8378378378375
940,40,I551,Hôtel,2024-05,206.0,6271.650727650727
941,40,I551,Hôtel,2024-06,206.0,6146.594594594594
942,40,I551,Hôtel,2024-07,206.0,7837.422037422038
943,40,I551,Hôtel,2024-08,206.0,8089.044972028274
944,40,I551,Hôtel,2024-09,206.0,6427.335869034512
945,40,I551,Hôtel,2024-10,206.0,5387.221740907276
946,40,I551,Hôtel,2024-11,206.0,4145.020294037422
947,40,I551,Hôtel,2024-12,206.0,3838.691047120167
948,40,I553,Terrain de camping,2024-01,499.0,3843.7605514193433
949,40,I553,Terrain de camping,2024-02,499.0,3916.916278492905
950,40,I553,Terrain de camping,2024-03,499.0,4964.012709377146
951,40,I553,Terrain de camping,2024-04,499.0,4904.077896834951
952,40,I553,Terrain de camping,2024-05,499.0,6453.569079911126
953,40,I553,Terrain de camping,2024-06,499.0,6324.885511805826
954,40,I553,Terrain de camping,2024-07,499.0,8064.757864133682
955,40,I553,Terrain de camping,2024-08,499.0,8323.679487975383
956,40,I553,Terrain de camping,2024-09,499.0,6613.77009528437
957,40,I553,Terrain de camping,2024-10,499.0,5543.485943893971
958,40,I553,Terrain de camping,2024-11,499.0,4265.252637119394
959,40,I553,Terrain de camping,2024-12,499.0,3950.0378648008823
960,41,I551,Hôtel,2024-01,1310.0,16568.060021436228
961,41,I551,Hôtel,2024-02,1310.0,19351.63451232583
962,41,I551,Hôtel,2024-03,1310.0,27726.92926045016
963,41,I551,Hôtel,2024-04,1310.0,31833.842443729904
964,41,I551,Hôtel,2024-05,1310.0,40479.421221864955
965,41,I551,Hôtel,2024-06,1310.0,40704.072883172565
966,41,I551,Hôtel,2024-07,1310.0,47299.705251875675
967,41,I551,Hôtel,2024-08,1310.0,58086.8272565836
968,41,I551,Hôtel,2024-09,1310.0,42969.3368202492
969,41,I551,Hôtel,2024-10,1310.0,33541.87532999196
970,41,I551,Hôtel,2024-11,1310.0,21885.818045262597
971,41,I551,Hôtel,2024-12,1310.0,25842.58822908092
972,41,I553,Terrain de camping,2024-01,6925.0,49736.81221914281
973,41,I553,Terrain de camping,2024-02,6925.0,58047.904251104745
974,41,I553,Terrain de camping,2024-03,6925.0,82984.13402255789
975,41,I553,Terrain de camping,2024-04,6925.0,95227.1768573281
976,41,I553,Terrain de camping,2024-05,6925.0,121128.71157756579
977,41,I553,Terrain de camping,2024-06,6925.0,121910.49592305993
978,41,I553,Terrain de camping,2024-07,6925.0,141768.88489394193
979,41,I553,Terrain de camping,2024-08,6925.0,174195.80878604067
980,41,I553,Terrain de camping,2024-09,6925.0,128503.24958834585
981,41,I553,Terrain de camping,2024-10,6925.0,100361.95188744007
982,41,I553,Terrain de camping,2024-11,6925.0,65724.3679051301
983,41,I553,Terrain de camping,2024-12,6925.0,77177.82956474388
984,42,I551,Hôtel,2024-01,119.0,2027.8155038322584
985,42,I551,Hôtel,2024-02,119.0,2143.158379885643
986,42,I551,Hôtel,2024-03,119.0,2654.951565459864
987,42,I551,Hôtel,2024-04,119.0,2558.865831343029
988,42,I551,Hôtel,2024-05,119.0,3015.4083835776073
989,42,I551,Hôtel,2024-06,119.0,3331.131029816301
990,42,I551,Hôtel,2024-07,119.0,3461.2901279567595
991,42,I551,Hôtel,2024-08,119.0,3805.1144016972307
992,42,I551,Hôtel,2024-09,119.0,3227.4476004890244
993,42,I551,Hôtel,2024-10,119.0,2967.080878120112
994,42,I551,Hôtel,2024-11,119.0,2473.565177947803
995,42,I551,Hôtel,2024-12,119.0,2253.2876260621397
996,42,I553,Terrain de camping,2024-01,550.0,5213.269903023376
997,42,I553,Terrain de camping,2024-02,550.0,5717.012031773896
998,42,I553,Terrain de camping,2024-03,550.0,7171.719769259327
999,42,I553,Terrain de camping,2024-04,550.0,7585.020638193175
1000,42,I553,Terrain de camping,2024-05,550.0,9531.638668309532
1001,42,I553,Terrain de camping,2024-06,550.0,10238.328257917728
1002,42,I553,Terrain de camping,2024-07,550.0,11820.597355365819
1003,42,I553,Terrain de camping,2024-08,550.0,14374.745997888778
1004,42,I553,Terrain de camping,2024-09,550.0,9899.33462360195
1005,42,I553,Terrain de camping,2024-10,550.0,8346.485292073303
1006,42,I553,Terrain de camping,2024-11,550.0,6756.780019803166
1007,42,I553,Terrain de camping,2024-12,550.0,5924.885215860063
1008,43,I551,Hôtel,2024-01,108.0,1365.9163987138263
1009,43,I551,Hôtel,2024-02,108.0,1595.40192926045
1010,43,I551,Hôtel,2024-03,108.0,2285.88424437299
1011,43,I551,Hôtel,2024-04,108.0,2624.469453376206
1012,43,I551,Hôtel,2024-05,108.0,3337.2347266881034
1013,43,I551,Hôtel,2024-06,108.0,3355.7556270096466
1014,43,I551,Hôtel,2024-07,108.0,3899.51768488746
1015,43,I551,Hôtel,2024-08,108.0,4788.837666954983
1016,43,I551,Hôtel,2024-09,108.0,3542.5102111350484
1017,43,I551,Hôtel,2024-10,108.0,2765.2843783504827
1018,43,I551,Hôtel,2024-11,108.0,1804.3269838842446
1019,43,I551,Hôtel,2024-12,108.0,2130.5339914051447
1020,43,I553,Terrain de camping,2024-01,964.0,6881.956927697735
1021,43,I553,Terrain de camping,2024-02,964.0,8038.184013219835
1022,43,I553,Terrain de camping,2024-03,964.0,11517.071561839915
1023,43,I553,Terrain de camping,2024-04,964.0,13222.980376544652
1024,43,I553,Terrain de camping,2024-05,964.0,16814.137137756414
1025,43,I553,Terrain de camping,2024-06,964.0,16907.451807962487
1026,43,I553,Terrain de camping,2024-07,964.0,19647.112203543853
1027,43,I553,Terrain de camping,2024-08,964.0,24127.812352756926
1028,43,I553,Terrain de camping,2024-09,964.0,17848.385678594193
1029,43,I553,Terrain de camping,2024-10,964.0,13932.454433201756
1030,43,I553,Terrain de camping,2024-11,964.0,9090.820344690575
1031,43,I553,Terrain de camping,2024-12,964.0,10734.363520089808
1032,44,I551,Hôtel,2024-01,1645.0,12219.694010416666
1033,44,I551,Hôtel,2024-02,1645.0,15079.166666666668
1034,44,I551,Hôtel,2024-03,1645.0,19213.0859375
1035,44,I551,Hôtel,2024-04,1645.0,24733.902994791668
1036,44,I551,Hôtel,2024-05,1645.0,40878.678385416664
1037,44,I551,Hôtel,2024-06,1645.0,38763.525390625
1038,44,I551,Hôtel,2024-07,1645.0,43679.248046875
1039,44,I551,Hôtel,2024-08,1645.0,58715.387651769204
1040,44,I551,Hôtel,2024-09,1645.0,41457.26344813639
1041,44,I551,Hôtel,2024-10,1645.0,29087.941271735028
1042,44,I551,Hôtel,2024-11,1645.0,16762.44624130371
1043,44,I551,Hôtel,2024-12,1645.0,12953.999409873048
1044,44,I553,Terrain de camping,2024-01,3871.0,17511.45740978081
1045,44,I553,Terrain de camping,2024-02,3871.0,21609.230528458706
1046,44,I553,Terrain de camping,2024-03,3871.0,27533.351965948095
1047,44,I553,Terrain de camping,2024-04,3871.0,35444.97010332058
1048,44,I553,Terrain de camping,2024-05,3871.0,58581.27338574351
1049,44,I553,Terrain de camping,2024-06,3871.0,55550.149075110996
1050,44,I553,Terrain de camping,2024-07,3871.0,62594.635447669614
1051,44,I553,Terrain de camping,2024-08,3871.0,84142.20595755058
1052,44,I553,Terrain de camping,2024-09,3871.0,59410.415889239506
1053,44,I553,Terrain de camping,2024-10,3871.0,41684.53353119804
1054,44,I553,Terrain de camping,2024-11,3871.0,24021.457754024515
1055,44,I553,Terrain de camping,2024-12,3871.0,18563.755259251597
1056,45,I551,Hôtel,2024-01,1053.0,8183.521155737808
1057,45,I551,Hôtel,2024-02,1053.0,9984.992101236265
1058,45,I551,Hôtel,2024-03,1053.0,12720.75595217474
1059,45,I551,Hôtel,2024-04,1053.0,16252.630093983016
1060,45,I551,Hôtel,2024-05,1053.0,26420.70300955171
1061,45,I551,Hôtel,2024-06,1053.0,25230.302634261847
1062,45,I551,Hôtel,2024-07,1053.0,28498.32344752456
1063,45,I551,Hôtel,2024-08,1053.0,38024.89148088555
1064,45,I551,Hôtel,2024-09,1053.0,26786.600433886684
1065,45,I551,Hôtel,2024-10,1053.0,18941.342015205806
1066,45,I551,Hôtel,2024-11,1053.0,11116.622440135321
1067,45,I551,Hôtel,2024-12,1053.0,8688.517191489755
1068,45,I553,Terrain de camping,2024-01,4553.0,22252.252951079397
1069,45,I553,Terrain de camping,2024-02,4553.0,26892.236793851156
1070,45,I553,Terrain de camping,2024-03,4553.0,34282.867072589725
1071,45,I553,Terrain de camping,2024-04,4553.0,43849.08754627141
1072,45,I553,Terrain de camping,2024-05,4553.0,70608.36678114458
1073,45,I553,Terrain de camping,2024-06,4553.0,67693.1383977054
1074,45,I553,Terrain de camping,2024-07,4553.0,76315.77891496642
1075,45,I553,Terrain de camping,2024-08,4553.0,100981.82153925125
1076,45,I553,Terrain de camping,2024-09,4553.0,71494.478660824
1077,45,I553,Terrain de camping,2024-10,4553.0,50701.126610070845
1078,45,I553,Terrain de camping,2024-11,4553.0,29764.95655948888
1079,45,I553,Terrain de camping,2024-12,4553.0,23444.61915362591
1080,46,I551,Hôtel,2024-01,409.0,3038.2096354166665
1081,46,I551,Hôtel,2024-02,409.0,3749.1666666666665
1082,46,I551,Hôtel,2024-03,409.0,4776.9921875
1083,46,I551,Hôtel,2024-04,409.0,6149.645182291667
1084,46,I551,Hôtel,2024-05,409.0,10163.756510416666
1085,46,I551,Hôtel,2024-06,409.0,9637.861328125
1086,46,I551,Hôtel,2024-07,409.0,10860.068359375
1087,46,I551,Hôtel,2024-08,409.0,14598.537112202801
1088,46,I551,Hôtel,2024-09,409.0,10307.611398351237
1089,46,I551,Hôtel,2024-10,409.0,7232.199380024089
1090,46,I551,Hôtel,2024-11,409.0,4167.684202245117
1091,46,I551,Hôtel,2024-12,409.0,3220.7816161933592
1092,46,I553,Terrain de camping,2024-01,1058.0,4786.133283272565
1093,46,I553,Terrain de camping,2024-02,1058.0,5906.1136396562415
1094,46,I553,Terrain de camping,2024-03,1058.0,7525.261270982455
1095,46,I553,Terrain de camping,2024-04,1058.0,9687.620348569664
1096,46,I553,Terrain de camping,2024-05,1058.0,16011.10494500559
1097,46,I553,Terrain de camping,2024-06,1058.0,15182.655055920286
1098,46,I553,Terrain de camping,2024-07,1058.0,17108.01454498436
1099,46,I553,Terrain de camping,2024-08,1058.0,22997.275614334416
1100,46,I553,Terrain de camping,2024-09,1058.0,16237.721521781295
1101,46,I553,Terrain de camping,2024-10,1058.0,11392.982814778488
1102,46,I553,Terrain de camping,2024-11,1058.0,6565.410050053717
1103,46,I553,Terrain de camping,2024-12,1058.0,5073.74142709589
1104,47,I551,Hôtel,2024-01,22.0,163.42447916666666
1105,47,I551,Hôtel,2024-02,22.0,201.66666666666666
1106,47,I551,Hôtel,2024-03,22.0,256.953125
1107,47,I551,Hôtel,2024-04,22.0,330.7877604166667
1108,47,I551,Hôtel,2024-05,22.0,546.7057291666666
1109,47,I551,Hôtel,2024-06,22.0,518.41796875
1110,47,I551,Hôtel,2024-07,22.0,584.16015625
1111,47,I551,Hôtel,2024-08,22.0,785.2513850084637
1112,47,I551,Hôtel,2024-09,22.0,554.4436448990886
1113,47,I551,Hôtel,2024-10,22.0,389.01805956119796
1114,47,I551,Hôtel,2024-11,22.0,224.1786123457031
1115,47,I551,Hôtel,2024-12,22.0,173.24497691015623
1116,47,I553,Terrain de camping,2024-01,55.0,248.80655064271366
1117,47,I553,Terrain de camping,2024-02,55.0,307.02859185358534
1118,47,I553,Terrain de camping,2024-03,55.0,391.19978251799154
1119,47,I553,Terrain de camping,2024-04,55.0,503.60975347006763
1120,47,I553,Terrain de camping,2024-05,55.0,832.3353232280788
1121,47,I553,Terrain de camping,2024-06,55.0,789.2684575383892
1122,47,I553,Terrain de camping,2024-07,55.0,889.3580340020224
1123,47,I553,Terrain de camping,2024-08,55.0,1195.5105470589724
1124,47,I553,Terrain de camping,2024-09,55.0,844.115958126627
1125,47,I553,Terrain de camping,2024-10,55.0,592.262811732341
1126,47,I553,Terrain de camping,2024-11,55.0,341.3020347381422
1127,47,I553,Terrain de camping,2024-12,55.0,263.75782465999424
1128,48,I551,Hôtel,2024-01,3424.0,57736.76659849354
1129,48,I551,Hôtel,2024-02,3424.0,61601.93944231058
1130,48,I551,Hôtel,2024-03,3424.0,76803.01691026089
1131,48,I551,Hôtel,2024-04,3424.0,94053.67785703596
1132,48,I551,Hôtel,2024-05,3424.0,112231.77532797925
1133,48,I551,Hôtel,2024-06,3424.0,115126.81199181922
1134,48,I551,Hôtel,2024-07,3424.0,125777.81413677857
1135,48,I551,Hôtel,2024-08,3424.0,142418.09549297552
1136,48,I551,Hôtel,2024-09,3424.0,109063.38306699415
1137,48,I551,Hôtel,2024-10,3424.0,98743.94305560655
1138,48,I551,Hôtel,2024-11,3424.0,70648.99161126073
1139,48,I551,Hôtel,2024-12,3424.0,63084.99789078864
1140,48,I553,Terrain de camping,2024-01,1248.0,12186.380123931256
1141,48,I553,Terrain de camping,2024-02,1248.0,13002.19417612793
1142,48,I553,Terrain de camping,2024-03,1248.0,16210.654213490023
1143,48,I553,Terrain de camping,2024-04,1248.0,19851.715604204303
1144,48,I553,Terrain de camping,2024-05,1248.0,23688.529107310456
1145,48,I553,Terrain de camping,2024-06,1248.0,24299.57851892043
1146,48,I553,Terrain de camping,2024-07,1248.0,26547.66355184065
1147,48,I553,Terrain de camping,2024-08,1248.0,30059.89338254741
1148,48,I553,Terrain de camping,2024-09,1248.0,23019.783094174807
1149,48,I553,Terrain de camping,2024-10,1248.0,20841.680196251935
1150,48,I553,Terrain de camping,2024-11,1248.0,14911.736799090471
1151,48,I553,Terrain de camping,2024-12,1248.0,13315.220260959517
1152,49,I551,Hôtel,2024-01,10789.0,181928.146854891
1153,49,I551,Hôtel,2024-02,10789.0,194107.27939342544
1154,49,I551,Hôtel,2024-03,10789.0,242005.7679453285
1155,49,I551,Hôtel,2024-04,10789.0,296362.479672769
1156,49,I551,Hôtel,2024-05,10789.0,353641.5373871402
1157,49,I551,Hôtel,2024-06,10789.0,362763.77762258693
1158,49,I551,Hôtel,2024-07,10789.0,396325.01072479674
1159,49,I551,Hôtel,2024-08,10789.0,448758.42064068717
1160,49,I551,Hôtel,2024-09,10789.0,343657.9555811332
1161,49,I551,Hôtel,2024-10,10789.0,311141.47243777424
1162,49,I551,Hôtel,2024-11,10789.0,222614.47736387036
1163,49,I551,Hôtel,2024-12,10789.0,198780.38616931037
1164,49,I553,Terrain de camping,2024-01,2364.0,23083.81619629286
1165,49,I553,Terrain de camping,2024-02,2364.0,24629.156275934638
1166,49,I553,Terrain de camping,2024-03,2364.0,30706.720000553218
1167,49,I553,Terrain de camping,2024-04,2364.0,37603.73051950238
1168,49,I553,Terrain de camping,2024-05,2364.0,44871.540712886155
1169,49,I553,Terrain de camping,2024-06,2364.0,46029.00930987812
1170,49,I553,Terrain de camping,2024-07,2364.0,50287.40115108277
1171,49,I553,Terrain de camping,2024-08,2364.0,56940.37496501769
1172,49,I553,Terrain de camping,2024-09,2364.0,43604.781438004204
1173,49,I553,Terrain de camping,2024-10,2364.0,39478.95191020799
1174,49,I553,Terrain de camping,2024-11,2364.0,28246.270667507913
1175,49,I553,Terrain de camping,2024-12,2364.0,25222.09991739447
1176,50,I551,Hôtel,2024-01,2028.0,34196.89330074325
1177,50,I551,Hôtel,2024-02,2028.0,36486.19544071432
1178,50,I551,Hôtel,2024-03,2028.0,45489.63735222228
1179,50,I551,Hôtel,2024-04,2028.0,55707.02648775378
1180,50,I551,Hôtel,2024-05,2028.0,66473.72674215594
1181,50,I551,Hôtel,2024-06,2028.0,68188.4271960892
1182,50,I551,Hôtel,2024-07,2028.0,74496.90627026488
1183,50,I551,Hôtel,2024-08,2028.0,84352.77384922732
1184,50,I551,Hôtel,2024-09,2028.0,64597.12057823136
1185,50,I551,Hôtel,2024-10,2028.0,58485.022347187514
1186,50,I551,Hôtel,2024-11,2028.0,41844.67143330513
1187,50,I551,Hôtel,2024-12,2028.0,37364.595713352624
1188,50,I553,Terrain de camping,2024-01,2783.0,27175.23708726016
1189,50,I553,Terrain de camping,2024-02,2783.0,28994.47627577246
1190,50,I553,Terrain de camping,2024-03,2783.0,36149.23932383232
1191,50,I553,Terrain de camping,2024-04,2783.0,44268.689524439564
1192,50,I553,Terrain de camping,2024-05,2783.0,52824.66066157452
1193,50,I553,Terrain de camping,2024-06,2783.0,54187.28126454772
1194,50,I553,Terrain de camping,2024-07,2783.0,59200.43883395235
1195,50,I553,Terrain de camping,2024-08,2783.0,67032.59878495948
1196,50,I553,Terrain de camping,2024-09,2783.0,51333.3784864491
1197,50,I553,Terrain de camping,2024-10,2783.0,46476.27883507142
1198,50,I553,Terrain de camping,2024-11,2783.0,33252.69512168973
1199,50,I553,Terrain de camping,2024-12,2783.0,29692.514412059565
1200,51,I551,Hôtel,2024-01,3684.0,61568.377469530235
1201,51,I551,Hôtel,2024-02,3684.0,65656.04671914031
1202,51,I551,Hôtel,2024-03,3684.0,81935.07855889716
1203,51,I551,Hôtel,2024-04,3684.0,100407.73928327255
1204,51,I551,Hôtel,2024-05,3684.0,120249.19197850302
1205,51,I551,Hôtel,2024-06,3684.0,123450.49108240183
1206,51,I551,Hôtel,2024-07,3684.0,134982.1704616926
1207,51,I551,Hôtel,2024-08,3684.0,152855.0074880594
1208,51,I551,Hôtel,2024-09,3684.0,116953.29157553322
1209,51,I551,Hôtel,2024-10,3684.0,105273.64948680093
1210,51,I551,Hôtel,2024-11,3684.0,75082.31511658078
1211,51,I551,Hôtel,2024-12,3684.0,67055.02569458162
1212,51,I553,Terrain de camping,2024-01,2950.0,28731.96976853732
1213,51,I553,Terrain de camping,2024-02,2950.0,30644.30799037367
1214,51,I553,Terrain de camping,2024-03,2950.0,38231.53574278894
1215,51,I553,Terrain de camping,2024-04,2950.0,46841.33665318748
1216,51,I553,Terrain de camping,2024-05,2950.0,56036.803934222524
1217,51,I553,Terrain de camping,2024-06,2950.0,57514.78794081357
1218,51,I553,Terrain de camping,2024-07,2950.0,62871.94336077197
1219,51,I553,Terrain de camping,2024-08,2950.0,71194.68637780042
1220,51,I553,Terrain de camping,2024-09,2950.0,54487.14275790912
1221,51,I553,Terrain de camping,2024-10,2950.0,49131.06145512653
1222,51,I553,Terrain de camping,2024-11,2950.0,35074.16740793437
1223,51,I553,Terrain de camping,2024-12,2950.0,31322.683347510756
1224,52,I551,Hôtel,2024-01,594.0,8419.433141725485
1225,52,I551,Hôtel,2024-02,594.0,8884.794867606446
1226,52,I551,Hôtel,2024-03,594.0,11301.32489372186
1227,52,I551,Hôtel,2024-04,594.0,14039.932071396923
1228,52,I551,Hôtel,2024-05,594.0,18011.27806113661
1229,52,I551,Hôtel,2024-06,594.0,18763.259086071324
1230,52,I551,Hôtel,2024-07,594.0,20818.765694212907
1231,52,I551,Hôtel,2024-08,594.0,23615.91615230831
1232,52,I551,Hôtel,2024-09,594.0,17788.38528051778
1233,52,I551,Hôtel,2024-10,594.0,14332.006725830008
1234,52,I551,Hôtel,2024-11,594.0,9564.960071373333
1235,52,I551,Hôtel,2024-12,594.0,8573.70618244179
1236,52,I553,Terrain de camping,2024-01,931.0,8483.57267527204
1237,52,I553,Terrain de camping,2024-02,931.0,8960.23477384117
1238,52,I553,Terrain de camping,2024-03,931.0,11379.403847267618
1239,52,I553,Terrain de camping,2024-04,931.0,14121.273051776057
1240,52,I553,Terrain de camping,2024-05,931.0,18018.66483387558
1241,52,I553,Terrain de camping,2024-06,931.0,18750.347698849284
1242,52,I553,Terrain de camping,2024-07,931.0,20781.87259756299
1243,52,I553,Terrain de camping,2024-08,931.0,23571.08725188816
1244,52,I553,Terrain de camping,2024-09,931.0,17775.20295485085
1245,52,I553,Terrain de camping,2024-10,931.0,14446.497438091912
1246,52,I553,Terrain de camping,2024-11,931.0,9696.016431073034
1247,52,I553,Terrain de camping,2024-12,931.0,8688.391644007956
1248,53,I551,Hôtel,2024-01,4152.0,51827.90313752299
1249,53,I551,Hôtel,2024-02,4152.0,67332.28418219952
1250,53,I551,Hôtel,2024-03,4152.0,93304.20169890553
1251,53,I551,Hôtel,2024-04,4152.0,108585.592922961
1252,53,I551,Hôtel,2024-05,4152.0,141412.51316104905
1253,53,I551,Hôtel,2024-06,4152.0,145717.9730248413
1254,53,I551,Hôtel,2024-07,4152.0,148447.09227825477
1255,53,I551,Hôtel,2024-08,4152.0,180858.2069132035
1256,53,I551,Hôtel,2024-09,4152.0,135771.7833187606
1257,53,I551,Hôtel,2024-10,4152.0,114096.45198644885
1258,53,I551,Hôtel,2024-11,4152.0,81000.45447881441
1259,53,I551,Hôtel,2024-12,4152.0,63769.088376138054
1260,53,I553,Terrain de camping,2024-01,2641.0,18865.582303073905
1261,53,I553,Terrain de camping,2024-02,2641.0,24153.702067041573
1262,53,I553,Terrain de camping,2024-03,2641.0,33196.16467442001
1263,53,I553,Terrain de camping,2024-04,2641.0,38612.79172611375
1264,53,I553,Terrain de camping,2024-05,2641.0,50235.80807049328
1265,53,I553,Terrain de camping,2024-06,2641.0,51838.738579067154
1266,53,I553,Terrain de camping,2024-07,2641.0,52646.82122672324
1267,53,I553,Terrain de camping,2024-08,2641.0,63725.72815630407
1268,53,I553,Terrain de camping,2024-09,2641.0,48227.08616072307
1269,53,I553,Terrain de camping,2024-10,2641.0,40566.082170804315
1270,53,I553,Terrain de camping,2024-11,2641.0,29030.236539445203
1271,53,I553,Terrain de camping,2024-12,2641.0,22896.9961905583
1272,54,I551,Hôtel,2024-01,5927.0,73121.6623846227
1273,54,I551,Hôtel,2024-02,5927.0,97130.83452278998
1274,54,I551,Hôtel,2024-03,5927.0,136243.73299076981
1275,54,I551,Hôtel,2024-04,5927.0,158679.36530592825
1276,54,I551,Hôtel,2024-05,5927.0,206951.50632790942
1277,54,I551,Hôtel,2024-06,5927.0,212811.39118850508
1278,54,I551,Hôtel,2024-07,5927.0,217774.52754781616
1279,54,I551,Hôtel,2024-08,5927.0,267818.19075767446
1280,54,I551,Hôtel,2024-09,5927.0,198725.89830461508
1281,54,I551,Hôtel,2024-10,5927.0,166770.7261063792
1282,54,I551,Hôtel,2024-11,5927.0,117007.48820145009
1283,54,I551,Hôtel,2024-12,5927.0,91861.63598692701
1284,54,I553,Terrain de camping,2024-01,9009.0,68877.83768702294
1285,54,I553,Terrain de camping,2024-02,9009.0,91493.56888900188
1286,54,I553,Terrain de camping,2024-03,9009.0,128336.43848865507
1287,54,I553,Terrain de camping,2024-04,9009.0,149469.95474927808
1288,54,I553,Terrain de camping,2024-05,9009.0,194940.48407926105
1289,54,I553,Terrain de camping,2024-06,9009.0,200460.2737712639
1290,54,I553,Terrain de camping,2024-07,9009.0,205135.36032464457
1291,54,I553,Terrain de camping,2024-08,9009.0,252274.5964883664
1292,54,I553,Terrain de camping,2024-09,9009.0,187192.27273081825
1293,54,I553,Terrain de camping,2024-10,9009.0,157091.71029620618
1294,54,I553,Terrain de camping,2024-11,9009.0,110216.6241532354
1295,54,I553,Terrain de camping,2024-12,9009.0,86530.18335237609
1296,55,I551,Hôtel,2024-01,574.0,7081.463507469788
1297,55,I551,Hôtel,2024-02,574.0,9406.630507184318
1298,55,I551,Hôtel,2024-03,574.0,13194.517080597583
1299,55,I551,Hôtel,2024-04,574.0,15367.294699781138
1300,55,I551,Hôtel,2024-05,574.0,20042.207631553905
1301,55,I551,Hôtel,2024-06,574.0,20609.707869445236
1302,55,I551,Hôtel,2024-07,574.0,21090.36254638881
1303,55,I551,Hôtel,2024-08,574.0,25936.838450296127
1304,55,I551,Hôtel,2024-09,574.0,19245.59905970121
1305,55,I551,Hôtel,2024-10,574.0,16150.902106472357
1306,55,I551,Hôtel,2024-11,574.0,11331.583976317252
1307,55,I551,Hôtel,2024-12,574.0,8896.335255018745
1308,55,I553,Terrain de camping,2024-01,668.0,5107.159015976393
1309,55,I553,Terrain de camping,2024-02,668.0,6784.071930053641
1310,55,I553,Terrain de camping,2024-03,668.0,9515.899756956553
1311,55,I553,Terrain de camping,2024-04,668.0,11082.90928765876
1312,55,I553,Terrain de camping,2024-05,668.0,14454.461467970517
1313,55,I553,Terrain de camping,2024-06,668.0,14863.74324333492
1314,55,I553,Terrain de camping,2024-07,668.0,15210.391907743655
1315,55,I553,Terrain de camping,2024-08,668.0,18705.67548609488
1316,55,I553,Terrain de camping,2024-09,668.0,13879.946518391229
1317,55,I553,Terrain de camping,2024-10,668.0,11648.047783090879
1318,55,I553,Terrain de camping,2024-11,668.0,8172.350420064518
1319,55,I553,Terrain de camping,2024-12,668.0,6416.046451258434
1320,56,I551,Hôtel,2024-01,111.0,1369.411932629175
1321,56,I551,Hôtel,2024-02,111.0,1819.0522409363402
1322,56,I551,Hôtel,2024-03,111.0,2551.552954610334
1323,56,I551,Hôtel,2024-04,111.0,2971.7242363688265
1324,56,I551,Hôtel,2024-05,111.0,3875.7579217813304
1325,56,I551,Hôtel,2024-06,111.0,3985.5009991435913
1326,56,I551,Hôtel,2024-07,111.0,4078.449900085641
1327,56,I551,Hôtel,2024-08,111.0,5015.660397182701
1328,56,I551,Hôtel,2024-09,111.0,3721.7099226948326
1329,56,I551,Hôtel,2024-10,111.0,3123.258072854411
1330,56,I551,Hôtel,2024-11,111.0,2191.29934036797
1331,56,I551,Hôtel,2024-12,111.0,1720.3714517544963
1332,56,I553,Terrain de camping,2024-01,79.0,603.9903626678667
1333,56,I553,Terrain de camping,2024-02,79.0,802.3079078955653
1334,56,I553,Terrain de camping,2024-03,79.0,1125.3833544903707
1335,56,I553,Terrain de camping,2024-04,79.0,1310.7033438997635
1336,56,I553,Terrain de camping,2024-05,79.0,1709.4348143258544
1337,56,I553,Terrain de camping,2024-06,79.0,1757.8378985381119
1338,56,I553,Terrain de camping,2024-07,79.0,1798.8337735205816
1339,56,I553,Terrain de camping,2024-08,79.0,2212.198148804634
1340,56,I553,Terrain de camping,2024-09,79.0,1641.4906810672262
1341,56,I553,Terrain de camping,2024-10,79.0,1377.538585126017
1342,56,I553,Terrain de camping,2024-11,79.0,966.4905436902649
1343,56,I553,Terrain de camping,2024-12,79.0,758.7839366009225
1344,57,I551,Hôtel,2024-01,15.0,185.05566657151013
1345,57,I551,Hôtel,2024-02,15.0,245.81787039680273
1346,57,I551,Hôtel,2024-03,15.0,344.80445332572083
1347,57,I551,Hôtel,2024-04,15.0,401.5843562660577
1348,57,I551,Hôtel,2024-05,15.0,523.7510705109905
1349,57,I551,Hôtel,2024-06,15.0,538.5812161004853
1350,57,I551,Hôtel,2024-07,15.0,551.1418783899514
1351,57,I551,Hôtel,2024-08,15.0,677.7919455652299
1352,57,I551,Hôtel,2024-09,15.0,502.9337733371396
1353,57,I551,Hôtel,2024-10,15.0,422.0619017370825
1354,57,I551,Hôtel,2024-11,15.0,296.12153248215816
1355,57,I551,Hôtel,2024-12,15.0,232.48262861547246
1356,57,I553,Terrain de camping,2024-01,800.0,6116.35810296574
1357,57,I553,Terrain de camping,2024-02,800.0,8124.637041980408
1358,57,I553,Terrain de camping,2024-03,800.0,11396.287134079705
1359,57,I553,Terrain de camping,2024-04,800.0,13272.94525468115
1360,57,I553,Terrain de camping,2024-05,800.0,17310.73229697068
1361,57,I553,Terrain de camping,2024-06,800.0,17800.890111778346
1362,57,I553,Terrain de camping,2024-07,800.0,18216.03821286665
1363,57,I553,Terrain de camping,2024-08,800.0,22402.006570173507
1364,57,I553,Terrain de camping,2024-09,800.0,16622.6904411871
1365,57,I553,Terrain de camping,2024-10,800.0,13949.757824060933
1366,57,I553,Terrain de camping,2024-11,800.0,9787.246012053314
1367,57,I553,Terrain de camping,2024-12,800.0,7683.887965578962
1368,58,I551,Hôtel,2024-01,23.0,283.75202207631554
1369,58,I551,Hôtel,2024-02,23.0,376.92073460843085
1370,58,I551,Hôtel,2024-03,23.0,528.7001617661052
1371,58,I551,Hôtel,2024-04,23.0,615.7626796079551
1372,58,I551,Hôtel,2024-05,23.0,803.0849747835189
1373,58,I551,Hôtel,2024-06,23.0,825.8245313540774
1374,58,I551,Hôtel,2024-07,23.0,845.0842135312589
1375,58,I551,Hôtel,2024-08,23.0,1039.280983200019
1376,58,I551,Hôtel,2024-09,23.0,771.1651191169474
1377,58,I551,Hôtel,2024-10,23.0,647.1615826635265
1378,58,I551,Hôtel,2024-11,23.0,454.0530164726425
1379,58,I551,Hôtel,2024-12,23.0,356.47336387705775
1380,58,I553,Terrain de camping,2024-01,0.0,0.0
1381,58,I553,Terrain de camping,2024-02,0.0,0.0
1382,58,I553,Terrain de camping,2024-03,0.0,0.0
1383,58,I553,Terrain de camping,2024-04,0.0,0.0
1384,58,I553,Terrain de camping,2024-05,0.0,0.0
1385,58,I553,Terrain de camping,2024-06,0.0,0.0
1386,58,I553,Terrain de camping,2024-07,0.0,0.0
1387,58,I553,Terrain de camping,2024-08,0.0,0.0
1388,58,I553,Terrain de camping,2024-09,0.0,0.0
1389,58,I553,Terrain de camping,2024-10,0.0,0.0
1390,58,I553,Terrain de camping,2024-11,0.0,0.0
1391,58,I553,Terrain de camping,2024-12,0.0,0.0
1392,59,I551,Hôtel,2024-01,616.0,4382.409021014864
1393,59,I551,Hôtel,2024-02,616.0,6841.98872373142
1394,59,I551,Hôtel,2024-03,616.0,6627.288569964121
1395,59,I551,Hôtel,2024-04,616.0,7924.961558175295
1396,59,I551,Hôtel,2024-05,616.0,14858.513582778063
1397,59,I551,Hôtel,2024-06,616.0,16402.460276781138
1398,59,I551,Hôtel,2024-07,616.0,18113.74679651461
1399,59,I551,Hôtel,2024-08,616.0,25176.28317257201
1400,59,I551,Hôtel,2024-09,616.0,14236.804293023066
1401,59,I551,Hôtel,2024-10,616.0,10224.479338447974
1402,59,I551,Hôtel,2024-11,616.0,5793.4761612875445
1403,59,I551,Hôtel,2024-12,616.0,4813.246013256791
1404,59,I553,Terrain de camping,2024-01,1374.0,4193.278331800829
1405,59,I553,Terrain de camping,2024-02,1374.0,6546.71047911556
1406,59,I553,Terrain de camping,2024-03,1374.0,6341.276093984106
1407,59,I553,Terrain de camping,2024-04,1374.0,7582.945686469799
1408,59,I553,Terrain de camping,2024-05,1374.0,14217.267888656124
1409,59,I553,Terrain de camping,2024-06,1374.0,15694.58280526319
1410,59,I553,Terrain de camping,2024-07,1374.0,17332.015698516825
1411,59,I553,Terrain de camping,2024-08,1374.0,24089.755702077357
1412,59,I553,Terrain de camping,2024-09,1374.0,13622.389573805176
1413,59,I553,Terrain de camping,2024-10,1374.0,9783.223669508267
1414,59,I553,Terrain de camping,2024-11,1374.0,5543.448349169804
1415,59,I553,Terrain de camping,2024-12,1374.0,4605.521784076295
1416,60,I551,Hôtel,2024-01,545.0,5302.670896740251
1417,60,I551,Hôtel,2024-02,545.0,6798.447093360401
1418,60,I551,Hôtel,2024-03,545.0,7405.341128586326
1419,60,I551,Hôtel,2024-04,545.0,8392.162336858955
1420,60,I551,Hôtel,2024-05,545.0,13127.222838020838
1421,60,I551,Hôtel,2024-06,545.0,13627.193363851135
1422,60,I551,Hôtel,2024-07,545.0,16009.654743178311
1423,60,I551,Hôtel,2024-08,545.0,19811.173444546923
1424,60,I551,Hôtel,2024-09,545.0,12593.638395109823
1425,60,I551,Hôtel,2024-10,545.0,10239.892165496149
1426,60,I551,Hôtel,2024-11,545.0,7154.183582912748
1427,60,I551,Hôtel,2024-12,545.0,5725.710175655754
1428,60,I553,Terrain de camping,2024-01,3211.0,12981.771727889973
1429,60,I553,Terrain de camping,2024-02,3211.0,16591.555856519448
1430,60,I553,Terrain de camping,2024-03,3211.0,18188.01295725067
1431,60,I553,Terrain de camping,2024-04,3211.0,20542.764584085427
1432,60,I553,Terrain de camping,2024-05,3211.0,32096.792648161834
1433,60,I553,Terrain de camping,2024-06,3211.0,33319.53452881398
1434,60,I553,Terrain de camping,2024-07,3211.0,39141.17141063835
1435,60,I553,Terrain de camping,2024-08,3211.0,48413.385536953116
1436,60,I553,Terrain de camping,2024-09,3211.0,30813.050279974592
1437,60,I553,Terrain de camping,2024-10,3211.0,25092.78179703882
1438,60,I553,Terrain de camping,2024-11,3211.0,17544.662144354737
1439,60,I553,Terrain de camping,2024-12,3211.0,14020.632017634596
1440,61,I551,Hôtel,2024-01,1091.0,7761.7016914402875
1441,61,I551,Hôtel,2024-02,1091.0,12117.872885699642
1442,61,I551,Hôtel,2024-03,1091.0,11737.616606868272
1443,61,I551,Hôtel,2024-04,1091.0,14035.930292157867
1444,61,I551,Hôtel,2024-05,1091.0,26315.971296770887
1445,61,I551,Hôtel,2024-06,1091.0,29050.461301896463
1446,61,I551,Hôtel,2024-07,1091.0,32081.32752434649
1447,61,I551,Hôtel,2024-08,1091.0,44589.813216357245
1448,61,I551,Hôtel,2024-09,1091.0,25214.859551441823
1449,61,I551,Hôtel,2024-10,1091.0,18108.615191958994
1450,61,I551,Hôtel,2024-11,1091.0,10260.848201241413
1451,61,I551,Hôtel,2024-12,1091.0,8524.75876698565
1452,61,I553,Terrain de camping,2024-01,1911.0,5832.13602043041
1453,61,I553,Terrain de camping,2024-02,1911.0,9105.359334490418
1454,61,I553,Terrain de camping,2024-03,1911.0,8819.635091414575
1455,61,I553,Terrain de camping,2024-04,1911.0,10546.586031181794
1456,61,I553,Terrain de camping,2024-05,1911.0,19773.79835168985
1457,61,I553,Terrain de camping,2024-06,1911.0,21828.491805573474
1458,61,I553,Terrain de camping,2024-07,1911.0,24105.88209597209
1459,61,I553,Terrain de camping,2024-08,1911.0,33504.747559439464
1460,61,I553,Terrain de camping,2024-09,1911.0,18946.42392688624
1461,61,I553,Terrain de camping,2024-10,1911.0,13606.79798575713
1462,61,I553,Terrain de camping,2024-11,1911.0,7709.992572971976
1463,61,I553,Terrain de camping,2024-12,1911.0,6405.496455145416
1464,62,I551,Hôtel,2024-01,179.0,1377.3898305084747
1465,62,I551,Hôtel,2024-02,179.0,1626.1694915254238
1466,62,I551,Hôtel,2024-03,179.0,2053.342372881356
1467,62,I551,Hôtel,2024-04,179.0,2838.515254237288
1468,62,I551,Hôtel,2024-05,179.0,4008.386440677966
1469,62,I551,Hôtel,2024-06,179.0,3770.528813559322
1470,62,I551,Hôtel,2024-07,179.0,4606.671186440678
1471,62,I551,Hôtel,2024-08,179.0,6064.8238867830505
1472,62,I551,Hôtel,2024-09,179.0,4166.563716421017
1473,62,I551,Hôtel,2024-10,179.0,3286.0464336101695
1474,62,I551,Hôtel,2024-11,179.0,2340.6171915111863
1475,62,I551,Hôtel,2024-12,179.0,1445.7533419450847
1476,62,I553,Terrain de camping,2024-01,282.0,995.9876159854451
1477,62,I553,Terrain de camping,2024-02,282.0,1175.8796523528606
1478,62,I553,Terrain de camping,2024-03,282.0,1484.7674416276418
1479,62,I553,Terrain de camping,2024-04,282.0,2052.5242588457763
1480,62,I553,Terrain de camping,2024-05,282.0,2898.4555908369393
1481,62,I553,Terrain de camping,2024-06,282.0,2726.4612536271175
1482,62,I553,Terrain de camping,2024-07,282.0,3331.0740002473576
1483,62,I553,Terrain de camping,2024-08,282.0,4385.461073237877
1484,62,I553,Terrain de camping,2024-09,282.0,3012.833237804344
1485,62,I553,Terrain de camping,2024-10,282.0,2376.1330895122583
1486,62,I553,Terrain de camping,2024-11,282.0,1692.4952434469362
1487,62,I553,Terrain de camping,2024-12,282.0,1045.4211236736842
1488,63,I551,Hôtel,2024-01,78.0,1417.1474878444085
1489,63,I551,Hôtel,2024-02,78.0,1273.8735818476498
1490,63,I551,Hôtel,2024-03,78.0,1466.871961102107
1491,63,I551,Hôtel,2024-04,78.0,1595.8184764991897
1492,63,I551,Hôtel,2024-05,78.0,1928.2982171799026
1493,63,I551,Hôtel,2024-06,78.0,1829.2706645056726
1494,63,I551,Hôtel,2024-07,78.0,2213.160453808752
1495,63,I551,Hôtel,2024-08,78.0,2437.1572096369528
1496,63,I551,Hôtel,2024-09,78.0,1943.7156232252837
1497,63,I551,Hôtel,2024-10,78.0,1653.948417656402
1498,63,I551,Hôtel,2024-11,78.0,1405.7304375429494
1499,63,I551,Hôtel,2024-12,78.0,1121.621756554295
1500,63,I553,Terrain de camping,2024-01,455.0,3330.6531535742038
1501,63,I553,Terrain de camping,2024-02,455.0,2993.923426480767
1502,63,I553,Terrain de camping,2024-03,455.0,3447.5181765066327
1503,63,I553,Terrain de camping,2024-04,455.0,3750.5749308907257
1504,63,I553,Terrain de camping,2024-05,455.0,4531.985974057556
1505,63,I553,Terrain de camping,2024-06,455.0,4299.246309742974
1506,63,I553,Terrain de camping,2024-07,455.0,5201.48390204333
1507,63,I553,Terrain de camping,2024-08,455.0,5727.9326362709835
1508,63,I553,Terrain de camping,2024-09,455.0,4568.2207573143705
1509,63,I553,Terrain de camping,2024-10,455.0,3887.194918219532
1510,63,I553,Terrain de camping,2024-11,455.0,3303.820212813105
1511,63,I553,Terrain de camping,2024-12,455.0,2636.0933301778928
1512,64,I551,Hôtel,2024-01,1064.0,19331.34521880065
1513,64,I551,Hôtel,2024-02,1064.0,17376.94219340897
1514,64,I551,Hôtel,2024-03,1064.0,20009.63803349541
1515,64,I551,Hôtel,2024-04,1064.0,21768.60075634792
1516,64,I551,Hôtel,2024-05,1064.0,26303.965424095084
1517,64,I551,Hôtel,2024-06,1064.0,24953.128038897892
1518,64,I551,Hôtel,2024-07,1064.0,30189.77849810913
1519,64,I551,Hôtel,2024-08,1064.0,33245.32398786818
1520,64,I551,Hôtel,2024-09,1064.0,26514.27465527823
1521,64,I551,Hôtel,2024-10,1064.0,22561.552774184765
1522,64,I551,Hôtel,2024-11,1064.0,19175.60494289357
1523,64,I551,Hôtel,2024-12,1064.0,15300.071140689355
1524,64,I553,Terrain de camping,2024-01,825.0,5943.956177508844
1525,64,I553,Terrain de camping,2024-02,825.0,5408.400105007198
1526,64,I553,Terrain de camping,2024-03,825.0,6268.757768524364
1527,64,I553,Terrain de camping,2024-04,825.0,6973.5714374305735
1528,64,I553,Terrain de camping,2024-05,825.0,8636.398996880745
1529,64,I553,Terrain de camping,2024-06,825.0,8251.842852636457
1530,64,I553,Terrain de camping,2024-07,825.0,9927.066293287347
1531,64,I553,Terrain de camping,2024-08,825.0,11289.322000033917
1532,64,I553,Terrain de camping,2024-09,825.0,8871.045376664044
1533,64,I553,Terrain de camping,2024-10,825.0,7364.478121316095
1534,64,I553,Terrain de camping,2024-11,825.0,6069.235492357571
1535,64,I553,Terrain de camping,2024-12,825.0,4827.614698089776
1536,65,I551,Hôtel,2024-01,794.0,13793.1704485894
1537,65,I551,Hôtel,2024-02,794.0,12624.690640514975
1538,65,I551,Hôtel,2024-03,794.0,14812.57870102281
1539,65,I551,Hôtel,2024-04,794.0,16442.514528289794
1540,65,I551,Hôtel,2024-05,794.0,20108.46127333828
1541,65,I551,Hôtel,2024-06,794.0,19326.42722852512
1542,65,I551,Hôtel,2024-07,794.0,23698.318167916565
1543,65,I551,Hôtel,2024-08,794.0,26685.742214188198
1544,65,I551,Hôtel,2024-09,794.0,20447.93659697437
1545,65,I551,Hôtel,2024-10,794.0,17130.945387861597
1546,65,I551,Hôtel,2024-11,794.0,14249.619618843184
1547,65,I551,Hôtel,2024-12,794.0,11349.453560929633
1548,65,I553,Terrain de camping,2024-01,665.0,4387.774168406226
1549,65,I553,Terrain de camping,2024-02,665.0,4461.2765832958285
1550,65,I553,Terrain de camping,2024-03,665.0,5766.789278523565
1551,65,I553,Terrain de camping,2024-04,665.0,7023.772294461909
1552,65,I553,Terrain de camping,2024-05,665.0,9036.798987322989
1553,65,I553,Terrain de camping,2024-06,665.0,9146.154869682168
1554,65,I553,Terrain de camping,2024-07,665.0,11788.687231054137
1555,65,I553,Terrain de camping,2024-08,665.0,14329.1847364893
1556,65,I553,Terrain de camping,2024-09,665.0,9517.912284362017
1557,65,I553,Terrain de camping,2024-10,665.0,7484.370299457361
1558,65,I553,Terrain de camping,2024-11,665.0,5651.005314851791
1559,65,I553,Terrain de camping,2024-12,665.0,4462.653020459453
1560,66,I551,Hôtel,2024-01,1268.0,9487.705828930584
1561,66,I551,Hôtel,2024-02,1268.0,10832.583363840396
1562,66,I551,Hôtel,2024-03,1268.0,13917.189987488906
1563,66,I551,Hôtel,2024-04,1268.0,20559.166495841306
1564,66,I551,Hôtel,2024-05,1268.0,32240.658924193744
1565,66,I551,Hôtel,2024-06,1268.0,32662.991159840967
1566,66,I551,Hôtel,2024-07,1268.0,37526.31957652926
1567,66,I551,Hôtel,2024-08,1268.0,53924.268971141115
1568,66,I551,Hôtel,2024-09,1268.0,38334.3349851663
1569,66,I551,Hôtel,2024-10,1268.0,26132.136430980845
1570,66,I551,Hôtel,2024-11,1268.0,15513.97148432144
1571,66,I551,Hôtel,2024-12,1268.0,11850.46174813459
1572,66,I553,Terrain de camping,2024-01,3670.0,19929.302327761925
1573,66,I553,Terrain de camping,2024-02,3670.0,22680.45117523494
1574,66,I553,Terrain de camping,2024-03,3670.0,29102.36062819917
1575,66,I553,Terrain de camping,2024-04,3670.0,42868.954491079334
1576,66,I553,Terrain de camping,2024-05,3670.0,67103.44940277915
1577,66,I553,Terrain de camping,2024-06,3670.0,67955.80302199766
1578,66,I553,Terrain de camping,2024-07,3670.0,78097.94586235282
1579,66,I553,Terrain de camping,2024-08,3670.0,112065.16770256891
1580,66,I553,Terrain de camping,2024-09,3670.0,79711.53164095672
1581,66,I553,Terrain de camping,2024-10,3670.0,54409.117250167124
1582,66,I553,Terrain de camping,2024-11,3670.0,32392.190178977686
1583,66,I553,Terrain de camping,2024-12,3670.0,24753.276209107284
1584,67,I551,Hôtel,2024-01,592.0,10485.005335708556
1585,67,I551,Hôtel,2024-02,592.0,10071.547063917415
1586,67,I551,Hôtel,2024-03,592.0,14606.642263311312
1587,67,I551,Hôtel,2024-04,592.0,15498.099479326329
1588,67,I551,Hôtel,2024-05,592.0,18169.569161624568
1589,67,I551,Hôtel,2024-06,592.0,18715.70295474895
1590,67,I551,Hôtel,2024-07,592.0,19640.787208345348
1591,67,I551,Hôtel,2024-08,592.0,23395.048004606968
1592,67,I551,Hôtel,2024-09,592.0,19383.0675146218
1593,67,I551,Hôtel,2024-10,592.0,16763.81569516295
1594,67,I551,Hôtel,2024-11,592.0,12585.642341992414
1595,67,I551,Hôtel,2024-12,592.0,11373.386378807323
1596,67,I553,Terrain de camping,2024-01,955.0,7892.657291070195
1597,67,I553,Terrain de camping,2024-02,955.0,7774.493462230244
1598,67,I553,Terrain de camping,2024-03,955.0,11078.516498366605
1599,67,I553,Terrain de camping,2024-04,955.0,12406.26249714138
1600,67,I553,Terrain de camping,2024-05,955.0,15468.595479765521
1601,67,I553,Terrain de camping,2024-06,955.0,15872.336821623858
1602,67,I553,Terrain de camping,2024-07,955.0,16994.14340331594
1603,67,I553,Terrain de camping,2024-08,955.0,21299.037056132154
1604,67,I553,Terrain de camping,2024-09,955.0,16957.181686860375
1605,67,I553,Terrain de camping,2024-10,955.0,13869.71461533327
1606,67,I553,Terrain de camping,2024-11,955.0,9940.381663561364
1607,67,I553,Terrain de camping,2024-12,955.0,8743.421041766538
1608,68,I551,Hôtel,2024-01,3871.0,44819.618983050845
1609,68,I551,Hôtel,2024-02,3871.0,49401.83322033898
1610,68,I551,Hôtel,2024-03,3871.0,67982.63322033899
1611,68,I551,Hôtel,2024-04,3871.0,87177.54440677966
1612,68,I551,Hôtel,2024-05,3871.0,115027.74915254238
1613,68,I551,Hôtel,2024-06,3871.0,119226.79999999999
1614,68,I551,Hôtel,2024-07,3871.0,156992.01355932205
1615,68,I551,Hôtel,2024-08,3871.0,196627.0316281135
1616,68,I551,Hôtel,2024-09,3871.0,123153.19208316054
1617,68,I551,Hôtel,2024-10,3871.0,93961.56915679728
1618,68,I551,Hôtel,2024-11,3871.0,67344.69109396379
1619,68,I551,Hôtel,2024-12,3871.0,52918.86100214237
1620,68,I553,Terrain de camping,2024-01,9801.0,60351.015626791006
1621,68,I553,Terrain de camping,2024-02,9801.0,66521.11009244138
1622,68,I553,Terrain de camping,2024-03,9801.0,91540.73713528481
1623,68,I553,Terrain de camping,2024-04,9801.0,117387.28405496801
1624,68,I553,Terrain de camping,2024-05,9801.0,154888.453854213
1625,68,I553,Terrain de camping,2024-06,9801.0,160542.60685824545
1626,68,I553,Terrain de camping,2024-07,9801.0,211394.645438262
1627,68,I553,Terrain de camping,2024-08,9801.0,264764.4341404451
1628,68,I553,Terrain de camping,2024-09,9801.0,165829.6163274098
1629,68,I553,Terrain de camping,2024-10,9801.0,126522.18508693972
1630,68,I553,Terrain de camping,2024-11,9801.0,90681.72815414162
1631,68,I553,Terrain de camping,2024-12,9801.0,71256.89775497689
1632,69,I551,Hôtel,2024-01,604.0,6993.296271186441
1633,69,I551,Hôtel,2024-02,604.0,7708.268474576272
1634,69,I551,Hôtel,2024-03,604.0,10607.468474576273
1635,69,I551,Hôtel,2024-04,604.0,13602.489491525424
1636,69,I551,Hôtel,2024-05,604.0,17948.013559322033
1637,69,I551,Hôtel,2024-06,604.0,18603.2
1638,69,I551,Hôtel,2024-07,604.0,24495.783050847458
1639,69,I551,Hôtel,2024-08,604.0,30680.115500744138
1640,69,I551,Hôtel,2024-09,604.0,19215.84293935132
1641,69,I551,Hôtel,2024-10,604.0,14661.014665643388
1642,69,I551,Hôtel,2024-11,604.0,10507.929067619254
1643,69,I551,Hôtel,2024-12,604.0,8257.037469722034
1644,69,I553,Terrain de camping,2024-01,2035.0,12530.79449041115
1645,69,I553,Terrain de camping,2024-02,2035.0,13811.902768913194
1646,69,I553,Terrain de camping,2024-03,2035.0,19006.77482606924
1647,69,I553,Terrain de camping,2024-04,2035.0,24373.34180714824
1648,69,I553,Terrain de camping,2024-05,2035.0,32159.77998095332
1649,69,I553,Terrain de camping,2024-06,2035.0,33333.762366751296
1650,69,I553,Terrain de camping,2024-07,2035.0,43892.26644902185
1651,69,I553,Terrain de camping,2024-08,2035.0,54973.53570817322
1652,69,I553,Terrain de camping,2024-09,2035.0,34431.51405226803
1653,69,I553,Terrain de camping,2024-10,2035.0,26270.038429948203
1654,69,I553,Terrain de camping,2024-11,2035.0,18828.417181275192
1655,69,I553,Terrain de camping,2024-12,2035.0,14795.203237565347
1656,70,I551,Hôtel,2024-01,870.0,10073.125423728814
1657,70,I551,Hôtel,2024-02,870.0,11102.969491525424
1658,70,I551,Hôtel,2024-03,870.0,15278.969491525426
1659,70,I551,Hôtel,2024-04,870.0,19592.989830508475
1660,70,I551,Hôtel,2024-05,870.0,25852.27118644068
1661,70,I551,Hôtel,2024-06,870.0,26796.0
1662,70,I551,Hôtel,2024-07,870.0,35283.661016949154
1663,70,I551,Hôtel,2024-08,870.0,44191.55709544271
1664,70,I551,Hôtel,2024-09,870.0,27678.44926694644
1665,70,I551,Hôtel,2024-10,870.0,21117.686687267793
1666,70,I551,Hôtel,2024-11,870.0,15135.593193425084
1667,70,I551,Hôtel,2024-12,870.0,11893.414898440678
1668,70,I553,Terrain de camping,2024-01,975.0,6003.697605970945
1669,70,I553,Terrain de camping,2024-02,975.0,6617.496412624258
1670,70,I553,Terrain de camping,2024-03,975.0,9106.440027232191
1671,70,I553,Terrain de camping,2024-04,975.0,11677.645337577167
1672,70,I553,Terrain de camping,2024-05,975.0,15408.248393822843
1673,70,I553,Terrain de camping,2024-06,975.0,15970.721527067575
1674,70,I553,Terrain de camping,2024-07,975.0,21029.464269187374
1675,70,I553,Terrain de camping,2024-08,975.0,26338.67189949331
1676,70,I553,Terrain de camping,2024-09,975.0,16496.67135182375
1677,70,I553,Terrain de camping,2024-10,975.0,12586.382048746682
1678,70,I553,Terrain de camping,2024-11,975.0,9020.986118792784
1679,70,I553,Terrain de camping,2024-12,975.0,7088.610887777008
1680,71,I551,Hôtel,2024-01,1918.0,22207.18915254237
1681,71,I551,Hôtel,2024-02,1918.0,24477.581016949152
1682,71,I551,Hôtel,2024-03,1918.0,33683.98101694916
1683,71,I551,Hôtel,2024-04,1918.0,43194.66033898305
1684,71,I551,Hôtel,2024-05,1918.0,56993.85762711865
1685,71,I551,Hôtel,2024-06,1918.0,59074.4
1686,71,I551,Hôtel,2024-07,1918.0,77786.2779661017
1687,71,I551,Hôtel,2024-08,1918.0,97424.60518282659
1688,71,I551,Hôtel,2024-09,1918.0,61019.84562529111
1689,71,I551,Hôtel,2024-10,1918.0,46556.0035243444
1690,71,I551,Hôtel,2024-11,1918.0,33367.89395975783
1691,71,I551,Hôtel,2024-12,1918.0,26220.195143918645
1692,71,I553,Terrain de camping,2024-01,36905.0,227247.65143421304
1693,71,I553,Terrain de camping,2024-02,36905.0,250480.72318758792
1694,71,I553,Terrain de camping,2024-03,36905.0,344690.4299538502
1695,71,I553,Terrain de camping,2024-04,36905.0,442013.84736747213
1696,71,I553,Terrain de camping,2024-05,36905.0,583221.9558708022
1697,71,I553,Terrain de camping,2024-06,36905.0,604512.2850835167
1698,71,I553,Terrain de camping,2024-07,36905.0,795992.1834403693
1699,71,I553,Terrain de camping,2024-08,36905.0,996952.4989238981
1700,71,I553,Terrain de camping,2024-09,36905.0,624420.160245185
1701,71,I553,Terrain de camping,2024-10,36905.0,476410.6969323039
1702,71,I553,Terrain de camping,2024-11,36905.0,341455.8899631258
1703,71,I553,Terrain de camping,2024-12,36905.0,268313.0100650364
1704,72,I551,Hôtel,2024-01,10.0,115.78305084745763
1705,72,I551,Hôtel,2024-02,10.0,127.62033898305084
1706,72,I551,Hôtel,2024-03,10.0,175.62033898305089
1707,72,I551,Hôtel,2024-04,10.0,225.20677966101695
1708,72,I551,Hôtel,2024-05,10.0,297.1525423728813
1709,72,I551,Hôtel,2024-06,10.0,308.0
1710,72,I551,Hôtel,2024-07,10.0,405.5593220338983
1711,72,I551,Hôtel,2024-08,10.0,507.94893213152545
1712,72,I551,Hôtel,2024-09,10.0,318.1430950223729
1713,72,I551,Hôtel,2024-10,10.0,242.73203088813557
1714,72,I551,Hôtel,2024-11,10.0,173.97233555661015
1715,72,I551,Hôtel,2024-12,10.0,136.70591837288134
1716,72,I553,Terrain de camping,2024-01,77.0,474.13816990744897
1717,72,I553,Terrain de camping,2024-02,77.0,522.6125372021208
1718,72,I553,Terrain de camping,2024-03,77.0,719.1752636891063
1719,72,I553,Terrain de camping,2024-04,77.0,922.2345548650685
1720,72,I553,Terrain de camping,2024-05,77.0,1216.8565398198552
1721,72,I553,Terrain de camping,2024-06,77.0,1261.277494958157
1722,72,I553,Terrain de camping,2024-07,77.0,1660.788460233259
1723,72,I553,Terrain de camping,2024-08,77.0,2080.079729498446
1724,72,I553,Terrain de camping,2024-09,77.0,1302.8140452209523
1725,72,I553,Terrain de camping,2024-10,77.0,994.0014541061482
1726,72,I553,Terrain de camping,2024-11,77.0,712.4265960482505
1727,72,I553,Terrain de camping,2024-12,77.0,559.8185008808509
1728,73,I551,Hôtel,2024-01,11598.0,206142.28803636614
1729,73,I551,Hôtel,2024-02,11598.0,197818.63213719954
1730,73,I551,Hôtel,2024-03,11598.0,287006.3654521661
1731,73,I551,Hôtel,2024-04,11598.0,304061.0730766582
1732,73,I551,Hôtel,2024-05,11598.0,356079.92836972245
1733,73,I551,Hôtel,2024-06,11598.0,366760.089537847
1734,73,I551,Hôtel,2024-07,11598.0,383910.6550037881
1735,73,I551,Hôtel,2024-08,11598.0,456998.38178927434
1736,73,I551,Hôtel,2024-09,11598.0,379847.99123710225
1737,73,I551,Hôtel,2024-10,11598.0,328903.7726552143
1738,73,I551,Hôtel,2024-11,11598.0,247026.69145692265
1739,73,I551,Hôtel,2024-12,11598.0,223476.49501132104
1740,73,I553,Terrain de camping,2024-01,10643.0,96045.18782298503
1741,73,I553,Terrain de camping,2024-02,10643.0,92167.0553843448
1742,73,I553,Terrain de camping,2024-03,10643.0,133721.13280989032
1743,73,I553,Terrain de camping,2024-04,10643.0,141667.2103113269
1744,73,I553,Terrain de camping,2024-05,10643.0,165903.67714474854
1745,73,I553,Terrain de camping,2024-06,10643.0,170879.74535056623
1746,73,I553,Terrain de camping,2024-07,10643.0,178870.48464592194
1747,73,I553,Terrain de camping,2024-08,10643.0,212923.29600032323
1748,73,I553,Terrain de camping,2024-09,10643.0,176977.6207010716
1749,73,I553,Terrain de camping,2024-10,10643.0,153241.84533542002
1750,73,I553,Terrain de camping,2024-11,10643.0,115093.9247074098
1751,73,I553,Terrain de camping,2024-12,10643.0,104121.48881164166
1752,74,I551,Hôtel,2024-01,1380.0,25394.879089615933
1753,74,I551,Hôtel,2024-02,1380.0,26337.126600284497
1754,74,I551,Hôtel,2024-03,1380.0,31774.679943100997
1755,74,I551,Hôtel,2024-04,1380.0,35903.55618776671
1756,74,I551,Hôtel,2024-05,1380.0,41530.86770981508
1757,74,I551,Hôtel,2024-06,1380.0,43029.30298719773
1758,74,I551,Hôtel,2024-07,1380.0,52608.81934566145
1759,74,I551,Hôtel,2024-08,1380.0,54940.52772933143
1760,74,I551,Hôtel,2024-09,1380.0,43122.46520566145
1761,74,I551,Hôtel,2024-10,1380.0,37486.34034338549
1762,74,I551,Hôtel,2024-11,1380.0,25581.992175931722
1763,74,I551,Hôtel,2024-12,1380.0,27926.65866799431
1764,74,I553,Terrain de camping,2024-01,923.0,4233.038970471494
1765,74,I553,Terrain de camping,2024-02,923.0,4390.10096782988
1766,74,I553,Terrain de camping,2024-03,923.0,5296.479577585565
1767,74,I553,Terrain de camping,2024-04,923.0,5984.716524343491
1768,74,I553,Terrain de camping,2024-05,923.0,6922.72567523385
1769,74,I553,Terrain de camping,2024-06,923.0,7172.497879366285
1770,74,I553,Terrain de camping,2024-07,923.0,8769.29485250987
1771,74,I553,Terrain de camping,2024-08,923.0,9157.964253967513
1772,74,I553,Terrain de camping,2024-09,923.0,7188.026966941023
1773,74,I553,Terrain de camping,2024-10,923.0,6248.548731968325
1774,74,I553,Terrain de camping,2024-11,923.0,4264.228604549486
1775,74,I553,Terrain de camping,2024-12,923.0,4655.057976039505
1776,75,I551,Hôtel,2024-01,39.0,717.6813655761024
1777,75,I551,Hôtel,2024-02,39.0,744.3100995732575
1778,75,I551,Hôtel,2024-03,39.0,897.9800853485063
1779,75,I551,Hôtel,2024-04,39.0,1014.6657183499289
1780,75,I551,Hôtel,2024-05,39.0,1173.6984352773825
1781,75,I551,Hôtel,2024-06,39.0,1216.045519203414
1782,75,I551,Hôtel,2024-07,39.0,1486.7709815078238
1783,75,I551,Hôtel,2024-08,39.0,1552.6670880028448
1784,75,I551,Hôtel,2024-09,39.0,1218.6783645078235
1785,75,I551,Hôtel,2024-10,39.0,1059.3965749217639
1786,75,I551,Hôtel,2024-11,39.0,722.9693441024182
1787,75,I551,Hôtel,2024-12,39.0,789.2316580085349
1788,75,I553,Terrain de camping,2024-01,55.0,252.2395919565896
1789,75,I553,Terrain de camping,2024-02,55.0,261.59864922063207
1790,75,I553,Terrain de camping,2024-03,55.0,315.60820884854394
1791,75,I553,Terrain de camping,2024-04,55.0,356.6190778319523
1792,75,I553,Terrain de camping,2024-05,55.0,412.5134476033172
1793,75,I553,Terrain de camping,2024-06,55.0,427.3969483912737
1794,75,I553,Terrain de camping,2024-07,55.0,522.547363909039
1795,75,I553,Terrain de camping,2024-08,55.0,545.7075124249332
1796,75,I553,Terrain de camping,2024-09,55.0,428.32230030526136
1797,75,I553,Terrain de camping,2024-10,55.0,372.34039031230543
1798,75,I553,Terrain de camping,2024-11,55.0,254.0981291985067
1799,75,I553,Terrain de camping,2024-12,55.0,277.386986654575
1800,76,I551,Hôtel,2024-01,71.0,1306.5481270744428
1801,76,I551,Hôtel,2024-02,71.0,1355.0260787102893
1802,76,I551,Hôtel,2024-03,71.0,1634.7842579421526
1803,76,I551,Hôtel,2024-04,71.0,1847.2119487908963
1804,76,I551,Hôtel,2024-05,71.0,2136.733048838312
1805,76,I551,Hôtel,2024-06,71.0,2213.8264580369846
1806,76,I551,Hôtel,2024-07,71.0,2706.6856330014225
1807,76,I551,Hôtel,2024-08,71.0,2826.6503396974867
1808,76,I551,Hôtel,2024-09,71.0,2218.619586668089
1809,76,I551,Hôtel,2024-10,71.0,1928.6450466524418
1810,76,I551,Hôtel,2024-11,71.0,1316.1749597761973
1811,76,I551,Hôtel,2024-12,71.0,1436.8063517591274
1812,76,I553,Terrain de camping,2024-01,220.0,1008.9583678263584
1813,76,I553,Terrain de camping,2024-02,220.0,1046.3945968825283
1814,76,I553,Terrain de camping,2024-03,220.0,1262.4328353941758
1815,76,I553,Terrain de camping,2024-04,220.0,1426.4763113278093
1816,76,I553,Terrain de camping,2024-05,220.0,1650.0537904132689
1817,76,I553,Terrain de camping,2024-06,220.0,1709.587793565095
1818,76,I553,Terrain de camping,2024-07,220.0,2090.189455636156
1819,76,I553,Terrain de camping,2024-08,220.0,2182.830049699732
1820,76,I553,Terrain de camping,2024-09,220.0,1713.2892012210455
1821,76,I553,Terrain de camping,2024-10,220.0,1489.3615612492217
1822,76,I553,Terrain de camping,2024-11,220.0,1016.3925167940267
1823,76,I553,Terrain de camping,2024-12,220.0,1109.5479466183
1824,77,I551,Hôtel,2024-01,180.0,3312.375533428165
1825,77,I551,Hôtel,2024-02,180.0,3435.2773826458033
1826,77,I551,Hôtel,2024-03,180.0,4144.52347083926
1827,77,I551,Hôtel,2024-04,180.0,4683.072546230442
1828,77,I551,Hôtel,2024-05,180.0,5417.0697012802275
1829,77,I551,Hôtel,2024-06,180.0,5612.517780938833
1830,77,I551,Hôtel,2024-07,180.0,6862.019914651494
1831,77,I551,Hôtel,2024-08,180.0,7166.155790782361
1832,77,I551,Hôtel,2024-09,180.0,5624.669374651493
1833,77,I551,Hôtel,2024-10,180.0,4889.522653485064
1834,77,I551,Hôtel,2024-11,180.0,3336.7815881650067
1835,77,I551,Hôtel,2024-12,180.0,3642.6076523470847
1836,77,I553,Terrain de camping,2024-01,281.0,1288.7150061782122
1837,77,I553,Terrain de camping,2024-02,281.0,1336.5312805635929
1838,77,I553,Terrain de camping,2024-03,281.0,1612.471030662561
1839,77,I553,Terrain de camping,2024-04,281.0,1821.9992885596112
1840,77,I553,Terrain de camping,2024-05,281.0,2107.568705027857
1841,77,I553,Terrain de camping,2024-06,281.0,2183.609863599053
1842,77,I553,Terrain de camping,2024-07,281.0,2669.7419865170896
1843,77,I553,Terrain de camping,2024-08,281.0,2788.0692907528396
1844,77,I553,Terrain de camping,2024-09,281.0,2188.337570650517
1845,77,I553,Terrain de camping,2024-10,281.0,1902.3209032319603
1846,77,I553,Terrain de camping,2024-11,281.0,1298.210441905098
1847,77,I553,Terrain de camping,2024-12,281.0,1417.1953318170106
1848,78,I551,Hôtel,2024-01,1402.0,20289.30174886802
1849,78,I551,Hôtel,2024-02,1402.0,22153.45203653907
1850,78,I551,Hôtel,2024-03,1402.0,26333.943165799516
1851,78,I551,Hôtel,2024-04,1402.0,29318.553858680272
1852,78,I551,Hôtel,2024-05,1402.0,32792.12525608722
1853,78,I551,Hôtel,2024-06,1402.0,33432.100845593115
1854,78,I551,Hôtel,2024-07,1402.0,39351.396248823425
1855,78,I551,Hôtel,2024-08,1402.0,44127.83278553351
1856,78,I551,Hôtel,2024-09,1402.0,35048.94208403903
1857,78,I551,Hôtel,2024-10,1402.0,30897.06332764982
1858,78,I551,Hôtel,2024-11,1402.0,24510.351823577486
1859,78,I551,Hôtel,2024-12,1402.0,23418.439934210583
1860,78,I553,Terrain de camping,2024-01,2025.0,9155.922066608031
1861,78,I553,Terrain de camping,2024-02,2025.0,9978.86975184164
1862,78,I553,Terrain de camping,2024-03,2025.0,11868.089439607913
1863,78,I553,Terrain de camping,2024-04,2025.0,13220.118999989483
1864,78,I553,Terrain de camping,2024-05,2025.0,14804.453217919277
1865,78,I553,Terrain de camping,2024-06,2025.0,15102.421525225363
1866,78,I553,Terrain de camping,2024-07,2025.0,17802.146551726222
1867,78,I553,Terrain de camping,2024-08,2025.0,19909.66653495843
1868,78,I553,Terrain de camping,2024-09,2025.0,15806.6741652211
1869,78,I553,Terrain de camping,2024-10,2025.0,13927.285376636075
1870,78,I553,Terrain de camping,2024-11,2025.0,10993.760691240832
1871,78,I553,Terrain de camping,2024-12,2025.0,10549.800713720293
1872,79,I551,Hôtel,2024-01,438.0,8036.41305289336
1873,79,I551,Hôtel,2024-02,438.0,8339.374784655747
1874,79,I551,Hôtel,2024-03,438.0,10059.427371962804
1875,79,I551,Hôtel,2024-04,438.0,11364.692108246698
1876,79,I551,Hôtel,2024-05,438.0,13141.10260106984
1877,79,I551,Hôtel,2024-06,438.0,13612.897883996096
1878,79,I551,Hôtel,2024-07,438.0,16636.953343201472
1879,79,I551,Hôtel,2024-08,438.0,17387.37238798186
1880,79,I551,Hôtel,2024-09,438.0,13649.013832246128
1881,79,I551,Hôtel,2024-10,438.0,11866.92712201774
1882,79,I551,Hôtel,2024-11,438.0,8113.13855609128
1883,79,I551,Hôtel,2024-12,438.0,8842.37356120269
1884,79,I553,Terrain de camping,2024-01,207.0,947.1083707246646
1885,79,I553,Terrain de camping,2024-02,207.0,990.4695821878656
1886,79,I553,Terrain de camping,2024-03,207.0,1192.0525612556953
1887,79,I553,Terrain de camping,2024-04,207.0,1343.716357868942
1888,79,I553,Terrain de camping,2024-05,207.0,1546.0264455761194
1889,79,I553,Terrain de camping,2024-06,207.0,1597.7896956607767
1890,79,I553,Terrain de camping,2024-07,207.0,1942.2327909723842
1891,79,I553,Terrain de camping,2024-08,207.0,2050.743796464461
1892,79,I553,Terrain de camping,2024-09,207.0,1612.6724015797943
1893,79,I553,Terrain de camping,2024-10,207.0,1405.068700258578
1894,79,I553,Terrain de camping,2024-11,207.0,984.2014516818015
1895,79,I553,Terrain de camping,2024-12,207.0,1049.71479862188
1896,80,I551,Hôtel,2024-01,520.0,6214.634146341464
1897,80,I551,Hôtel,2024-02,520.0,7128.322548531608
1898,80,I551,Hôtel,2024-03,520.0,8274.962667994027
1899,80,I551,Hôtel,2024-04,520.0,9129.118964659034
1900,80,I551,Hôtel,2024-05,520.0,12543.155798904929
1901,80,I551,Hôtel,2024-06,520.0,12320.557491289199
1902,80,I551,Hôtel,2024-07,520.0,15304.927824788452
1903,80,I551,Hôtel,2024-08,520.0,16977.695814753606
1904,80,I551,Hôtel,2024-09,520.0,12031.410527386759
1905,80,I551,Hôtel,2024-10,520.0,10723.153688103535
1906,80,I551,Hôtel,2024-11,520.0,8448.809028133399
1907,80,I551,Hôtel,2024-12,520.0,6650.058894395222
1908,80,I553,Terrain de camping,2024-01,3488.0,16962.741648420015
1909,80,I553,Terrain de camping,2024-02,3488.0,19456.639108600044
1910,80,I553,Terrain de camping,2024-03,3488.0,22586.374448146096
1911,80,I553,Terrain de camping,2024-04,3488.0,24917.780005821485
1912,80,I553,Terrain de camping,2024-05,3488.0,34236.33737119674
1913,80,I553,Terrain de camping,2024-06,3488.0,33628.75895313588
1914,80,I553,Terrain de camping,2024-07,3488.0,41774.54867434717
1915,80,I553,Terrain de camping,2024-08,3488.0,46340.341379655474
1916,80,I553,Terrain de camping,2024-09,3488.0,32839.53707271522
1917,80,I553,Terrain de camping,2024-10,3488.0,29268.671555618927
1918,80,I553,Terrain de camping,2024-11,3488.0,23060.88522772246
1919,80,I553,Terrain de camping,2024-12,3488.0,18151.22633386403
1920,81,I551,Hôtel,2024-01,1333.0,15333.312211796849
1921,81,I551,Hôtel,2024-02,1333.0,17587.60209742459
1922,81,I551,Hôtel,2024-03,1333.0,20556.734864029564
1923,81,I551,Hôtel,2024-04,1333.0,23221.457647789783
1924,81,I551,Hôtel,2024-05,1333.0,32325.651533652075
1925,81,I551,Hôtel,2024-06,1333.0,31856.576350414718
1926,81,I551,Hôtel,2024-07,1333.0,39256.2595836485
1927,81,I551,Hôtel,2024-08,1333.0,44828.570068599714
1928,81,I551,Hôtel,2024-09,1333.0,31777.566973683446
1929,81,I551,Hôtel,2024-10,1333.0,27486.070672011192
1930,81,I551,Hôtel,2024-11,1333.0,21125.896820433973
1931,81,I551,Hôtel,2024-12,1333.0,16590.394547928357
1932,81,I553,Terrain de camping,2024-01,1098.0,5461.8903085046195
1933,81,I553,Terrain de camping,2024-02,1098.0,6264.848858379944
1934,81,I553,Terrain de camping,2024-03,1098.0,7457.020120895402
1935,81,I553,Terrain de camping,2024-04,1098.0,8941.593177189221
1936,81,I553,Terrain de camping,2024-05,1098.0,12838.621816388255
1937,81,I553,Terrain de camping,2024-06,1098.0,12748.522449164138
1938,81,I553,Terrain de camping,2024-07,1098.0,15419.312130399923
1939,81,I553,Terrain de camping,2024-08,1098.0,18792.54226560339
1940,81,I553,Terrain de camping,2024-09,1098.0,13329.847461628722
1941,81,I553,Terrain de camping,2024-10,1098.0,10779.325094556849
1942,81,I553,Terrain de camping,2024-11,1098.0,7794.483065368932
1943,81,I553,Terrain de camping,2024-12,1098.0,6085.256789645316
1944,82,I551,Hôtel,2024-01,18.0,133.00026295030239
1945,82,I551,Hôtel,2024-02,18.0,152.54798843018668
1946,82,I551,Hôtel,2024-03,18.0,196.32921377859583
1947,82,I551,Hôtel,2024-04,18.0,291.1806468577439
1948,82,I551,Hôtel,2024-05,18.0,457.78595845385223
1949,82,I551,Hôtel,2024-06,18.0,464.03365763870625
1950,82,I551,Hôtel,2024-07,18.0,532.9003418353932
1951,82,I551,Hôtel,2024-08,18.0,767.2634937475676
1952,82,I551,Hôtel,2024-09,18.0,545.0151013378911
1953,82,I551,Hôtel,2024-10,18.0,370.8671211717066
1954,82,I551,Hôtel,2024-11,18.0,219.31829281514592
1955,82,I551,Hôtel,2024-12,18.0,167.43127905863793
1956,82,I553,Terrain de camping,2024-01,188.0,1011.154256805252
1957,82,I553,Terrain de camping,2024-02,188.0,1159.7687436595468
1958,82,I553,Terrain de camping,2024-03,188.0,1492.622013248464
1959,82,I553,Terrain de camping,2024-04,188.0,2213.7441237956973
1960,82,I553,Terrain de camping,2024-05,188.0,3480.385755096226
1961,82,I553,Terrain de camping,2024-06,188.0,3527.884816269997
1962,82,I553,Terrain de camping,2024-07,188.0,4051.4540132990496
1963,82,I553,Terrain de camping,2024-08,188.0,5833.234691302984
1964,82,I553,Terrain de camping,2024-09,188.0,4143.558272113187
1965,82,I553,Terrain de camping,2024-10,188.0,2819.5723825148093
1966,82,I553,Terrain de camping,2024-11,188.0,1667.3999017442638
1967,82,I553,Terrain de camping,2024-12,188.0,1272.9211716352088
1968,83,I551,Hôtel,2024-01,2575.0,42753.75642546461
1969,83,I551,Hôtel,2024-02,2575.0,49650.289969684985
1970,83,I551,Hôtel,2024-03,2575.0,65452.58336628443
1971,83,I551,Hôtel,2024-04,2575.0,65523.856596810336
1972,83,I551,Hôtel,2024-05,2575.0,83352.34611836035
1973,83,I551,Hôtel,2024-06,2575.0,85571.99815473836
1974,83,I551,Hôtel,2024-07,2575.0,104228.61473573218
1975,83,I551,Hôtel,2024-08,2575.0,103533.00292498352
1976,83,I551,Hôtel,2024-09,2575.0,87593.56060028008
1977,83,I551,Hôtel,2024-10,2575.0,73926.95893328391
1978,83,I551,Hôtel,2024-11,2575.0,56125.478141106505
1979,83,I551,Hôtel,2024-12,2575.0,51740.28239164031
1980,83,I553,Terrain de camping,2024-01,1312.0,9538.994329602083
1981,83,I553,Terrain de camping,2024-02,1312.0,11077.712792549724
1982,83,I553,Terrain de camping,2024-03,1312.0,14603.437774579357
1983,83,I553,Terrain de camping,2024-04,1312.0,14619.339884678719
1984,83,I553,Terrain de camping,2024-05,1312.0,18597.13913953303
1985,83,I553,Terrain de camping,2024-06,1312.0,19092.3762826274
1986,83,I553,Terrain de camping,2024-07,1312.0,23254.942911969516
1987,83,I553,Terrain de camping,2024-08,1312.0,23099.741646090024
1988,83,I553,Terrain de camping,2024-09,1312.0,19543.416713158393
1989,83,I553,Terrain de camping,2024-10,1312.0,16494.19609008445
1990,83,I553,Terrain de camping,2024-11,1312.0,12522.422881544557
1991,83,I553,Terrain de camping,2024-12,1312.0,11544.02096120619
1992,84,I551,Hôtel,2024-01,4443.0,73768.90865954924
1993,84,I551,Hôtel,2024-02,4443.0,85668.44207196521
1994,84,I551,Hôtel,2024-03,4443.0,112934.30209569
1995,84,I551,Hôtel,2024-04,4443.0,113057.27955713721
1996,84,I551,Hôtel,2024-05,4443.0,143819.21312771845
1997,84,I551,Hôtel,2024-06,4443.0,147649.0826413602
1998,84,I551,Hôtel,2024-07,4443.0,179839.89719256625
1999,84,I551,Hôtel,2024-08,4443.0,178639.66291095215
2000,84,I551,Hôtel,2024-09,4443.0,151137.16106681334
2001,84,I551,Hôtel,2024-10,4443.0,127556.30234585647
2002,84,I551,Hôtel,2024-11,4443.0,96840.97063337328
2003,84,I551,Hôtel,2024-12,4443.0,89274.59210332346
2004,84,I553,Terrain de camping,2024-01,879.0,6390.835377835542
2005,84,I553,Terrain de camping,2024-02,879.0,7421.729835862201
2006,84,I553,Terrain de camping,2024-03,879.0,9783.858082206747
2007,84,I553,Terrain de camping,2024-04,879.0,9794.512011152892
2008,84,I553,Terrain de camping,2024-05,879.0,12459.516237537753
2009,84,I553,Terrain de camping,2024-06,879.0,12791.310024717593
2010,84,I553,Terrain de camping,2024-07,879.0,15580.102758857625
2011,84,I553,Terrain de camping,2024-08,879.0,15476.122642464275
2012,84,I553,Terrain de camping,2024-09,879.0,13093.493361940722
2013,84,I553,Terrain de camping,2024-10,879.0,11050.608508524565
2014,84,I553,Terrain de camping,2024-11,879.0,8389.64154944944
2015,84,I553,Terrain de camping,2024-12,879.0,7734.142092149574
2016,85,I551,Hôtel,2024-01,569.0,9447.33491498616
2017,85,I551,Hôtel,2024-02,569.0,10971.267958349808
2018,85,I551,Hôtel,2024-03,569.0,14463.114538025571
2019,85,I551,Hôtel,2024-04,569.0,14478.863846052458
2020,85,I551,Hôtel,2024-05,569.0,18418.440753921182
2021,85,I551,Hôtel,2024-06,569.0,18908.91920390141
2022,85,I551,Hôtel,2024-07,569.0,23031.488071701595
2023,85,I551,Hôtel,2024-08,569.0,22877.77812206432
2024,85,I551,Hôtel,2024-09,569.0,19355.625623906548
2025,85,I551,Hôtel,2024-10,569.0,16335.704711859627
2026,85,I551,Hôtel,2024-11,569.0,12402.095946520232
2027,85,I551,Hôtel,2024-12,569.0,11433.095410036247
2028,85,I553,Terrain de camping,2024-01,681.0,4951.261538459617
2029,85,I553,Terrain de camping,2024-02,681.0,5749.940862596313
2030,85,I553,Terrain de camping,2024-03,681.0,7579.985613177242
2031,85,I553,Terrain de camping,2024-04,681.0,7588.239680995585
2032,85,I553,Terrain de camping,2024-05,681.0,9652.935788126519
2033,85,I553,Terrain de camping,2024-06,681.0,9909.991043040593
2034,85,I553,Terrain de camping,2024-07,681.0,12070.591557203688
2035,85,I553,Terrain de camping,2024-08,681.0,11990.033583069593
2036,85,I553,Terrain de camping,2024-09,681.0,10144.105778704927
2037,85,I553,Terrain de camping,2024-10,681.0,8561.392940051455
2038,85,I553,Terrain de camping,2024-11,681.0,6499.824681655368
2039,85,I553,Terrain de camping,2024-12,681.0,5991.980392211445
2040,86,I551,Hôtel,2024-01,0.0,0.0
2041,86,I551,Hôtel,2024-02,0.0,0.0
2042,86,I551,Hôtel,2024-03,0.0,0.0
2043,86,I551,Hôtel,2024-04,0.0,0.0
2044,86,I551,Hôtel,2024-05,0.0,0.0
2045,86,I551,Hôtel,2024-06,0.0,0.0
2046,86,I551,Hôtel,2024-07,0.0,0.0
2047,86,I551,Hôtel,2024-08,0.0,0.0
2048,86,I551,Hôtel,2024-09,0.0,0.0
2049,86,I551,Hôtel,2024-10,0.0,0.0
2050,86,I551,Hôtel,2024-11,0.0,0.0
2051,86,I551,Hôtel,2024-12,0.0,0.0
2052,86,I553,Terrain de camping,2024-01,14.0,101.78804924880272
2053,86,I553,Terrain de camping,2024-02,14.0,118.2073011400123
2054,86,I553,Terrain de camping,2024-03,14.0,155.8293664970358
2055,86,I553,Terrain de camping,2024-04,14.0,155.99905364748633
2056,86,I553,Terrain de camping,2024-05,14.0,198.44508228160245
2057,86,I553,Terrain de camping,2024-06,14.0,203.72962496706066
2058,86,I553,Terrain de camping,2024-07,14.0,248.14725668260155
2059,86,I553,Terrain de camping,2024-08,14.0,246.4911456137655
2060,86,I553,Terrain de camping,2024-09,14.0,208.54255639040966
2061,86,I553,Terrain de camping,2024-10,14.0,176.00514120516945
2062,86,I553,Terrain de camping,2024-11,14.0,133.62341489453033
2063,86,I553,Terrain de camping,2024-12,14.0,123.18315050067582
2064,87,I551,Hôtel,2024-01,468.0,7801.809744779583
2065,87,I551,Hôtel,2024-02,468.0,9522.877030162414
2066,87,I551,Hôtel,2024-03,468.0,9528.306264501161
2067,87,I551,Hôtel,2024-04,468.0,8781.786542923433
2068,87,I551,Hôtel,2024-05,468.0,13491.647331786544
2069,87,I551,Hôtel,2024-06,468.0,13725.104408352669
2070,87,I551,Hôtel,2024-07,468.0,16341.99535962877
2071,87,I551,Hôtel,2024-08,468.0,20137.53500736891
2072,87,I551,Hôtel,2024-09,468.0,13958.563581146173
2073,87,I551,Hôtel,2024-10,468.0,10246.617109085846
2074,87,I551,Hôtel,2024-11,468.0,7945.978621259861
2075,87,I551,Hôtel,2024-12,468.0,7337.792874591647
2076,87,I553,Terrain de camping,2024-01,1068.0,11437.820929568074
2077,87,I553,Terrain de camping,2024-02,1068.0,13960.986715701045
2078,87,I553,Terrain de camping,2024-03,1068.0,13968.946229221967
2079,87,I553,Terrain de camping,2024-04,1068.0,12874.513120094889
2080,87,I553,Terrain de camping,2024-05,1068.0,19779.391099496635
2081,87,I553,Terrain de camping,2024-06,1068.0,20121.650180896373
2082,87,I553,Terrain de camping,2024-07,1068.0,23958.135697981834
2083,87,I553,Terrain de camping,2024-08,1068.0,29522.575775615922
2084,87,I553,Terrain de camping,2024-09,1068.0,20463.912335464283
2085,87,I553,Terrain de camping,2024-10,1068.0,15022.02379467067
2086,87,I553,Terrain de camping,2024-11,1068.0,11649.179299836178
2087,87,I553,Terrain de camping,2024-12,1068.0,10757.550320167538
2088,88,I551,Hôtel,2024-01,0.0,0.0
2089,88,I551,Hôtel,2024-02,0.0,0.0
2090,88,I551,Hôtel,2024-03,0.0,0.0
2091,88,I551,Hôtel,2024-04,0.0,0.0
2092,88,I551,Hôtel,2024-05,0.0,0.0
2093,88,I551,Hôtel,2024-06,0.0,0.0
2094,88,I551,Hôtel,2024-07,0.0,0.0
2095,88,I551,Hôtel,2024-08,0.0,0.0
2096,88,I551,Hôtel,2024-09,0.0,0.0
2097,88,I551,Hôtel,2024-10,0.0,0.0
2098,88,I551,Hôtel,2024-11,0.0,0.0
2099,88,I551,Hôtel,2024-12,0.0,0.0
2100,88,I553,Terrain de camping,2024-01,140.0,1017.8804924880272
2101,88,I553,Terrain de camping,2024-02,140.0,1182.073011400123
2102,88,I553,Terrain de camping,2024-03,140.0,1558.2936649703583
2103,88,I553,Terrain de camping,2024-04,140.0,1559.9905364748631
2104,88,I553,Terrain de camping,2024-05,140.0,1984.4508228160244
2105,88,I553,Terrain de camping,2024-06,140.0,2037.2962496706066
2106,88,I553,Terrain de camping,2024-07,140.0,2481.4725668260153
2107,88,I553,Terrain de camping,2024-08,140.0,2464.911456137655
2108,88,I553,Terrain de camping,2024-09,140.0,2085.4255639040966
2109,88,I553,Terrain de camping,2024-10,140.0,1760.0514120516941
2110,88,I553,Terrain de camping,2024-11,140.0,1336.2341489453033
2111,88,I553,Terrain de camping,2024-12,140.0,1231.831505006758
2112,89,I551,Hôtel,2024-01,1323.0,16081.563240170535
2113,89,I551,Hôtel,2024-02,1323.0,18773.313595452393
2114,89,I551,Hôtel,2024-03,1323.0,25140.76030317385
2115,89,I551,Hôtel,2024-04,1323.0,30004.085741354807
2116,89,I551,Hôtel,2024-05,1323.0,39993.95783988631
2117,89,I551,Hôtel,2024-06,1323.0,40297.91567977262
2118,89,I551,Hôtel,2024-07,1323.0,42168.66650876362
2119,89,I551,Hôtel,2024-08,1323.0,56244.8231561234
2120,89,I551,Hôtel,2024-09,1323.0,40565.45492795571
2121,89,I551,Hôtel,2024-10,1323.0,29823.52393473425
2122,89,I551,Hôtel,2024-11,1323.0,21404.595679836097
2123,89,I551,Hôtel,2024-12,1323.0,18078.673189679062
2124,89,I553,Terrain de camping,2024-01,1759.0,12270.117186713418
2125,89,I553,Terrain de camping,2024-02,1759.0,14323.90336430243
2126,89,I553,Terrain de camping,2024-03,1759.0,19182.219444466435
2127,89,I553,Terrain de camping,2024-04,1759.0,22892.901804906658
2128,89,I553,Terrain de camping,2024-05,1759.0,30515.102426738766
2129,89,I553,Terrain de camping,2024-06,1759.0,30747.02007426628
2130,89,I553,Terrain de camping,2024-07,1759.0,32174.38951317273
2131,89,I553,Terrain de camping,2024-08,1759.0,42914.3958808502
2132,89,I553,Terrain de camping,2024-09,1759.0,30951.150598035987
2133,89,I553,Terrain de camping,2024-10,1759.0,22755.13444401075
2134,89,I553,Terrain de camping,2024-11,1759.0,16331.552685734026
2135,89,I553,Terrain de camping,2024-12,1759.0,13793.897726531202
2136,90,I551,Hôtel,2024-01,450.0,5469.91946944576
2137,90,I551,Hôtel,2024-02,450.0,6385.480814779726
2138,90,I551,Hôtel,2024-03,450.0,8551.279014684984
2139,90,I551,Hôtel,2024-04,450.0,10205.471340596874
2140,90,I551,Hôtel,2024-05,450.0,13603.387020369493
2141,90,I551,Hôtel,2024-06,450.0,13706.774040738987
2142,90,I551,Hôtel,2024-07,450.0,14343.083846518239
2143,90,I551,Hôtel,2024-08,450.0,19130.892229973942
2144,90,I551,Hôtel,2024-09,450.0,13797.773785018946
2145,90,I551,Hôtel,2024-10,450.0,10144.05576011369
2146,90,I551,Hôtel,2024-11,450.0,7280.474721032686
2147,90,I551,Hôtel,2024-12,450.0,6149.208567918048
2148,90,I553,Terrain de camping,2024-01,3634.0,25349.406399384057
2149,90,I553,Terrain de camping,2024-02,3634.0,29592.41888907051
2150,90,I553,Terrain de camping,2024-03,3634.0,39629.440284929515
2151,90,I553,Terrain de camping,2024-04,3634.0,47295.511744758835
2152,90,I553,Terrain de camping,2024-05,3634.0,63042.57090322267
2153,90,I553,Terrain de camping,2024-06,3634.0,63521.70036946199
2154,90,I553,Terrain de camping,2024-07,3634.0,66470.56935239892
2155,90,I553,Terrain de camping,2024-08,3634.0,88658.8485679418
2156,90,I553,Terrain de camping,2024-09,3634.0,63943.42312294643
2157,90,I553,Terrain de camping,2024-10,3634.0,47010.891739360464
2158,90,I553,Terrain de camping,2024-11,3634.0,33740.11509946415
2159,90,I553,Terrain de camping,2024-12,3634.0,28497.455564647178
2160,91,I551,Hôtel,2024-01,551.0,6697.612505921365
2161,91,I551,Hôtel,2024-02,551.0,7818.666508763619
2162,91,I551,Hôtel,2024-03,551.0,10470.56608242539
2163,91,I551,Hôtel,2024-04,551.0,12496.032685930839
2164,91,I551,Hôtel,2024-05,551.0,16656.59166271909
2165,91,I551,Hôtel,2024-06,551.0,16783.18332543818
2166,91,I551,Hôtel,2024-07,551.0,17562.30933207011
2167,91,I551,Hôtel,2024-08,551.0,23424.714708256986
2168,91,I551,Hôtel,2024-09,551.0,16894.607456767644
2169,91,I551,Hôtel,2024-10,551.0,12420.832719605874
2170,91,I551,Hôtel,2024-11,551.0,8914.536825086689
2171,91,I551,Hôtel,2024-12,551.0,7529.364268717432
2172,91,I553,Terrain de camping,2024-01,2806.0,19573.592283068705
2173,91,I553,Terrain de camping,2024-02,2806.0,22849.842433332924
2174,91,I553,Terrain de camping,2024-03,2806.0,30599.947561781017
2175,91,I553,Terrain de camping,2024-04,2806.0,36519.31919532012
2176,91,I553,Terrain de camping,2024-05,2806.0,48678.440824007375
2177,91,I553,Terrain de camping,2024-06,2806.0,49048.40155110357
2178,91,I553,Terrain de camping,2024-07,2806.0,51325.376335396635
2179,91,I553,Terrain de camping,2024-08,2806.0,68458.09826132216
2180,91,I553,Terrain de camping,2024-09,2806.0,49374.035575945985
2181,91,I553,Terrain de camping,2024-10,2806.0,36299.54931773403
2182,91,I553,Terrain de camping,2024-11,2806.0,26052.49393756093
2183,91,I553,Terrain de camping,2024-12,2806.0,22004.364423335162
2184,92,I551,Hôtel,2024-01,174.0,2115.035528185694
2185,92,I551,Hôtel,2024-02,174.0,2469.0525817148273
2186,92,I551,Hôtel,2024-03,174.0,3306.4945523448605
2187,92,I551,Hôtel,2024-04,174.0,3946.1155850307914
2188,92,I551,Hôtel,2024-05,174.0,5259.976314542871
2189,92,I551,Hôtel,2024-06,174.0,5299.952629085741
2190,92,I551,Hôtel,2024-07,174.0,5545.992420653719
2191,92,I551,Hôtel,2024-08,174.0,7397.278328923258
2192,92,I551,Hôtel,2024-09,174.0,5335.139196873993
2193,92,I551,Hôtel,2024-10,174.0,3922.36822724396
2194,92,I551,Hôtel,2024-11,174.0,2815.1168921326384
2195,92,I551,Hôtel,2024-12,174.0,2377.693979594979
2196,92,I553,Terrain de camping,2024-01,198.0,1381.1729408580197
2197,92,I553,Terrain de camping,2024-02,198.0,1612.3552394155095
2198,92,I553,Terrain de camping,2024-03,198.0,2159.2265207529017
2199,92,I553,Terrain de camping,2024-04,198.0,2576.9156096483903
2200,92,I553,Terrain de camping,2024-05,198.0,3434.9006711167003
2201,92,I553,Terrain de camping,2024-06,198.0,3461.006239172668
2202,92,I553,Terrain de camping,2024-07,198.0,3621.6765910222857
2203,92,I553,Terrain de camping,2024-08,198.0,4830.6142037568725
2204,92,I553,Terrain de camping,2024-09,198.0,3483.983978630543
2205,92,I553,Terrain de camping,2024-10,198.0,2561.4079703889306
2206,92,I553,Terrain de camping,2024-11,198.0,1838.3441908899017
2207,92,I553,Terrain de camping,2024-12,198.0,1552.6957077050472
2208,93,I551,Hôtel,2024-01,1430.0,17382.188536238747
2209,93,I551,Hôtel,2024-02,1430.0,20291.63903363335
2210,93,I551,Hôtel,2024-03,1430.0,27174.064424443393
2211,93,I551,Hôtel,2024-04,1430.0,32430.72003789673
2212,93,I551,Hôtel,2024-05,1430.0,43228.540975840835
2213,93,I551,Hôtel,2024-06,1430.0,43557.08195168166
2214,93,I551,Hôtel,2024-07,1430.0,45579.13311226907
2215,93,I551,Hôtel,2024-08,1430.0,60793.72419747275
2216,93,I551,Hôtel,2024-09,1430.0,43846.258916837985
2217,93,I551,Hôtel,2024-10,1430.0,32235.55497102795
2218,93,I551,Hôtel,2024-11,1430.0,23135.730780170532
2219,93,I551,Hôtel,2024-12,1430.0,19540.81833805069
2220,93,I553,Terrain de camping,2024-01,5355.0,37354.44999138735
2221,93,I553,Terrain de camping,2024-02,5355.0,43606.88033873764
2222,93,I553,Terrain de camping,2024-03,5355.0,58397.26272036257
2223,93,I553,Terrain de camping,2024-04,5355.0,69693.85398821782
2224,93,I553,Terrain de camping,2024-05,5355.0,92898.44996883802
2225,93,I553,Terrain de camping,2024-06,5355.0,93604.48692307898
2226,93,I553,Terrain de camping,2024-07,5355.0,97949.88962083
2227,93,I553,Terrain de camping,2024-08,5355.0,130646.15687433361
2228,93,I553,Terrain de camping,2024-09,5355.0,94225.93033114423
2229,93,I553,Terrain de camping,2024-10,5355.0,69274.4428355188
2230,93,I553,Terrain de camping,2024-11,5355.0,49718.85425361325
2231,93,I553,Terrain de camping,2024-12,5355.0,41993.36118565923
2232,94,I551,Hôtel,2024-01,149.0,1880.0655864935509
2233,94,I551,Hôtel,2024-02,149.0,2111.7150015021416
2234,94,I551,Hôtel,2024-03,149.0,2740.0242466505615
2235,94,I551,Hôtel,2024-04,149.0,3226.0101284865723
2236,94,I551,Hôtel,2024-05,149.0,4307.639371474608
2237,94,I551,Hôtel,2024-06,149.0,4453.758552925463
2238,94,I551,Hôtel,2024-07,149.0,4684.30849435881
2239,94,I551,Hôtel,2024-08,149.0,6128.297154216884
2240,94,I551,Hôtel,2024-09,149.0,4487.391912668356
2241,94,I551,Hôtel,2024-10,149.0,3149.6538222188683
2242,94,I551,Hôtel,2024-11,149.0,2381.981741911919
2243,94,I551,Hôtel,2024-12,149.0,1948.2607316335493
2244,94,I553,Terrain de camping,2024-01,873.0,6640.0413699202145
2245,94,I553,Terrain de camping,2024-02,873.0,7424.603816445013
2246,94,I553,Terrain de camping,2024-03,873.0,9596.726019861684
2247,94,I553,Terrain de camping,2024-04,873.0,11279.74417804563
2248,94,I553,Terrain de camping,2024-05,873.0,15064.970827782314
2249,94,I553,Terrain de camping,2024-06,873.0,15625.756097059684
2250,94,I553,Terrain de camping,2024-07,873.0,16444.805159896772
2251,94,I553,Terrain de camping,2024-08,873.0,21463.166641621243
2252,94,I553,Terrain de camping,2024-09,873.0,15745.495547347864
2253,94,I553,Terrain de camping,2024-10,873.0,10987.726298030186
2254,94,I553,Terrain de camping,2024-11,873.0,8364.030841045198
2255,94,I553,Terrain de camping,2024-12,873.0,6814.054324561282
2256,95,I551,Hôtel,2024-01,204.0,2479.6968261487445
2257,95,I551,Hôtel,2024-02,204.0,2894.7513027001423
2258,95,I551,Hôtel,2024-03,204.0,3876.5798199905257
2259,95,I551,Hôtel,2024-04,204.0,4626.480341070583
2260,95,I551,Hôtel,2024-05,204.0,6166.868782567503
2261,95,I551,Hôtel,2024-06,204.0,6213.737565135007
2262,95,I551,Hôtel,2024-07,204.0,6502.198010421601
2263,95,I551,Hôtel,2024-08,204.0,8672.671144254855
2264,95,I551,Hôtel,2024-09,204.0,6254.990782541922
2265,95,I551,Hôtel,2024-10,204.0,4598.638611251539
2266,95,I551,Hôtel,2024-11,204.0,3300.481873534817
2267,95,I551,Hôtel,2024-12,204.0,2787.641217456182
2268,95,I553,Terrain de camping,2024-01,290.0,2022.9300648930591
2269,95,I553,Terrain de camping,2024-02,290.0,2361.53040116413
2270,95,I553,Terrain de camping,2024-03,290.0,3162.5034899916236
2271,95,I553,Terrain de camping,2024-04,290.0,3774.2703373638037
2272,95,I553,Terrain de camping,2024-05,290.0,5030.915124362844
2273,95,I553,Terrain de camping,2024-06,290.0,5069.150552323605
2274,95,I553,Terrain de camping,2024-07,290.0,5304.475815133651
2275,95,I553,Terrain de camping,2024-08,290.0,7075.1420156035
2276,95,I553,Terrain de camping,2024-09,290.0,5102.804817186149
2277,95,I553,Terrain de camping,2024-10,290.0,3751.5571283474233
2278,95,I553,Terrain de camping,2024-11,290.0,2692.5243199902598
2279,95,I553,Terrain de camping,2024-12,290.0,2274.150278961938
2280,96,I551,Hôtel,2024-01,4102.0,66404.61358532209
2281,96,I551,Hôtel,2024-02,4102.0,74428.61848780923
2282,96,I551,Hôtel,2024-03,4102.0,94029.62085119108
2283,96,I551,Hôtel,2024-04,4102.0,106086.21348517339
2284,96,I551,Hôtel,2024-05,4102.0,124569.79966386242
2285,96,I551,Hôtel,2024-06,4102.0,127270.85614080599
2286,96,I551,Hôtel,2024-07,4102.0,127707.89889339784
2287,96,I551,Hôtel,2024-08,4102.0,150847.74638531587
2288,96,I551,Hôtel,2024-09,4102.0,127877.18808471014
2289,96,I551,Hôtel,2024-10,4102.0,110811.92371853878
2290,96,I551,Hôtel,2024-11,4102.0,86568.66951766149
2291,96,I551,Hôtel,2024-12,4102.0,73616.7206873915
2292,96,I553,Terrain de camping,2024-01,5612.0,56758.06685278887
2293,96,I553,Terrain de camping,2024-02,5612.0,63738.51631044112
2294,96,I553,Terrain de camping,2024-03,5612.0,80756.40988096903
2295,96,I553,Terrain de camping,2024-04,5612.0,91378.5371258384
2296,96,I553,Terrain de camping,2024-05,5612.0,108076.2931036669
2297,96,I553,Terrain de camping,2024-06,5612.0,110327.8563774893
2298,96,I553,Terrain de camping,2024-07,5612.0,110989.26625566298
2299,96,I553,Terrain de camping,2024-08,5612.0,132149.4269714625
2300,96,I553,Terrain de camping,2024-09,5612.0,110865.79315829767
2301,96,I553,Terrain de camping,2024-10,5612.0,95201.63815892159
2302,96,I553,Terrain de camping,2024-11,5612.0,74064.63626500816
2303,96,I553,Terrain de camping,2024-12,5612.0,62963.33564512167
2304,97,I551,Hôtel,2024-01,1096.0,14290.62945368171
2305,97,I551,Hôtel,2024-02,1096.0,15515.81947743468
2306,97,I551,Hôtel,2024-03,1096.0,19542.838479809976
2307,97,I551,Hôtel,2024-04,1096.0,22704.251781472685
2308,97,I551,Hôtel,2024-05,1096.0,30369.418052256533
2309,97,I551,Hôtel,2024-06,1096.0,32193.372921615202
2310,97,I551,Hôtel,2024-07,1096.0,34022.209026128265
2311,97,I551,Hôtel,2024-08,1096.0,43697.62526188361
2312,97,I551,Hôtel,2024-09,1096.0,32464.220127435863
2313,97,I551,Hôtel,2024-10,1096.0,21767.504902830166
2314,97,I551,Hôtel,2024-11,1096.0,17329.23003473159
2315,97,I551,Hôtel,2024-12,1096.0,13742.888288334918
2316,97,I553,Terrain de camping,2024-01,3062.0,24763.57961039491
2317,97,I553,Terrain de camping,2024-02,3062.0,26886.655489550936
2318,97,I553,Terrain de camping,2024-03,3062.0,33864.892940960184
2319,97,I553,Terrain de camping,2024-04,3062.0,39343.16177655135
2320,97,I553,Terrain de camping,2024-05,3062.0,52625.77859820347
2321,97,I553,Terrain de camping,2024-06,3062.0,55786.42675296297
2322,97,I553,Terrain de camping,2024-07,3062.0,58955.53337736053
2323,97,I553,Terrain de camping,2024-08,3062.0,75721.62062316111
2324,97,I553,Terrain de camping,2024-09,3062.0,56255.76551549487
2325,97,I553,Terrain de camping,2024-10,3062.0,37719.91586011088
2326,97,I553,Terrain de camping,2024-11,3062.0,30029.03188714085
2327,97,I553,Terrain de camping,2024-12,3062.0,23814.423941785695
2328,98,I551,Hôtel,2024-01,595.0,5813.218390804597
2329,98,I551,Hôtel,2024-02,595.0,6545.977011494253
2330,98,I551,Hôtel,2024-03,595.0,9056.896551724138
2331,98,I551,Hôtel,2024-04,595.0,9115.51724137931
2332,98,I551,Hôtel,2024-05,595.0,13551.149425287356
2333,98,I551,Hôtel,2024-06,595.0,14029.885057471265
2334,98,I551,Hôtel,2024-07,595.0,16472.41379310345
2335,98,I551,Hôtel,2024-08,595.0,19905.61778666667
2336,98,I551,Hôtel,2024-09,595.0,13343.794214425287
2337,98,I551,Hôtel,2024-10,595.0,11542.153656954024
2338,98,I551,Hôtel,2024-11,595.0,8341.578202701148
2339,98,I551,Hôtel,2024-12,595.0,6325.857682816092
2340,98,I553,Terrain de camping,2024-01,1841.0,7112.680292425841
2341,98,I553,Terrain de camping,2024-02,1841.0,8009.23663180725
2342,98,I553,Terrain de camping,2024-03,1841.0,11081.436354754209
2343,98,I553,Terrain de camping,2024-04,1841.0,11153.160861904722
2344,98,I553,Terrain de camping,2024-05,1841.0,16580.315236293514
2345,98,I553,Terrain de camping,2024-06,1841.0,17166.0653780227
2346,98,I553,Terrain de camping,2024-07,1841.0,20154.586509294062
2347,98,I553,Terrain de camping,2024-08,1841.0,24355.234195870133
2348,98,I553,Terrain de camping,2024-09,1841.0,16326.608731104689
2349,98,I553,Terrain de camping,2024-10,1841.0,14122.237172067606
2350,98,I553,Terrain de camping,2024-11,1841.0,10206.218810552811
2351,98,I553,Terrain de camping,2024-12,1841.0,7739.912772661049
2352,99,I551,Hôtel,2024-01,1734.0,12812.358664212465
2353,99,I551,Hôtel,2024-02,1734.0,14695.456218774649
2354,99,I551,Hôtel,2024-03,1734.0,18913.047594004733
2355,99,I551,Hôtel,2024-04,1734.0,28050.402313962662
2356,99,I551,Hôtel,2024-05,1734.0,44100.04733105443
2357,99,I551,Hôtel,2024-06,1734.0,44701.90901919537
2358,99,I551,Hôtel,2024-07,1734.0,51336.066263476205
2359,99,I551,Hôtel,2024-08,1734.0,73913.04989768234
2360,99,I551,Hôtel,2024-09,1734.0,52503.12142888352
2361,99,I551,Hôtel,2024-10,1734.0,35726.86600620773
2362,99,I551,Hôtel,2024-11,1734.0,21127.662207859055
2363,99,I551,Hôtel,2024-12,1734.0,16129.213215982123
2364,99,I553,Terrain de camping,2024-01,13785.0,74142.34803223616
2365,99,I553,Terrain de camping,2024-02,13785.0,85039.42623056837
2366,99,I553,Terrain de camping,2024-03,13785.0,109445.71517356425
2367,99,I553,Terrain de camping,2024-04,13785.0,162321.61035384942
2368,99,I553,Terrain de camping,2024-05,13785.0,255197.43422341213
2369,99,I553,Terrain de camping,2024-06,13785.0,258680.27761852078
2370,99,I553,Terrain de camping,2024-07,13785.0,297070.71049642237
2371,99,I553,Terrain de camping,2024-08,13785.0,427718.83095538104
2372,99,I553,Terrain de camping,2024-09,13785.0,303824.2062823419
2373,99,I553,Terrain de camping,2024-10,13785.0,206743.6451753545
2374,99,I553,Terrain de camping,2024-11,13785.0,122261.2108805568
2375,99,I553,Terrain de camping,2024-12,13785.0,93336.2678244221
2376,100,I551,Hôtel,2024-01,698.0,5520.9313167616265
2377,100,I551,Hôtel,2024-02,698.0,6215.820395435309
2378,100,I551,Hôtel,2024-03,698.0,8097.5761866309285
2379,100,I551,Hôtel,2024-04,698.0,11642.73768156434
2380,100,I551,Hôtel,2024-05,698.0,17936.347166987132
2381,100,I551,Hôtel,2024-06,698.0,18198.700934771212
2382,100,I551,Hôtel,2024-07,698.0,20787.046788654916
2383,100,I551,Hôtel,2024-08,698.0,29639.984225481054
2384,100,I551,Hôtel,2024-09,698.0,21221.013612617375
2385,100,I551,Hôtel,2024-10,698.0,14652.825499020291
2386,100,I551,Hôtel,2024-11,698.0,8823.691469526895
2387,100,I551,Hôtel,2024-12,698.0,6841.450915700376
2388,100,I553,Terrain de camping,2024-01,2620.0,14339.53079556039
2389,100,I553,Terrain de camping,2024-02,2620.0,16332.11533370791
2390,100,I553,Terrain de camping,2024-03,2620.0,21115.917732299487
2391,100,I553,Terrain de camping,2024-04,2620.0,30955.535694928352
2392,100,I553,Terrain de camping,2024-05,2620.0,48304.373146118785
2393,100,I553,Terrain de camping,2024-06,2620.0,48980.94061157107
2394,100,I553,Terrain de camping,2024-07,2620.0,56139.16820658874
2395,100,I553,Terrain de camping,2024-08,2620.0,80543.4625593129
2396,100,I553,Terrain de camping,2024-09,2620.0,57377.3406875058
2397,100,I553,Terrain de camping,2024-10,2620.0,39253.2844380885
2398,100,I553,Terrain de camping,2024-11,2620.0,23369.42209100666
2399,100,I553,Terrain de camping,2024-12,2620.0,17944.478334974418
2400,101,I551,Hôtel,2024-01,0.0,0.0
2401,101,I551,Hôtel,2024-02,0.0,0.0
2402,101,I551,Hôtel,2024-03,0.0,0.0
2403,101,I551,Hôtel,2024-04,0.0,0.0
2404,101,I551,Hôtel,2024-05,0.0,0.0
2405,101,I551,Hôtel,2024-06,0.0,0.0
2406,101,I551,Hôtel,2024-07,0.0,0.0
2407,101,I551,Hôtel,2024-08,0.0,0.0
2408,101,I551,Hôtel,2024-09,0.0,0.0
2409,101,I551,Hôtel,2024-10,0.0,0.0
2410,101,I551,Hôtel,2024-11,0.0,0.0
2411,101,I551,Hôtel,2024-12,0.0,0.0
2412,101,I553,Terrain de camping,2024-01,461.0,2479.4793212086233
2413,101,I553,Terrain de camping,2024-02,461.0,2843.9010150375057
2414,101,I553,Terrain de camping,2024-03,461.0,3660.0997239762864
2415,101,I553,Terrain de camping,2024-04,461.0,5428.383197179875
2416,101,I553,Terrain de camping,2024-05,461.0,8534.350176060427
2417,101,I553,Terrain de camping,2024-06,461.0,8650.82393776845
2418,101,I553,Terrain de camping,2024-07,461.0,9934.682447504585
2419,101,I553,Terrain de camping,2024-08,461.0,14303.83613133338
2420,101,I553,Terrain de camping,2024-09,461.0,10160.533848107336
2421,101,I553,Terrain de camping,2024-10,461.0,6913.951427336847
2422,101,I553,Terrain de camping,2024-11,461.0,4088.6774186388598
2423,101,I553,Terrain de camping,2024-12,461.0,3121.3652134246345
2424,102,I551,Hôtel,2024-01,2007.0,31536.958515260125
2425,102,I551,Hôtel,2024-02,2007.0,33374.9141288505
2426,102,I551,Hôtel,2024-03,2007.0,40203.76543888314
2427,102,I551,Hôtel,2024-04,2007.0,38571.64008080713
2428,102,I551,Hôtel,2024-05,2007.0,51252.200556435586
2429,102,I551,Hôtel,2024-06,2007.0,50706.428479687354
2430,102,I551,Hôtel,2024-07,2007.0,54190.38591377038
2431,102,I551,Hôtel,2024-08,2007.0,53968.18504627881
2432,102,I551,Hôtel,2024-09,2007.0,51930.7620386508
2433,102,I551,Hôtel,2024-10,2007.0,46694.957869867474
2434,102,I551,Hôtel,2024-11,2007.0,37841.93420047028
2435,102,I551,Hôtel,2024-12,2007.0,36677.550090092125
2436,102,I553,Terrain de camping,2024-01,771.0,7554.022092918281
2437,102,I553,Terrain de camping,2024-02,771.0,8100.192174546179
2438,102,I553,Terrain de camping,2024-03,771.0,9595.049323932551
2439,102,I553,Terrain de camping,2024-04,771.0,9175.438104347777
2440,102,I553,Terrain de camping,2024-05,771.0,12344.364119732143
2441,102,I553,Terrain de camping,2024-06,771.0,12244.456607828582
2442,102,I553,Terrain de camping,2024-07,771.0,13225.763058737208
2443,102,I553,Terrain de camping,2024-08,771.0,13494.613816409896
2444,102,I553,Terrain de camping,2024-09,771.0,12531.913279240482
2445,102,I553,Terrain de camping,2024-10,771.0,11075.643039520663
2446,102,I553,Terrain de camping,2024-11,771.0,8945.840873475861
2447,102,I553,Terrain de camping,2024-12,771.0,8640.159479139467
2448,103,I551,Hôtel,2024-01,16.0,251.34673643624345
2449,103,I551,Hôtel,2024-02,16.0,265.80005508124486
2450,103,I551,Hôtel,2024-03,16.0,320.484714954558
2451,103,I551,Hôtel,2024-04,16.0,307.5296061690994
2452,103,I551,Hôtel,2024-05,16.0,408.3503167171578
2453,103,I551,Hôtel,2024-06,16.0,403.9438171302671
2454,103,I551,Hôtel,2024-07,16.0,431.4403745524649
2455,103,I551,Hôtel,2024-08,16.0,429.07647453594046
2456,103,I551,Hôtel,2024-09,16.0,413.7123373263564
2457,103,I551,Hôtel,2024-10,16.0,372.3556159427155
2458,103,I551,Hôtel,2024-11,16.0,301.8148301845221
2459,103,I551,Hôtel,2024-12,16.0,292.58409360286424
2460,103,I553,Terrain de camping,2024-01,592.0,5751.367588164191
2461,103,I553,Terrain de camping,2024-02,592.0,6082.091390569145
2462,103,I553,Terrain de camping,2024-03,592.0,7333.396996619595
2463,103,I553,Terrain de camping,2024-04,592.0,7036.955539585888
2464,103,I553,Terrain de camping,2024-05,592.0,9343.95572221556
2465,103,I553,Terrain de camping,2024-06,592.0,9243.125294653077
2466,103,I553,Terrain de camping,2024-07,592.0,9872.307162642985
2467,103,I553,Terrain de camping,2024-08,592.0,9818.21591749906
2468,103,I553,Terrain de camping,2024-09,592.0,9466.650577840377
2469,103,I553,Terrain de camping,2024-10,592.0,8520.317594603315
2470,103,I553,Terrain de camping,2024-11,592.0,6906.18886309214
2471,103,I553,Terrain de camping,2024-12,592.0,6694.969254899235
2472,104,I551,Hôtel,2024-01,855.0,13431.34122831176
2473,104,I551,Hôtel,2024-02,855.0,14203.690443404023
2474,104,I551,Hôtel,2024-03,855.0,17125.90195538419
2475,104,I551,Hôtel,2024-04,855.0,16433.61332966125
2476,104,I551,Hôtel,2024-05,855.0,21821.22004957312
2477,104,I551,Hôtel,2024-06,855.0,21585.74772789865
2478,104,I551,Hôtel,2024-07,855.0,23055.09501514734
2479,104,I551,Hôtel,2024-08,855.0,22928.774108014317
2480,104,I551,Hôtel,2024-09,855.0,22107.75302587717
2481,104,I551,Hôtel,2024-10,855.0,19897.753226938858
2482,104,I551,Hôtel,2024-11,855.0,16128.229987985402
2483,104,I551,Hôtel,2024-12,855.0,15634.962501903057
2484,104,I553,Terrain de camping,2024-01,403.0,3915.2046250509616
2485,104,I553,Terrain de camping,2024-02,403.0,4140.342618917847
2486,104,I553,Terrain de camping,2024-03,403.0,4992.160455469082
2487,104,I553,Terrain de camping,2024-04,403.0,4790.359936576204
2488,104,I553,Terrain de camping,2024-05,403.0,6360.834723062283
2489,104,I553,Terrain de camping,2024-06,403.0,6292.195090785794
2490,104,I553,Terrain de camping,2024-07,403.0,6720.506396191087
2491,104,I553,Terrain de camping,2024-08,403.0,6683.684146540744
2492,104,I553,Terrain de camping,2024-09,403.0,6444.35841700958
2493,104,I553,Terrain de camping,2024-10,403.0,5800.14863281273
2494,104,I553,Terrain de camping,2024-11,403.0,4701.341405111711
2495,104,I553,Terrain de camping,2024-12,403.0,4557.555083993905
2496,105,I551,Hôtel,2024-01,736.0,11567.718051759755
2497,105,I551,Hôtel,2024-02,736.0,12249.21568013516
2498,105,I551,Hôtel,2024-03,736.0,14744.272892423518
2499,105,I551,Hôtel,2024-04,736.0,14143.625288425717
2500,105,I551,Hôtel,2024-05,736.0,18803.953037807332
2501,105,I551,Hôtel,2024-06,736.0,18605.8995335986
2502,105,I551,Hôtel,2024-07,736.0,19893.97984997709
2503,105,I551,Hôtel,2024-08,736.0,19834.787676437783
2504,105,I551,Hôtel,2024-09,736.0,19054.58133386304
2505,105,I551,Hôtel,2024-10,736.0,17120.091863400314
2506,105,I551,Hôtel,2024-11,736.0,13872.173147954205
2507,105,I551,Hôtel,2024-12,736.0,13443.22353825365
2508,105,I553,Terrain de camping,2024-01,936.0,9093.37848398933
2509,105,I553,Terrain de camping,2024-02,936.0,9616.279631034999
2510,105,I553,Terrain de camping,2024-03,936.0,11594.695251412062
2511,105,I553,Terrain de camping,2024-04,936.0,11125.997272047956
2512,105,I553,Terrain de camping,2024-05,936.0,14773.551614854334
2513,105,I553,Terrain de camping,2024-06,936.0,14614.130533437972
2514,105,I553,Terrain de camping,2024-07,936.0,15608.918081476073
2515,105,I553,Terrain de camping,2024-08,936.0,15523.39543712689
2516,105,I553,Terrain de camping,2024-09,936.0,14967.542129828702
2517,105,I553,Terrain de camping,2024-10,936.0,13471.312953629567
2518,105,I553,Terrain de camping,2024-11,936.0,10919.244553807845
2519,105,I553,Terrain de camping,2024-12,936.0,10585.289227340681
2520,106,I551,Hôtel,2024-01,579.0,9621.47537542469
2521,106,I551,Hôtel,2024-02,579.0,11661.971339860866
2522,106,I551,Hôtel,2024-03,579.0,11777.686367264105
2523,106,I551,Hôtel,2024-04,579.0,10879.241346908964
2524,106,I551,Hôtel,2024-05,579.0,16585.78416011645
2525,106,I551,Hôtel,2024-06,579.0,16849.83659017701
2526,106,I551,Hôtel,2024-07,579.0,19963.460795508643
2527,106,I551,Hôtel,2024-08,579.0,24394.972711958195
2528,106,I551,Hôtel,2024-09,579.0,17142.241509881253
2529,106,I551,Hôtel,2024-10,579.0,12720.992340154573
2530,106,I551,Hôtel,2024-11,579.0,9890.916638636445
2531,106,I551,Hôtel,2024-12,579.0,9161.605585499812
2532,106,I553,Terrain de camping,2024-01,1397.0,14961.26951180393
2533,106,I553,Terrain de camping,2024-02,1397.0,18261.702660893596
2534,106,I553,Terrain de camping,2024-03,1397.0,18272.114121931732
2535,106,I553,Terrain de camping,2024-04,1397.0,16840.53822918779
2536,106,I553,Terrain de camping,2024-05,1397.0,25872.48067977228
2537,106,I553,Terrain de camping,2024-06,1397.0,26320.173504412203
2538,106,I553,Terrain de camping,2024-07,1397.0,31338.49772479459
2539,106,I553,Terrain de camping,2024-08,1397.0,38617.07711473356
2540,106,I553,Terrain de camping,2024-09,1397.0,26767.870348917233
2541,106,I553,Terrain de camping,2024-10,1397.0,19649.59479508888
2542,106,I553,Terrain de camping,2024-11,1397.0,15237.737342575976
2543,106,I553,Terrain de camping,2024-12,1397.0,14071.439885088063
2544,107,I551,Hôtel,2024-01,694.0,11569.350348027841
2545,107,I551,Hôtel,2024-02,694.0,14121.5313225058
2546,107,I551,Hôtel,2024-03,694.0,14129.582366589328
2547,107,I551,Hôtel,2024-04,694.0,13022.563805104408
2548,107,I551,Hôtel,2024-05,694.0,20006.844547563804
2549,107,I551,Hôtel,2024-06,694.0,20353.039443155452
2550,107,I551,Hôtel,2024-07,694.0,24233.642691415313
2551,107,I551,Hôtel,2024-08,694.0,29862.071143406036
2552,107,I551,Hôtel,2024-09,694.0,20699.237447255222
2553,107,I551,Hôtel,2024-10,694.0,15194.76981561021
2554,107,I551,Hôtel,2024-11,694.0,11783.139237509282
2555,107,I551,Hôtel,2024-12,694.0,10881.256955056844
2556,107,I553,Terrain de camping,2024-01,3646.0,39047.09279888127
2557,107,I553,Terrain de camping,2024-02,3646.0,47660.82169049252
2558,107,I553,Terrain de camping,2024-03,3646.0,47687.99433683829
2559,107,I553,Terrain de camping,2024-04,3646.0,43951.75546429398
2560,107,I553,Terrain de camping,2024-05,3646.0,67524.02616925536
2561,107,I553,Terrain de camping,2024-06,3646.0,68692.44996212376
2562,107,I553,Terrain de camping,2024-07,3646.0,81789.66550078818
2563,107,I553,Terrain de camping,2024-08,3646.0,100785.87198304836
2564,107,I553,Terrain de camping,2024-09,3646.0,69860.88424635092
2565,107,I553,Terrain de camping,2024-10,3646.0,51283.05126907234
2566,107,I553,Terrain de camping,2024-11,3646.0,39768.640194010026
2567,107,I553,Terrain de camping,2024-12,3646.0,36724.74575592776
2568,108,I551,Hôtel,2024-01,261.0,4241.488428745432
2569,108,I551,Hôtel,2024-02,261.0,4636.3264311814855
2570,108,I551,Hôtel,2024-03,261.0,5567.152253349574
2571,108,I551,Hôtel,2024-04,261.0,5992.509135200975
2572,108,I551,Hôtel,2024-05,261.0,7906.297198538368
2573,108,I551,Hôtel,2024-06,261.0,8270.616321559075
2574,108,I551,Hôtel,2024-07,261.0,10309.023142509135
2575,108,I551,Hôtel,2024-08,261.0,10206.138126959562
2576,108,I551,Hôtel,2024-09,261.0,8102.54804564872
2577,108,I551,Hôtel,2024-10,261.0,6638.913486368331
2578,108,I551,Hôtel,2024-11,261.0,4411.324753180268
2579,108,I551,Hôtel,2024-12,261.0,4436.556904146651
2580,108,I553,Terrain de camping,2024-01,2667.0,23366.824386324333
2581,108,I553,Terrain de camping,2024-02,2667.0,25542.03019413537
2582,108,I553,Terrain de camping,2024-03,2667.0,30670.051615448345
2583,108,I553,Terrain de camping,2024-04,2667.0,33013.38927313849
2584,108,I553,Terrain de camping,2024-05,2667.0,43556.657359307916
2585,108,I553,Terrain de camping,2024-06,2667.0,45563.73131723984
2586,108,I553,Terrain de camping,2024-07,2667.0,56793.53779041564
2587,108,I553,Terrain de camping,2024-08,2667.0,56226.73296925002
2588,108,I553,Terrain de camping,2024-09,2667.0,44637.824774269226
2589,108,I553,Terrain de camping,2024-10,2667.0,36574.501653857915
2590,108,I553,Terrain de camping,2024-11,2667.0,24302.471302296573
2591,108,I553,Terrain de camping,2024-12,2667.0,24441.477986017526
2592,109,I551,Hôtel,2024-01,274.0,4452.750304506699
2593,109,I551,Hôtel,2024-02,274.0,4867.2545676004875
2594,109,I551,Hôtel,2024-03,274.0,5844.443361753959
2595,109,I551,Hôtel,2024-04,274.0,6290.986601705237
2596,109,I551,Hôtel,2024-05,274.0,8300.097442143728
2597,109,I551,Hôtel,2024-06,274.0,8682.562728380026
2598,109,I551,Hôtel,2024-07,274.0,10822.499390986603
2599,109,I551,Hôtel,2024-08,274.0,10714.489834432643
2600,109,I551,Hôtel,2024-09,274.0,8506.123235661875
2601,109,I551,Hôtel,2024-10,274.0,6969.58733817978
2602,109,I551,Hôtel,2024-11,274.0,4631.04590946894
2603,109,I551,Hôtel,2024-12,274.0,4657.534834238246
2604,109,I553,Terrain de camping,2024-01,1209.0,10592.609929908556
2605,109,I553,Terrain de camping,2024-02,1209.0,11578.670605440444
2606,109,I553,Terrain de camping,2024-03,1209.0,13903.29673906151
2607,109,I553,Terrain de camping,2024-04,1209.0,14965.574664876052
2608,109,I553,Terrain de camping,2024-05,1209.0,19745.031401351054
2609,109,I553,Terrain de camping,2024-06,1209.0,20654.874826600288
2610,109,I553,Terrain de camping,2024-07,1209.0,25745.552001729477
2611,109,I553,Terrain de camping,2024-08,1209.0,25488.60898381075
2612,109,I553,Terrain de camping,2024-09,1209.0,20235.14441398256
2613,109,I553,Terrain de camping,2024-10,1209.0,16579.892200792732
2614,109,I553,Terrain de camping,2024-11,1209.0,11016.755832199684
2615,109,I553,Terrain de camping,2024-12,1209.0,11079.770110646865
2616,110,I551,Hôtel,2024-01,166.0,2390.4275633042757
2617,110,I551,Hôtel,2024-02,166.0,2318.073889580739
2618,110,I551,Hôtel,2024-03,166.0,2604.7322540473224
2619,110,I551,Hôtel,2024-04,166.0,2986.48401826484
2620,110,I551,Hôtel,2024-05,166.0,3778.2399335823993
2621,110,I551,Hôtel,2024-06,166.0,4055.9402241594025
2622,110,I551,Hôtel,2024-07,166.0,3771.349107513491
2623,110,I551,Hôtel,2024-08,166.0,3674.05725516812
2624,110,I551,Hôtel,2024-09,166.0,3616.696897970942
2625,110,I551,Hôtel,2024-10,166.0,3123.9689567447076
2626,110,I551,Hôtel,2024-11,166.0,2729.796285181403
2627,110,I551,Hôtel,2024-12,166.0,2243.0154860713988
2628,110,I553,Terrain de camping,2024-01,203.0,1017.9244568787982
2629,110,I553,Terrain de camping,2024-02,203.0,987.1138290401491
2630,110,I553,Terrain de camping,2024-03,203.0,1109.1826021913682
2631,110,I553,Terrain de camping,2024-04,203.0,1271.7453433590983
2632,110,I553,Terrain de camping,2024-05,203.0,1608.9016422791728
2633,110,I553,Terrain de camping,2024-06,203.0,1727.1557662694167
2634,110,I553,Terrain de camping,2024-07,203.0,1605.96729677073
2635,110,I553,Terrain de camping,2024-08,203.0,1564.5371536960333
2636,110,I553,Terrain de camping,2024-09,203.0,1540.1111843244282
2637,110,I553,Terrain de camping,2024-10,203.0,1330.2910543772905
2638,110,I553,Terrain de camping,2024-11,203.0,1162.4390730928576
2639,110,I553,Terrain de camping,2024-12,203.0,955.1514362869372
2640,111,I551,Hôtel,2024-01,585.0,8419.942196531792
2641,111,I551,Hôtel,2024-02,585.0,9655.317919075145
2642,111,I551,Hôtel,2024-03,585.0,11296.473988439306
2643,111,I551,Hôtel,2024-04,585.0,12304.161849710981
2644,111,I551,Hôtel,2024-05,585.0,14650.924855491327
2645,111,I551,Hôtel,2024-06,585.0,17265.953757225434
2646,111,I551,Hôtel,2024-07,585.0,17444.046242774566
2647,111,I551,Hôtel,2024-08,585.0,17787.04724403468
2648,111,I551,Hôtel,2024-09,585.0,15235.376678705203
2649,111,I551,Hôtel,2024-10,585.0,14073.235420369941
2650,111,I551,Hôtel,2024-11,585.0,11896.030337618498
2651,111,I551,Hôtel,2024-12,585.0,10314.804525398846
2652,111,I553,Terrain de camping,2024-01,606.0,2924.2360765569906
2653,111,I553,Terrain de camping,2024-02,606.0,2874.0353492248846
2654,111,I553,Terrain de camping,2024-03,606.0,3240.940540325443
2655,111,I553,Terrain de camping,2024-04,606.0,3699.2787115095543
2656,111,I553,Terrain de camping,2024-05,606.0,4656.477391956536
2657,111,I553,Terrain de camping,2024-06,606.0,5038.271199956593
2658,111,I553,Terrain de camping,2024-07,606.0,4720.476266524861
2659,111,I553,Terrain de camping,2024-08,606.0,4619.085745950959
2660,111,I553,Terrain de camping,2024-09,606.0,4488.512865867661
2661,111,I553,Terrain de camping,2024-10,606.0,3900.4947543132944
2662,111,I553,Terrain de camping,2024-11,606.0,3398.021170841262
2663,111,I553,Terrain de camping,2024-12,606.0,2805.9660711671986
2664,112,I551,Hôtel,2024-01,842.0,12124.939809049398
2665,112,I551,Hôtel,2024-02,842.0,11757.941054379411
2666,112,I551,Hôtel,2024-03,842.0,13211.955168119552
2667,112,I551,Hôtel,2024-04,842.0,15148.310502283106
2668,112,I551,Hôtel,2024-05,842.0,19164.325446243256
2669,112,I551,Hôtel,2024-06,842.0,20572.901618929016
2670,112,I551,Hôtel,2024-07,842.0,19129.37318389373
2671,112,I551,Hôtel,2024-08,842.0,18635.880776214195
2672,112,I551,Hôtel,2024-09,842.0,18344.93245838273
2673,112,I551,Hôtel,2024-10,842.0,15845.673864934
2674,112,I551,Hôtel,2024-11,842.0,13846.31609712495
2675,112,I551,Hôtel,2024-12,842.0,11377.223128145288
2676,112,I553,Terrain de camping,2024-01,125.0,626.8007739401467
2677,112,I553,Terrain de camping,2024-02,125.0,607.828712463146
2678,112,I553,Terrain de camping,2024-03,125.0,682.9942131720247
2679,112,I553,Terrain de camping,2024-04,125.0,783.0944232506764
2680,112,I553,Terrain de camping,2024-05,125.0,990.7029816989981
2681,112,I553,Terrain de camping,2024-06,125.0,1063.5195605107247
2682,112,I553,Terrain de camping,2024-07,125.0,988.8961187011884
2683,112,I553,Terrain de camping,2024-08,125.0,963.3849468571634
2684,112,I553,Terrain de camping,2024-09,125.0,948.3443253229239
2685,112,I553,Terrain de camping,2024-10,125.0,819.1447379170509
2686,112,I553,Terrain de camping,2024-11,125.0,715.787606584272
2687,112,I553,Terrain de camping,2024-12,125.0,588.1474361372766
2688,113,I551,Hôtel,2024-01,594.0,8553.698630136987
2689,113,I551,Hôtel,2024-02,594.0,8294.794520547945
2690,113,I551,Hôtel,2024-03,594.0,9320.547945205479
2691,113,I551,Hôtel,2024-04,594.0,10686.575342465752
2692,113,I551,Hôtel,2024-05,594.0,13519.72602739726
2693,113,I551,Hôtel,2024-06,594.0,14513.424657534248
2694,113,I551,Hôtel,2024-07,594.0,13495.068493150684
2695,113,I551,Hôtel,2024-08,594.0,13146.927768493151
2696,113,I551,Hôtel,2024-09,594.0,12941.674442136984
2697,113,I551,Hôtel,2024-10,594.0,11178.53951991781
2698,113,I551,Hôtel,2024-11,594.0,9768.066225287672
2699,113,I551,Hôtel,2024-12,594.0,8026.212040520548
2700,113,I553,Terrain de camping,2024-01,943.0,4728.585038604467
2701,113,I553,Terrain de camping,2024-02,943.0,4585.459806821973
2702,113,I553,Terrain de camping,2024-03,943.0,5152.508344169755
2703,113,I553,Terrain de camping,2024-04,943.0,5907.6643290031025
2704,113,I553,Terrain de camping,2024-05,943.0,7473.863293937242
2705,113,I553,Terrain de camping,2024-06,943.0,8023.191564492905
2706,113,I553,Terrain de camping,2024-07,943.0,7460.232319481765
2707,113,I553,Terrain de camping,2024-08,943.0,7267.7760390904405
2708,113,I553,Terrain de camping,2024-09,943.0,7154.309590236137
2709,113,I553,Terrain de camping,2024-10,943.0,6179.627902846231
2710,113,I553,Terrain de camping,2024-11,943.0,5399.901704071748
2711,113,I553,Terrain de camping,2024-12,943.0,4436.984258219614
2712,114,I551,Hôtel,2024-01,508.0,7315.284350352844
2713,114,I551,Hôtel,2024-02,508.0,7093.8646741386465
2714,114,I551,Hôtel,2024-03,508.0,7971.108343711084
2715,114,I551,Hôtel,2024-04,508.0,9139.360730593608
2716,114,I551,Hôtel,2024-05,508.0,11562.324616023247
2717,114,I551,Hôtel,2024-06,508.0,12412.154420921544
2718,114,I551,Hôtel,2024-07,508.0,11541.23702781237
2719,114,I551,Hôtel,2024-08,508.0,11243.500515815693
2720,114,I551,Hôtel,2024-09,508.0,11067.964001019509
2721,114,I551,Hôtel,2024-10,508.0,9560.09777124284
2722,114,I551,Hôtel,2024-11,508.0,8353.834414892486
2723,114,I551,Hôtel,2024-12,508.0,6864.167873037775
2724,114,I553,Terrain de camping,2024-01,731.0,3665.530926001978
2725,114,I553,Terrain de camping,2024-02,731.0,3554.5823104844776
2726,114,I553,Terrain de camping,2024-03,731.0,3994.1501586300005
2727,114,I553,Terrain de camping,2024-04,731.0,4579.536187169955
2728,114,I553,Terrain de camping,2024-05,731.0,5793.631036975741
2729,114,I553,Terrain de camping,2024-06,731.0,6219.462389866717
2730,114,I553,Terrain de camping,2024-07,731.0,5783.06450216455
2731,114,I553,Terrain de camping,2024-08,731.0,5633.875169220692
2732,114,I553,Terrain de camping,2024-09,731.0,5545.917614488458
2733,114,I553,Terrain de camping,2024-10,731.0,4790.358427338913
2734,114,I553,Terrain de camping,2024-11,731.0,4185.925923304823
2735,114,I553,Terrain de camping,2024-12,731.0,3439.4862065307934
2736,115,I551,Hôtel,2024-01,6.0,86.40099626400996
2737,115,I551,Hôtel,2024-02,6.0,83.78580323785803
2738,115,I551,Hôtel,2024-03,6.0,94.14694894146949
2739,115,I551,Hôtel,2024-04,6.0,107.94520547945206
2740,115,I551,Hôtel,2024-05,6.0,136.5628891656289
2741,115,I551,Hôtel,2024-06,6.0,146.6002490660025
2742,115,I551,Hôtel,2024-07,6.0,136.31382316313824
2743,115,I551,Hôtel,2024-08,6.0,132.79725018679952
2744,115,I551,Hôtel,2024-09,6.0,130.72398426400994
2745,115,I551,Hôtel,2024-10,6.0,112.91454060523039
2746,115,I551,Hôtel,2024-11,6.0,98.66733560896638
2747,115,I551,Hôtel,2024-12,6.0,81.07284889414694
2748,115,I553,Terrain de camping,2024-01,0.0,0.0
2749,115,I553,Terrain de camping,2024-02,0.0,0.0
2750,115,I553,Terrain de camping,2024-03,0.0,0.0
2751,115,I553,Terrain de camping,2024-04,0.0,0.0
2752,115,I553,Terrain de camping,2024-05,0.0,0.0
2753,115,I553,Terrain de camping,2024-06,0.0,0.0
2754,115,I553,Terrain de camping,2024-07,0.0,0.0
2755,115,I553,Terrain de camping,2024-08,0.0,0.0
2756,115,I553,Terrain de camping,2024-09,0.0,0.0
2757,115,I553,Terrain de camping,2024-10,0.0,0.0
2758,115,I553,Terrain de camping,2024-11,0.0,0.0
2759,115,I553,Terrain de camping,2024-12,0.0,0.0
2760,116,I551,Hôtel,2024-01,1630.0,23460.693641618498
2761,116,I551,Hôtel,2024-02,1630.0,26902.851637764932
2762,116,I551,Hôtel,2024-03,1630.0,31475.645472061657
2763,116,I551,Hôtel,2024-04,1630.0,34283.39113680154
2764,116,I551,Hôtel,2024-05,1630.0,40822.235067437374
2765,116,I551,Hôtel,2024-06,1630.0,48108.5549132948
2766,116,I551,Hôtel,2024-07,1630.0,48604.778420038536
2767,116,I551,Hôtel,2024-08,1630.0,49560.49061158381
2768,116,I551,Hôtel,2024-09,1630.0,42450.707668870906
2769,116,I551,Hôtel,2024-10,1630.0,39212.604675560695
2770,116,I551,Hôtel,2024-11,1630.0,33146.204188578035
2771,116,I551,Hôtel,2024-12,1630.0,28740.395515213877
2772,116,I553,Terrain de camping,2024-01,395.0,1295.460751341592
2773,116,I553,Terrain de camping,2024-02,395.0,1485.53103025329
2774,116,I553,Terrain de camping,2024-03,395.0,1738.033152603137
2775,116,I553,Terrain de camping,2024-04,395.0,1893.07223047454
2776,116,I553,Terrain de camping,2024-05,395.0,2254.1363916918353
2777,116,I553,Terrain de camping,2024-06,395.0,2656.4749382932405
2778,116,I553,Terrain de camping,2024-07,395.0,2683.875580691094
2779,116,I553,Terrain de camping,2024-08,395.0,2736.6484292964415
2780,116,I553,Terrain de camping,2024-09,395.0,2344.0579588892288
2781,116,I553,Terrain de camping,2024-10,395.0,2165.255260183271
2782,116,I553,Terrain de camping,2024-11,395.0,1830.2786455590415
2783,116,I553,Terrain de camping,2024-12,395.0,1586.9971679756748
2784,117,I551,Hôtel,2024-01,222.0,3195.2601156069363
2785,117,I551,Hôtel,2024-02,222.0,3664.06936416185
2786,117,I551,Hôtel,2024-03,222.0,4286.867052023122
2787,117,I551,Hôtel,2024-04,222.0,4669.271676300578
2788,117,I551,Hôtel,2024-05,222.0,5559.838150289016
2789,117,I551,Hôtel,2024-06,222.0,6552.208092485549
2790,117,I551,Hôtel,2024-07,222.0,6619.791907514451
2791,117,I551,Hôtel,2024-08,222.0,6749.95639004393
2792,117,I551,Hôtel,2024-09,222.0,5781.63012422659
2793,117,I551,Hôtel,2024-10,222.0,5340.612415935259
2794,117,I551,Hôtel,2024-11,222.0,4514.390999916763
2795,117,I551,Hôtel,2024-12,222.0,3914.336076305203
2796,117,I553,Terrain de camping,2024-01,616.0,2137.8021835410127
2797,117,I553,Terrain de camping,2024-02,616.0,2478.825629348357
2798,117,I553,Terrain de camping,2024-03,616.0,2971.3916022285102
2799,117,I553,Terrain de camping,2024-04,616.0,3395.7187621440467
2800,117,I553,Terrain de camping,2024-05,616.0,4048.3053275966176
2801,117,I553,Terrain de camping,2024-06,616.0,4593.588080462069
2802,117,I553,Terrain de camping,2024-07,616.0,4671.369307431359
2803,117,I553,Terrain de camping,2024-08,616.0,4897.531420267894
2804,117,I553,Terrain de camping,2024-09,616.0,4078.8772477769144
2805,117,I553,Terrain de camping,2024-10,616.0,3732.111452972899
2806,117,I553,Terrain de camping,2024-11,616.0,3053.1182214520218
2807,117,I553,Terrain de camping,2024-12,616.0,2638.3522468044107
2808,118,I551,Hôtel,2024-01,158.0,2274.1040462427745
2809,118,I551,Hôtel,2024-02,158.0,2607.761078998073
2810,118,I551,Hôtel,2024-03,158.0,3051.013487475915
2811,118,I551,Hôtel,2024-04,158.0,3323.175337186898
2812,118,I551,Hôtel,2024-05,158.0,3957.001926782273
2813,118,I551,Hôtel,2024-06,158.0,4663.28323699422
2814,118,I551,Hôtel,2024-07,158.0,4711.383429672447
2815,118,I551,Hôtel,2024-08,158.0,4804.023016337572
2816,118,I551,Hôtel,2024-09,158.0,4114.853872197303
2817,118,I551,Hôtel,2024-10,158.0,3800.9764041341036
2818,118,I551,Hôtel,2024-11,158.0,3212.944945886705
2819,118,I551,Hôtel,2024-12,158.0,2785.878829082081
2820,118,I553,Terrain de camping,2024-01,351.0,1151.1562625845538
2821,118,I553,Terrain de camping,2024-02,351.0,1320.054155997227
2822,118,I553,Terrain de camping,2024-03,351.0,1544.4294596549396
2823,118,I553,Terrain de camping,2024-04,351.0,1682.1983617634519
2824,118,I553,Terrain de camping,2024-05,351.0,2003.042717680593
2825,118,I553,Terrain de camping,2024-06,351.0,2360.5638059263983
2826,118,I553,Terrain de camping,2024-07,351.0,2384.9122248672757
2827,118,I553,Terrain de camping,2024-08,351.0,2431.8065789444327
2828,118,I553,Terrain de camping,2024-09,351.0,2082.9477052408083
2829,118,I553,Terrain de camping,2024-10,351.0,1924.0622691755143
2830,118,I553,Terrain de camping,2024-11,351.0,1626.3995052942369
2831,118,I553,Terrain de camping,2024-12,351.0,1410.2177366062326
2832,119,I551,Hôtel,2024-01,0.0,0.0
2833,119,I551,Hôtel,2024-02,0.0,0.0
2834,119,I551,Hôtel,2024-03,0.0,0.0
2835,119,I551,Hôtel,2024-04,0.0,0.0
2836,119,I551,Hôtel,2024-05,0.0,0.0
2837,119,I551,Hôtel,2024-06,0.0,0.0
2838,119,I551,Hôtel,2024-07,0.0,0.0
2839,119,I551,Hôtel,2024-08,0.0,0.0
2840,119,I551,Hôtel,2024-09,0.0,0.0
2841,119,I551,Hôtel,2024-10,0.0,0.0
2842,119,I551,Hôtel,2024-11,0.0,0.0
2843,119,I551,Hôtel,2024-12,0.0,0.0
2844,119,I553,Terrain de camping,2024-01,10.0,32.79647471750866
2845,119,I553,Terrain de camping,2024-02,10.0,37.60838051274152
2846,119,I553,Terrain de camping,2024-03,10.0,44.00083930640853
2847,119,I553,Terrain de camping,2024-04,10.0,47.92587925252
2848,119,I553,Terrain de camping,2024-05,10.0,57.06674409346418
2849,119,I553,Terrain de camping,2024-06,10.0,67.25253008337317
2850,119,I553,Terrain de camping,2024-07,10.0,67.94621723268592
2851,119,I553,Terrain de camping,2024-08,10.0,69.28223871636561
2852,119,I553,Terrain de camping,2024-09,10.0,59.343239465550106
2853,119,I553,Terrain de camping,2024-10,10.0,54.81658886539927
2854,119,I553,Terrain de camping,2024-11,10.0,46.33616824200105
2855,119,I553,Terrain de camping,2024-12,10.0,40.17714349305506
2856,120,I551,Hôtel,2024-01,2846.0,37108.69655581948
2857,120,I551,Hôtel,2024-02,2846.0,40290.16627078385
2858,120,I551,Hôtel,2024-03,2846.0,50747.18824228029
2859,120,I551,Hôtel,2024-04,2846.0,58956.47862232779
2860,120,I551,Hôtel,2024-05,2846.0,78860.73337292162
2861,120,I551,Hôtel,2024-06,2846.0,83597.02494061757
2862,120,I551,Hôtel,2024-07,2846.0,88345.99168646081
2863,120,I551,Hôtel,2024-08,2846.0,113470.29333514668
2864,120,I551,Hôtel,2024-09,2846.0,84300.3380316446
2865,120,I551,Hôtel,2024-10,2846.0,56524.013643663
2866,120,I551,Hôtel,2024-11,2846.0,44999.07726172091
2867,120,I551,Hôtel,2024-12,2846.0,35686.368675731
2868,120,I553,Terrain de camping,2024-01,5056.0,40889.829689796425
2869,120,I553,Terrain de camping,2024-02,5056.0,44395.47033153806
2870,120,I553,Terrain de camping,2024-03,5056.0,55917.99435319878
2871,120,I553,Terrain de camping,2024-04,5056.0,64963.75765586011
2872,120,I553,Terrain de camping,2024-05,5056.0,86896.12560173636
2873,120,I553,Terrain de camping,2024-06,5056.0,92115.01425962795
2874,120,I553,Terrain de camping,2024-07,5056.0,97347.86961330335
2875,120,I553,Terrain de camping,2024-08,5056.0,125032.17304725754
2876,120,I553,Terrain de camping,2024-09,5056.0,92889.9903482502
2877,120,I553,Terrain de camping,2024-10,5056.0,62283.44042740712
2878,120,I553,Terrain de camping,2024-11,5056.0,49584.18851122931
2879,120,I553,Terrain de camping,2024-12,5056.0,39322.57591432674
2880,121,I551,Hôtel,2024-01,265.0,3455.3073040380045
2881,121,I551,Hôtel,2024-02,265.0,3751.543942992874
2882,121,I551,Hôtel,2024-03,265.0,4725.230106888361
2883,121,I551,Hôtel,2024-04,265.0,5489.622921615202
2884,121,I551,Hôtel,2024-05,265.0,7342.970605700713
2885,121,I551,Hôtel,2024-06,265.0,7783.981591448932
2886,121,I551,Hôtel,2024-07,265.0,8226.172802850357
2887,121,I551,Hôtel,2024-08,265.0,10565.57545109412
2888,121,I551,Hôtel,2024-09,265.0,7849.469282637321
2889,121,I551,Hôtel,2024-10,265.0,5263.128466468973
2890,121,I551,Hôtel,2024-11,265.0,4190.00543722981
2891,121,I551,Hôtel,2024-12,265.0,3322.869887234264
2892,121,I553,Terrain de camping,2024-01,2429.0,19644.26351196905
2893,121,I553,Terrain de camping,2024-02,2429.0,21328.440948438674
2894,121,I553,Terrain de camping,2024-03,2429.0,26864.083916914526
2895,121,I553,Terrain de camping,2024-04,2429.0,31209.84322509577
2896,121,I553,Terrain de camping,2024-05,2429.0,41746.57616428355
2897,121,I553,Terrain de camping,2024-06,2429.0,44253.831019904326
2898,121,I553,Terrain de camping,2024-07,2429.0,46767.79574578992
2899,121,I553,Terrain de camping,2024-08,2429.0,60067.86952764804
2900,121,I553,Terrain de camping,2024-09,2429.0,44626.144492859916
2901,121,I553,Terrain de camping,2024-10,2429.0,29922.167088246024
2902,121,I553,Terrain de camping,2024-11,2429.0,23821.201323927213
2903,121,I553,Terrain de camping,2024-12,2429.0,18891.32454428395
2904,122,I551,Hôtel,2024-01,2451.0,31958.33283847981
2905,122,I551,Hôtel,2024-02,2451.0,34698.242280285034
2906,122,I551,Hôtel,2024-03,2451.0,43703.920724465555
2907,122,I551,Hôtel,2024-04,2451.0,50773.83313539192
2908,122,I551,Hôtel,2024-05,2451.0,67915.5507719715
2909,122,I551,Hôtel,2024-06,2451.0,71994.48634204276
2910,122,I551,Hôtel,2024-07,2451.0,76084.33788598575
2911,122,I551,Hôtel,2024-08,2451.0,97721.60539861016
2912,122,I551,Hôtel,2024-09,2451.0,72600.18570469462
2913,122,I551,Hôtel,2024-10,2451.0,48678.97309930359
2914,122,I551,Hôtel,2024-11,2451.0,38753.5974590576
2915,122,I551,Hôtel,2024-12,2451.0,30733.411674004456
2916,122,I553,Terrain de camping,2024-01,18266.0,147724.21461903118
2917,122,I553,Terrain de camping,2024-02,18266.0,160389.17347228524
2918,122,I553,Terrain de camping,2024-03,18266.0,202017.02627680558
2919,122,I553,Terrain de camping,2024-04,18266.0,234696.99314516233
2920,122,I553,Terrain de camping,2024-05,18266.0,313932.87781671603
2921,122,I553,Terrain de camping,2024-06,18266.0,332787.35175363213
2922,122,I553,Terrain de camping,2024-07,18266.0,351692.2836939476
2923,122,I553,Terrain de camping,2024-08,18266.0,451708.40049074485
2924,122,I553,Terrain de camping,2024-09,18266.0,335587.13680797827
2925,122,I553,Terrain de camping,2024-10,18266.0,225013.71100613498
2926,122,I553,Terrain de camping,2024-11,18266.0,179134.64939598783
2927,122,I553,Terrain de camping,2024-12,18266.0,142062.13838035843
2928,123,I551,Hôtel,2024-01,3934.0,9353.879408418657
2929,123,I551,Hôtel,2024-02,3934.0,11899.343003412969
2930,123,I551,Hôtel,2024-03,3934.0,17269.991467576794
2931,123,I551,Hôtel,2024-04,3934.0,59502.30944254835
2932,123,I551,Hôtel,2024-05,3934.0,126361.28839590443
2933,123,I551,Hôtel,2024-06,3934.0,149164.1666666667
2934,123,I551,Hôtel,2024-07,3934.0,178383.85096700795
2935,123,I551,Hôtel,2024-08,3934.0,213993.03998084672
2936,123,I551,Hôtel,2024-09,3934.0,167216.66883563768
2937,123,I551,Hôtel,2024-10,3934.0,86991.0198088541
2938,123,I551,Hôtel,2024-11,3934.0,17255.577271996302
2939,123,I551,Hôtel,2024-12,3934.0,13574.216714506541
2940,123,I553,Terrain de camping,2024-01,3196.0,5094.586447207675
2941,123,I553,Terrain de camping,2024-02,3196.0,6480.972113164309
2942,123,I553,Terrain de camping,2024-03,3196.0,9406.093518259626
2943,123,I553,Terrain de camping,2024-04,3196.0,32407.90756728519
2944,123,I553,Terrain de camping,2024-05,3196.0,68822.62205925824
2945,123,I553,Terrain de camping,2024-06,3196.0,81242.20002505876
2946,123,I553,Terrain de camping,2024-07,3196.0,97156.68866965547
2947,123,I553,Terrain de camping,2024-08,3196.0,116551.21834283935
2948,123,I553,Terrain de camping,2024-09,3196.0,91074.48766450086
2949,123,I553,Terrain de camping,2024-10,3196.0,47379.62199385313
2950,123,I553,Terrain de camping,2024-11,3196.0,9398.242832758411
2951,123,I553,Terrain de camping,2024-12,3196.0,7393.191368593461
2952,124,I551,Hôtel,2024-01,942.0,2239.7952218430037
2953,124,I551,Hôtel,2024-02,942.0,2849.3088737201365
2954,124,I551,Hôtel,2024-03,942.0,4135.315699658703
2955,124,I551,Hôtel,2024-04,942.0,14247.883959044368
2956,124,I551,Hôtel,2024-05,942.0,30257.329351535835
2957,124,I551,Hôtel,2024-06,942.0,35717.5
2958,124,I551,Hôtel,2024-07,942.0,42714.180887372015
2959,124,I551,Hôtel,2024-08,942.0,51240.834687838746
2960,124,I551,Hôtel,2024-09,942.0,40040.18862307339
2961,124,I551,Hôtel,2024-10,942.0,20830.081509898464
2962,124,I551,Hôtel,2024-11,942.0,4131.864206970136
2963,124,I551,Hôtel,2024-12,942.0,3250.3589590912966
2964,124,I553,Terrain de camping,2024-01,1930.0,3076.518098595373
2965,124,I553,Terrain de camping,2024-02,1930.0,3913.7284663351425
2966,124,I553,Terrain de camping,2024-03,1930.0,5680.150341126745
2967,124,I553,Terrain de camping,2024-04,1930.0,19570.482354461958
2968,124,I553,Terrain de camping,2024-05,1930.0,41560.59467283116
2969,124,I553,Terrain de camping,2024-06,1930.0,49060.5275495505
2970,124,I553,Terrain de camping,2024-07,1930.0,58670.966562088564
2971,124,I553,Terrain de camping,2024-08,1930.0,70382.93222831037
2972,124,I553,Terrain de camping,2024-09,1930.0,54998.047932567795
2973,124,I553,Terrain de camping,2024-10,1930.0,28611.59901380993
2974,124,I553,Terrain de camping,2024-11,1930.0,5675.409470345348
2975,124,I553,Terrain de camping,2024-12,1930.0,4464.599293299556
2976,125,I551,Hôtel,2024-01,2156.0,5126.325369738339
2977,125,I551,Hôtel,2024-02,2156.0,6521.348122866894
2978,125,I551,Hôtel,2024-03,2156.0,9464.692832764506
2979,125,I551,Hôtel,2024-04,2156.0,32609.806598407282
2980,125,I551,Hôtel,2024-05,2156.0,69251.38225255972
2981,125,I551,Hôtel,2024-06,2156.0,81748.33333333334
2982,125,I551,Hôtel,2024-07,2156.0,97761.96814562002
2983,125,I551,Hôtel,2024-08,2156.0,117277.32440231457
2984,125,I551,Hôtel,2024-09,2156.0,91641.87544728897
2985,125,I551,Hôtel,2024-10,2156.0,47674.79377424744
2986,125,I551,Hôtel,2024-11,2156.0,9456.79323803356
2987,125,I551,Hôtel,2024-12,2156.0,7439.250441402161
2988,125,I553,Terrain de camping,2024-01,6740.0,10743.90258265949
2989,125,I553,Terrain de camping,2024-02,6740.0,13667.6320534191
2990,125,I553,Terrain de camping,2024-03,6740.0,19836.379947769048
2991,125,I553,Terrain de camping,2024-04,6740.0,68344.58604615212
2992,125,I553,Terrain de camping,2024-05,6740.0,145139.07155175233
2993,125,I553,Terrain de camping,2024-06,6740.0,171330.54698651316
2994,125,I553,Terrain de camping,2024-07,6740.0,204892.39099921085
2995,125,I553,Terrain de camping,2024-08,6740.0,245793.24519109423
2996,125,I553,Terrain de camping,2024-09,6740.0,192065.72179559944
2997,125,I553,Terrain de camping,2024-10,6740.0,99918.22660781292
2998,125,I553,Terrain de camping,2024-11,6740.0,19819.82374618013
2999,125,I553,Terrain de camping,2024-12,6740.0,15591.398568310364
3000,126,I551,Hôtel,2024-01,128.0,348.1218993621545
3001,126,I551,Hôtel,2024-02,128.0,422.28206945428775
3002,126,I551,Hôtel,2024-03,128.0,612.1048901488306
3003,126,I551,Hôtel,2024-04,128.0,1697.2927002126153
3004,126,I551,Hôtel,2024-05,128.0,3849.5251594613746
3005,126,I551,Hôtel,2024-06,128.0,4655.53508150248
3006,126,I551,Hôtel,2024-07,128.0,5381.0347271438695
3007,126,I551,Hôtel,2024-08,128.0,6628.686995322467
3008,126,I551,Hôtel,2024-09,128.0,5208.483960107725
3009,126,I551,Hôtel,2024-10,128.0,2385.0334623387666
3010,126,I551,Hôtel,2024-11,128.0,535.2794452501772
3011,126,I551,Hôtel,2024-12,128.0,434.42800959319635
3012,126,I553,Terrain de camping,2024-01,2444.0,5654.114660581068
3013,126,I553,Terrain de camping,2024-02,2444.0,6858.606839089219
3014,126,I553,Terrain de camping,2024-03,2444.0,9941.664800591729
3015,126,I553,Terrain de camping,2024-04,2444.0,27567.03199986236
3016,126,I553,Terrain de camping,2024-05,2444.0,62523.089412835885
3017,126,I553,Terrain de camping,2024-06,2444.0,75614.11449668286
3018,126,I553,Terrain de camping,2024-07,2444.0,87397.51045707299
3019,126,I553,Terrain de camping,2024-08,2444.0,107661.58747647677
3020,126,I553,Terrain de camping,2024-09,2444.0,84594.9811609237
3021,126,I553,Terrain de camping,2024-10,2444.0,38737.15698464926
3022,126,I553,Terrain de camping,2024-11,2444.0,8693.883850576718
3023,126,I553,Terrain de camping,2024-12,2444.0,7055.878364758165
3024,127,I551,Hôtel,2024-01,605.0,1645.4199149539334
3025,127,I551,Hôtel,2024-02,605.0,1995.9425939050318
3026,127,I551,Hôtel,2024-03,605.0,2893.152019844082
3027,127,I551,Hôtel,2024-04,605.0,8022.3600283486885
3028,127,I551,Hôtel,2024-05,605.0,18195.021261516657
3029,127,I551,Hôtel,2024-06,605.0,22004.677533664068
3030,127,I551,Hôtel,2024-07,605.0,25433.796952515946
3031,127,I551,Hôtel,2024-08,605.0,31330.90337632885
3032,127,I551,Hôtel,2024-09,605.0,24618.224967696668
3033,127,I551,Hôtel,2024-10,605.0,11273.009724335576
3034,127,I551,Hôtel,2024-11,605.0,2530.0317529402905
3035,127,I551,Hôtel,2024-12,605.0,2053.351139092842
3036,127,I553,Terrain de camping,2024-01,728.0,1684.204366981595
3037,127,I553,Terrain de camping,2024-02,728.0,2042.9892712180651
3038,127,I553,Terrain de camping,2024-03,728.0,2961.3469618783874
3039,127,I553,Terrain de camping,2024-04,728.0,8211.456340384533
3040,127,I553,Terrain de camping,2024-05,728.0,18623.89897403622
3041,127,I553,Terrain de camping,2024-06,728.0,22523.353254331065
3042,127,I553,Terrain de camping,2024-07,728.0,26033.30098721323
3043,127,I553,Terrain de camping,2024-08,728.0,32069.409035546272
3044,127,I553,Terrain de camping,2024-09,728.0,25198.50502665812
3045,127,I553,Terrain de camping,2024-10,728.0,11538.727612448714
3046,127,I553,Terrain de camping,2024-11,728.0,2589.6675299590224
3047,127,I553,Terrain de camping,2024-12,728.0,2101.751002268389
3048,128,I551,Hôtel,2024-01,2384.0,6483.770375620128
3049,128,I551,Hôtel,2024-02,2384.0,7865.003543586109
3050,128,I551,Hôtel,2024-03,2384.0,11400.45357902197
3051,128,I551,Hôtel,2024-04,2384.0,31612.076541459955
3052,128,I551,Hôtel,2024-05,2384.0,71697.40609496812
3053,128,I551,Hôtel,2024-06,2384.0,86709.34089298369
3054,128,I551,Hôtel,2024-07,2384.0,100221.77179305458
3055,128,I551,Hôtel,2024-08,2384.0,123459.29528788094
3056,128,I551,Hôtel,2024-09,2384.0,97008.01375700637
3057,128,I551,Hôtel,2024-10,2384.0,44421.24823605953
3058,128,I551,Hôtel,2024-11,2384.0,9969.57966778455
3059,128,I551,Hôtel,2024-12,2384.0,8091.221678673283
3060,128,I553,Terrain de camping,2024-01,3198.0,7398.469183526292
3061,128,I553,Terrain de camping,2024-02,3198.0,8974.560012850787
3062,128,I553,Terrain de camping,2024-03,3198.0,13008.774153965773
3063,128,I553,Terrain de camping,2024-04,3198.0,36071.75463811777
3064,128,I553,Terrain de camping,2024-05,3198.0,81812.12763594482
3065,128,I553,Terrain de camping,2024-06,3198.0,98941.8732243829
3066,128,I553,Terrain de camping,2024-07,3198.0,114360.57219382955
3067,128,I553,Terrain de camping,2024-08,3198.0,140876.33254900682
3068,128,I553,Terrain de camping,2024-09,3198.0,110693.43279567675
3069,128,I553,Terrain de camping,2024-10,3198.0,50687.98201182829
3070,128,I553,Terrain de camping,2024-11,3198.0,11376.039506605706
3071,128,I553,Terrain de camping,2024-12,3198.0,9232.691902821853
3072,129,I551,Hôtel,2024-01,2527.0,6872.687810063785
3073,129,I551,Hôtel,2024-02,2527.0,8336.771793054571
3074,129,I551,Hôtel,2024-03,2527.0,12084.289510985116
3075,129,I551,Hôtel,2024-04,2527.0,33508.270729978736
3076,129,I551,Hôtel,2024-05,2527.0,75998.04748405387
3077,129,I551,Hôtel,2024-06,2527.0,91910.44649184975
3078,129,I551,Hôtel,2024-07,2527.0,106233.39652728561
3079,129,I551,Hôtel,2024-08,2527.0,130864.78154046777
3080,129,I551,Hôtel,2024-09,2527.0,102826.86693118922
3081,129,I551,Hôtel,2024-10,2527.0,47085.77780726612
3082,129,I551,Hôtel,2024-11,2527.0,10567.587173024984
3083,129,I551,Hôtel,2024-12,2527.0,8576.559220640682
3084,129,I553,Terrain de camping,2024-01,3918.0,9064.165810211387
3085,129,I553,Terrain de camping,2024-02,3918.0,10995.098852517003
3086,129,I553,Terrain de camping,2024-03,3918.0,15937.578841537805
3087,129,I553,Terrain de camping,2024-04,3918.0,44192.97519454203
3088,129,I553,Terrain de camping,2024-05,3918.0,100231.36837949713
3089,129,I553,Terrain de camping,2024-06,3918.0,121217.71710229274
3090,129,I553,Terrain de camping,2024-07,3918.0,140107.79295041406
3091,129,I553,Terrain de camping,2024-08,3918.0,172593.3304962504
3092,129,I553,Terrain de camping,2024-09,3918.0,135615.03117369028
3093,129,I553,Terrain de camping,2024-10,3918.0,62099.9104197446
3094,129,I553,Terrain de camping,2024-11,3918.0,13937.249151620123
3095,129,I553,Terrain de camping,2024-12,3918.0,11311.34674023015
3096,130,I551,Hôtel,2024-01,2403.0,31897.473309608544
3097,130,I551,Hôtel,2024-02,2403.0,33502.15616495708
3098,130,I551,Hôtel,2024-03,2403.0,42979.342683692696
3099,130,I551,Hôtel,2024-04,2403.0,53714.117647058825
3100,130,I551,Hôtel,2024-05,2403.0,70887.74544693322
3101,130,I551,Hôtel,2024-06,2403.0,74268.14318610006
3102,130,I551,Hôtel,2024-07,2403.0,82865.0177935943
3103,130,I551,Hôtel,2024-08,2403.0,94059.35854441344
3104,130,I551,Hôtel,2024-09,2403.0,70428.65959899477
3105,130,I551,Hôtel,2024-10,2403.0,54189.16325215113
3106,130,I551,Hôtel,2024-11,2403.0,35049.09669545677
3107,130,I551,Hôtel,2024-12,2403.0,31473.77585512476
3108,130,I553,Terrain de camping,2024-01,2881.0,25327.874191007413
3109,130,I553,Terrain de camping,2024-02,2881.0,26602.05679105967
3110,130,I553,Terrain de camping,2024-03,2881.0,34127.32330672881
3111,130,I553,Terrain de camping,2024-04,2881.0,42651.16552776804
3112,130,I553,Terrain de camping,2024-05,2881.0,56287.71536030223
3113,130,I553,Terrain de camping,2024-06,2881.0,58971.88685633708
3114,130,I553,Terrain de camping,2024-07,2881.0,65798.15037824714
3115,130,I553,Terrain de camping,2024-08,2881.0,74686.90628176274
3116,130,I553,Terrain de camping,2024-09,2881.0,55923.182769065475
3117,130,I553,Terrain de camping,2024-10,2881.0,43028.37080681893
3118,130,I553,Terrain de camping,2024-11,2881.0,27830.38966737135
3119,130,I553,Terrain de camping,2024-12,2881.0,24991.44140468441
3120,131,I551,Hôtel,2024-01,7322.0,103458.51747113762
3121,131,I551,Hôtel,2024-02,7322.0,115468.53467996592
3122,131,I551,Hôtel,2024-03,7322.0,146119.9173541844
3123,131,I551,Hôtel,2024-04,7322.0,164300.48169014085
3124,131,I551,Hôtel,2024-05,7322.0,213413.34909194193
3125,131,I551,Hôtel,2024-06,7322.0,225950.81061935076
3126,131,I551,Hôtel,2024-07,7322.0,271628.1163650945
3127,131,I551,Hôtel,2024-08,7322.0,340605.4035285768
3128,131,I551,Hôtel,2024-09,7322.0,217890.08354791338
3129,131,I551,Hôtel,2024-10,7322.0,174892.81111859443
3130,131,I551,Hôtel,2024-11,7322.0,136998.11569931745
3131,131,I551,Hôtel,2024-12,7322.0,117804.0696023581
3132,131,I553,Terrain de camping,2024-01,14364.0,137815.6457726522
3133,131,I553,Terrain de camping,2024-02,14364.0,150546.6905108982
3134,131,I553,Terrain de camping,2024-03,14364.0,191419.02425112744
3135,131,I553,Terrain de camping,2024-04,14364.0,223624.98793302648
3136,131,I553,Terrain de camping,2024-05,14364.0,292211.18535696325
3137,131,I553,Terrain de camping,2024-06,14364.0,308156.82238114974
3138,131,I553,Terrain de camping,2024-07,14364.0,360459.90784508974
3139,131,I553,Terrain de camping,2024-08,14364.0,436658.7416081686
3140,131,I553,Terrain de camping,2024-09,14364.0,295310.31257611734
3141,131,I553,Terrain de camping,2024-10,14364.0,233389.08322721533
3142,131,I553,Terrain de camping,2024-11,14364.0,171298.18563410445
3143,131,I553,Terrain de camping,2024-12,14364.0,149377.80421370978
3144,132,I551,Hôtel,2024-01,245.0,3252.135231316726
3145,132,I551,Hôtel,2024-02,245.0,3415.7420975507644
3146,132,I551,Hôtel,2024-03,245.0,4381.99706929035
3147,132,I551,Hôtel,2024-04,245.0,5476.470588235294
3148,132,I551,Hôtel,2024-05,245.0,7227.423068871677
3149,132,I551,Hôtel,2024-06,245.0,7572.074523759682
3150,132,I551,Hôtel,2024-07,245.0,8448.576512455516
3151,132,I551,Hôtel,2024-08,245.0,9589.905469571906
3152,132,I551,Hôtel,2024-09,245.0,7180.616563359849
3153,132,I551,Hôtel,2024-10,245.0,5524.9042849675525
3154,132,I551,Hôtel,2024-11,245.0,3573.4617937523553
3155,132,I551,Hôtel,2024-12,245.0,3208.936780901193
3156,132,I553,Terrain de camping,2024-01,1386.0,12184.80861809659
3157,132,I553,Terrain de camping,2024-02,1386.0,12797.796151478202
3158,132,I553,Terrain de camping,2024-03,1386.0,16418.073621355823
3159,132,I553,Terrain de camping,2024-04,1386.0,20518.748844667305
3160,132,I553,Terrain de camping,2024-05,1386.0,27079.060565560187
3161,132,I553,Terrain de camping,2024-06,1386.0,28370.369726790417
3162,132,I553,Terrain de camping,2024-07,1386.0,31654.368769264333
3163,132,I553,Terrain de camping,2024-08,1386.0,35930.59774610314
3164,132,I553,Terrain de camping,2024-09,1386.0,26903.690148533406
3165,132,I553,Terrain de camping,2024-10,1386.0,20700.215875824728
3166,132,I553,Terrain de camping,2024-11,1386.0,13388.726164171014
3167,132,I553,Terrain de camping,2024-12,1386.0,12022.956538317458
3168,133,I551,Hôtel,2024-01,881.0,11732.993898384375
3169,133,I551,Hôtel,2024-02,881.0,12365.152382749502
3170,133,I551,Hôtel,2024-03,881.0,15850.65004574934
3171,133,I551,Hôtel,2024-04,881.0,19696.833968516985
3172,133,I551,Hôtel,2024-05,881.0,25973.31745678874
3173,133,I551,Hôtel,2024-06,881.0,27226.431231025817
3174,133,I551,Hôtel,2024-07,881.0,30498.215648338428
3175,133,I551,Hôtel,2024-08,881.0,34817.02560992722
3176,133,I551,Hôtel,2024-09,881.0,25841.181505676894
3177,133,I551,Hôtel,2024-10,881.0,19927.303190545317
3178,133,I551,Hôtel,2024-11,881.0,13035.837097144265
3179,133,I551,Hôtel,2024-12,881.0,11673.931411419946
3180,133,I553,Terrain de camping,2024-01,7621.0,67317.3315979658
3181,133,I553,Terrain de camping,2024-02,7621.0,70863.94813370501
3182,133,I553,Terrain de camping,2024-03,7621.0,90862.81108716104
3183,133,I553,Terrain de camping,2024-04,7621.0,113126.50224702944
3184,133,I553,Terrain de camping,2024-05,7621.0,149215.2442793493
3185,133,I553,Terrain de camping,2024-06,7621.0,156386.33137794564
3186,133,I553,Terrain de camping,2024-07,7621.0,174947.89390407177
3187,133,I553,Terrain de camping,2024-08,7621.0,199341.0611234134
3188,133,I553,Terrain de camping,2024-09,7621.0,148386.6810391934
3189,133,I553,Terrain de camping,2024-10,7621.0,114341.92842550827
3190,133,I553,Terrain de camping,2024-11,7621.0,74516.99201515513
3191,133,I553,Terrain de camping,2024-12,7621.0,66792.85117034297
3192,134,I551,Hôtel,2024-01,782.0,6787.336343115125
3193,134,I551,Hôtel,2024-02,782.0,8649.661399548533
3194,134,I551,Hôtel,2024-03,782.0,11297.516930022573
3195,134,I551,Hôtel,2024-04,782.0,12939.187358916479
3196,134,I551,Hôtel,2024-05,782.0,18279.02934537246
3197,134,I551,Hôtel,2024-06,782.0,17572.93453724605
3198,134,I551,Hôtel,2024-07,782.0,17555.28216704289
3199,134,I551,Hôtel,2024-08,782.0,19633.06890940632
3200,134,I551,Hôtel,2024-09,782.0,18232.667075539506
3201,134,I551,Hôtel,2024-10,782.0,15354.03096634086
3202,134,I551,Hôtel,2024-11,782.0,10589.674926480811
3203,134,I551,Hôtel,2024-12,782.0,8546.341766067719
3204,134,I553,Terrain de camping,2024-01,3288.0,16157.233247854225
3205,134,I553,Terrain de camping,2024-02,3288.0,20590.492305457916
3206,134,I553,Terrain de camping,2024-03,3288.0,26893.704235700137
3207,134,I553,Terrain de camping,2024-04,3288.0,30801.69563245032
3208,134,I553,Terrain de camping,2024-05,3288.0,43513.173025105454
3209,134,I553,Terrain de camping,2024-06,3288.0,41832.31651037419
3210,134,I553,Terrain de camping,2024-07,3288.0,41790.295097505914
3211,134,I553,Terrain de camping,2024-08,3288.0,46736.460034465155
3212,134,I553,Terrain de camping,2024-09,3288.0,43402.807784645425
3213,134,I553,Terrain de camping,2024-10,3288.0,36550.223397959286
3214,134,I553,Terrain de camping,2024-11,3288.0,25208.68852766707
3215,134,I553,Terrain de camping,2024-12,3288.0,20344.540236362995
3216,135,I551,Hôtel,2024-01,7.0,129.29749308931466
3217,135,I551,Hôtel,2024-02,7.0,133.36097607473073
3218,135,I551,Hôtel,2024-03,7.0,163.78705557144218
3219,135,I551,Hôtel,2024-04,7.0,147.17281479363263
3220,135,I551,Hôtel,2024-05,7.0,164.0072443046421
3221,135,I551,Hôtel,2024-06,7.0,185.80592889143074
3222,135,I551,Hôtel,2024-07,7.0,174.28939090649126
3223,135,I551,Hôtel,2024-08,7.0,169.68506122152323
3224,135,I551,Hôtel,2024-09,7.0,180.3453351578496
3225,135,I551,Hôtel,2024-10,7.0,177.77568145620057
3226,135,I551,Hôtel,2024-11,7.0,151.40541552111335
3227,135,I551,Hôtel,2024-12,7.0,141.57828439252694
3228,135,I553,Terrain de camping,2024-01,0.0,0.0
3229,135,I553,Terrain de camping,2024-02,0.0,0.0
3230,135,I553,Terrain de camping,2024-03,0.0,0.0
3231,135,I553,Terrain de camping,2024-04,0.0,0.0
3232,135,I553,Terrain de camping,2024-05,0.0,0.0
3233,135,I553,Terrain de camping,2024-06,0.0,0.0
3234,135,I553,Terrain de camping,2024-07,0.0,0.0
3235,135,I553,Terrain de camping,2024-08,0.0,0.0
3236,135,I553,Terrain de camping,2024-09,0.0,0.0
3237,135,I553,Terrain de camping,2024-10,0.0,0.0
3238,135,I553,Terrain de camping,2024-11,0.0,0.0
3239,135,I553,Terrain de camping,2024-12,0.0,0.0
3240,136,I551,Hôtel,2024-01,52.0,451.3318284424379
3241,136,I551,Hôtel,2024-02,52.0,575.1693002257337
3242,136,I551,Hôtel,2024-03,52.0,751.2415349887133
3243,136,I551,Hôtel,2024-04,52.0,860.4063205417607
3244,136,I551,Hôtel,2024-05,52.0,1215.4853273137696
3245,136,I551,Hôtel,2024-06,52.0,1168.532731376975
3246,136,I551,Hôtel,2024-07,52.0,1167.3589164785553
3247,136,I551,Hôtel,2024-08,52.0,1305.5237637968398
3248,136,I551,Hôtel,2024-09,52.0,1212.4024142302485
3249,136,I551,Hôtel,2024-10,52.0,1020.9841563295713
3250,136,I551,Hôtel,2024-11,52.0,704.1727572595936
3251,136,I551,Hôtel,2024-12,52.0,568.29894096614
3252,136,I553,Terrain de camping,2024-01,156.0,766.5840592047625
3253,136,I553,Terrain de camping,2024-02,156.0,976.9211677772005
3254,136,I553,Terrain de camping,2024-03,156.0,1275.97866811716
3255,136,I553,Terrain de camping,2024-04,156.0,1461.3943183279348
3256,136,I553,Terrain de camping,2024-05,156.0,2064.4936106801856
3257,136,I553,Terrain de camping,2024-06,156.0,1984.744943922863
3258,136,I553,Terrain de camping,2024-07,156.0,1982.7512272539302
3259,136,I553,Terrain de camping,2024-08,156.0,2217.423286306741
3260,136,I553,Terrain de camping,2024-09,156.0,2059.2573036510603
3261,136,I553,Terrain de camping,2024-10,156.0,1734.1346867644916
3262,136,I553,Terrain de camping,2024-11,156.0,1196.0326673710654
3263,136,I553,Terrain de camping,2024-12,156.0,965.2519090245216
3264,137,I551,Hôtel,2024-01,0.0,0.0
3265,137,I551,Hôtel,2024-02,0.0,0.0
3266,137,I551,Hôtel,2024-03,0.0,0.0
3267,137,I551,Hôtel,2024-04,0.0,0.0
3268,137,I551,Hôtel,2024-05,0.0,0.0
3269,137,I551,Hôtel,2024-06,0.0,0.0
3270,137,I551,Hôtel,2024-07,0.0,0.0
3271,137,I551,Hôtel,2024-08,0.0,0.0
3272,137,I551,Hôtel,2024-09,0.0,0.0
3273,137,I551,Hôtel,2024-10,0.0,0.0
3274,137,I551,Hôtel,2024-11,0.0,0.0
3275,137,I551,Hôtel,2024-12,0.0,0.0
3276,137,I553,Terrain de camping,2024-01,0.0,0.0
3277,137,I553,Terrain de camping,2024-02,0.0,0.0
3278,137,I553,Terrain de camping,2024-03,0.0,0.0
3279,137,I553,Terrain de camping,2024-04,0.0,0.0
3280,137,I553,Terrain de camping,2024-05,0.0,0.0
3281,137,I553,Terrain de camping,2024-06,0.0,0.0
3282,137,I553,Terrain de camping,2024-07,0.0,0.0
3283,137,I553,Terrain de camping,2024-08,0.0,0.0
3284,137,I553,Terrain de camping,2024-09,0.0,0.0
3285,137,I553,Terrain de camping,2024-10,0.0,0.0
3286,137,I553,Terrain de camping,2024-11,0.0,0.0
3287,137,I553,Terrain de camping,2024-12,0.0,0.0
3288,138,I551,Hôtel,2024-01,326.0,5794.308147944073
3289,138,I551,Hôtel,2024-02,326.0,5560.3443763344585
3290,138,I551,Hôtel,2024-03,326.0,8067.259453130381
3291,138,I551,Hôtel,2024-04,326.0,8546.638198223018
3292,138,I551,Hôtel,2024-05,326.0,10008.799504098079
3293,138,I551,Hôtel,2024-06,326.0,10309.000619877403
3294,138,I551,Hôtel,2024-07,326.0,10791.073765410842
3295,138,I551,Hôtel,2024-08,326.0,12845.445116684208
3296,138,I551,Hôtel,2024-09,326.0,10676.879215666093
3297,138,I551,Hôtel,2024-10,326.0,9244.92411498533
3298,138,I551,Hôtel,2024-11,326.0,6943.499001117158
3299,138,I551,Hôtel,2024-12,326.0,6281.543143101453
3300,138,I553,Terrain de camping,2024-01,599.0,5405.531100814435
3301,138,I553,Terrain de camping,2024-02,599.0,5187.265449142397
3302,138,I553,Terrain de camping,2024-03,599.0,7525.975622768421
3303,138,I553,Terrain de camping,2024-04,599.0,7973.189793900669
3304,138,I553,Terrain de camping,2024-05,599.0,9337.24538285299
3305,138,I553,Terrain de camping,2024-06,599.0,9617.304093299743
3306,138,I553,Terrain de camping,2024-07,599.0,10067.031880382152
3307,138,I553,Terrain de camping,2024-08,599.0,11983.562370026648
3308,138,I553,Terrain de camping,2024-09,599.0,9960.49937047279
3309,138,I553,Terrain de camping,2024-10,599.0,8624.62325997525
3310,138,I553,Terrain de camping,2024-11,599.0,6477.615418560412
3311,138,I553,Terrain de camping,2024-12,599.0,5860.074396145199
3312,139,I551,Hôtel,2024-01,2086.0,31303.22455316626
3313,139,I551,Hôtel,2024-02,2086.0,31074.543178621156
3314,139,I551,Hôtel,2024-03,2086.0,47629.92818144078
3315,139,I551,Hôtel,2024-04,2086.0,49762.46816914778
3316,139,I551,Hôtel,2024-05,2086.0,58215.01767258034
3317,139,I551,Hôtel,2024-06,2086.0,60507.96367877563
3318,139,I551,Hôtel,2024-07,2086.0,69455.88578554371
3319,139,I551,Hôtel,2024-08,2086.0,85065.93222872916
3320,139,I551,Hôtel,2024-09,2086.0,64570.38512665662
3321,139,I551,Hôtel,2024-10,2086.0,54520.06795672702
3322,139,I551,Hôtel,2024-11,2086.0,41668.440572383355
3323,139,I551,Hôtel,2024-12,2086.0,34158.01061862371
3324,139,I553,Terrain de camping,2024-01,16779.0,112633.370388867
3325,139,I553,Terrain de camping,2024-02,16779.0,126606.85873991004
3326,139,I553,Terrain de camping,2024-03,16779.0,229222.9942503048
3327,139,I553,Terrain de camping,2024-04,16779.0,230361.00821893118
3328,139,I553,Terrain de camping,2024-05,16779.0,268683.01806394913
3329,139,I553,Terrain de camping,2024-06,16779.0,286525.2423190974
3330,139,I553,Terrain de camping,2024-07,16779.0,409383.3451053166
3331,139,I553,Terrain de camping,2024-08,16779.0,530028.6992871817
3332,139,I553,Terrain de camping,2024-09,16779.0,330798.16523056
3333,139,I553,Terrain de camping,2024-10,16779.0,261559.61316204868
3334,139,I553,Terrain de camping,2024-11,16779.0,209338.08062436446
3335,139,I553,Terrain de camping,2024-12,16779.0,126085.87567273158
3336,140,I551,Hôtel,2024-01,470.0,8353.75714580894
3337,140,I551,Hôtel,2024-02,470.0,8016.447413733727
3338,140,I551,Hôtel,2024-03,470.0,11630.71148150699
3339,140,I551,Hôtel,2024-04,470.0,12321.840347131345
3340,140,I551,Hôtel,2024-05,470.0,14429.864315724224
3341,140,I551,Hôtel,2024-06,470.0,14862.66960534472
3342,140,I551,Hôtel,2024-07,470.0,15557.683036021765
3343,140,I551,Hôtel,2024-08,470.0,18519.506763317724
3344,140,I551,Hôtel,2024-09,470.0,15393.046721972587
3345,140,I551,Hôtel,2024-10,470.0,13328.57157681934
3346,140,I551,Hôtel,2024-11,470.0,10010.566044555411
3347,140,I551,Hôtel,2024-12,470.0,9056.212506925409
3348,140,I553,Terrain de camping,2024-01,17544.0,158321.59871901243
3349,140,I553,Terrain de camping,2024-02,17544.0,151928.85649374663
3350,140,I553,Terrain de camping,2024-03,17544.0,220426.90538539094
3351,140,I553,Terrain de camping,2024-04,17544.0,233525.27837094045
3352,140,I553,Terrain de camping,2024-05,17544.0,273476.8497441951
3353,140,I553,Terrain de camping,2024-06,17544.0,281679.43741711305
3354,140,I553,Terrain de camping,2024-07,17544.0,294851.4312344315
3355,140,I553,Terrain de camping,2024-08,17544.0,350984.33759557176
3356,140,I553,Terrain de camping,2024-09,17544.0,291731.22029311286
3357,140,I553,Terrain de camping,2024-10,17544.0,252604.9924424137
3358,140,I553,Terrain de camping,2024-11,17544.0,189721.6776347644
3359,140,I553,Terrain de camping,2024-12,17544.0,171634.6330650607
3360,141,I551,Hôtel,2024-01,0.0,0.0
3361,141,I551,Hôtel,2024-02,0.0,0.0
3362,141,I551,Hôtel,2024-03,0.0,0.0
3363,141,I551,Hôtel,2024-04,0.0,0.0
3364,141,I551,Hôtel,2024-05,0.0,0.0
3365,141,I551,Hôtel,2024-06,0.0,0.0
3366,141,I551,Hôtel,2024-07,0.0,0.0
3367,141,I551,Hôtel,2024-08,0.0,0.0
3368,141,I551,Hôtel,2024-09,0.0,0.0
3369,141,I551,Hôtel,2024-10,0.0,0.0
3370,141,I551,Hôtel,2024-11,0.0,0.0
3371,141,I551,Hôtel,2024-12,0.0,0.0
3372,141,I553,Terrain de camping,2024-01,0.0,0.0
3373,141,I553,Terrain de camping,2024-02,0.0,0.0
3374,141,I553,Terrain de camping,2024-03,0.0,0.0
3375,141,I553,Terrain de camping,2024-04,0.0,0.0
3376,141,I553,Terrain de camping,2024-05,0.0,0.0
3377,141,I553,Terrain de camping,2024-06,0.0,0.0
3378,141,I553,Terrain de camping,2024-07,0.0,0.0
3379,141,I553,Terrain de camping,2024-08,0.0,0.0
3380,141,I553,Terrain de camping,2024-09,0.0,0.0
3381,141,I553,Terrain de camping,2024-10,0.0,0.0
3382,141,I553,Terrain de camping,2024-11,0.0,0.0
3383,141,I553,Terrain de camping,2024-12,0.0,0.0
3384,142,I551,Hôtel,2024-01,1558.0,22147.00657276995
3385,142,I551,Hôtel,2024-02,1558.0,24853.391549295775
3386,142,I551,Hôtel,2024-03,1558.0,31413.08356807512
3387,142,I551,Hôtel,2024-04,1558.0,34973.80845070422
3388,142,I551,Hôtel,2024-05,1558.0,45356.08638497653
3389,142,I551,Hôtel,2024-06,1558.0,48071.24882629108
3390,142,I551,Hôtel,2024-07,1558.0,58203.36901408451
3391,142,I551,Hôtel,2024-08,1558.0,73619.28914158027
3392,142,I551,Hôtel,2024-09,1558.0,46433.13924655305
3393,142,I551,Hôtel,2024-10,1558.0,37421.42011352094
3394,142,I551,Hôtel,2024-11,1558.0,29790.787419746666
3395,142,I551,Hôtel,2024-12,1558.0,25530.77303654535
3396,142,I553,Terrain de camping,2024-01,14195.0,145625.61904048658
3397,142,I553,Terrain de camping,2024-02,14195.0,163421.20628039012
3398,142,I553,Terrain de camping,2024-03,14195.0,206553.86205537806
3399,142,I553,Terrain de camping,2024-04,14195.0,229967.08332128366
3400,142,I553,Terrain de camping,2024-05,14195.0,298234.80366809206
3401,142,I553,Terrain de camping,2024-06,14195.0,316088.106326071
3402,142,I553,Terrain de camping,2024-07,14195.0,382710.9372577317
3403,142,I553,Terrain de camping,2024-08,14195.0,484076.9121252096
3404,142,I553,Terrain de camping,2024-09,14195.0,305316.8663925081
3405,142,I553,Terrain de camping,2024-10,14195.0,246061.13027057383
3406,142,I553,Terrain de camping,2024-11,14195.0,195886.6018958133
3407,142,I553,Terrain de camping,2024-12,14195.0,167875.26638477328
3408,143,I551,Hôtel,2024-01,1061.0,15082.139906103288
3409,143,I551,Hôtel,2024-02,1061.0,16925.191549295774
3410,143,I551,Hôtel,2024-03,1061.0,21392.350234741785
3411,143,I551,Hôtel,2024-04,1061.0,23817.208450704224
3412,143,I551,Hôtel,2024-05,1061.0,30887.553051643197
3413,143,I551,Hôtel,2024-06,1061.0,32736.582159624413
3414,143,I551,Hôtel,2024-07,1061.0,39636.56901408451
3415,143,I551,Hôtel,2024-08,1061.0,50134.83041028028
3416,143,I551,Hôtel,2024-09,1061.0,31621.02743298638
3417,143,I551,Hôtel,2024-10,1061.0,25484.035135074275
3418,143,I551,Hôtel,2024-11,1061.0,20287.564475193336
3419,143,I551,Hôtel,2024-12,1061.0,17386.489211665354
3420,143,I553,Terrain de camping,2024-01,19710.0,202203.65983008035
3421,143,I553,Terrain de camping,2024-02,19710.0,226913.1367232469
3422,143,I553,Terrain de camping,2024-03,19710.0,286803.56612268416
3423,143,I553,Terrain de camping,2024-04,19710.0,319313.2238296936
3424,143,I553,Terrain de camping,2024-05,19710.0,414104.11978147906
3425,143,I553,Terrain de camping,2024-06,19710.0,438893.7355186235
3426,143,I553,Terrain de camping,2024-07,19710.0,531400.6744170405
3427,143,I553,Terrain de camping,2024-08,19710.0,672149.0622041479
3428,143,I553,Terrain de camping,2024-09,19710.0,423937.68486060825
3429,143,I553,Terrain de camping,2024-10,19710.0,341660.08296111383
3430,143,I553,Terrain de camping,2024-11,19710.0,271991.8931572018
3431,143,I553,Terrain de camping,2024-12,19710.0,233097.67526903003
3432,144,I551,Hôtel,2024-01,1250.0,17768.779342723006
3433,144,I551,Hôtel,2024-02,1250.0,19940.140845070422
3434,144,I551,Hôtel,2024-03,1250.0,25203.051643192488
3435,144,I551,Hôtel,2024-04,1250.0,28059.859154929578
3436,144,I551,Hôtel,2024-05,1250.0,36389.67136150235
3437,144,I551,Hôtel,2024-06,1250.0,38568.07511737089
3438,144,I551,Hôtel,2024-07,1250.0,46697.18309859155
3439,144,I551,Hôtel,2024-08,1250.0,59065.54006866197
3440,144,I551,Hôtel,2024-09,1250.0,37253.8023480047
3441,144,I551,Hôtel,2024-10,1250.0,30023.60407053991
3442,144,I551,Hôtel,2024-11,1250.0,23901.466158333333
3443,144,I551,Hôtel,2024-12,1250.0,20483.611229577466
3444,144,I553,Terrain de camping,2024-01,3643.0,37373.30962765006
3445,144,I553,Terrain de camping,2024-02,3643.0,41940.36311937029
3446,144,I553,Terrain de camping,2024-03,3643.0,53009.913312274904
3447,144,I553,Terrain de camping,2024-04,3643.0,59018.67450084088
3448,144,I553,Terrain de camping,2024-05,3643.0,76538.87916610493
3449,144,I553,Terrain de camping,2024-06,3643.0,81120.74472320372
3450,144,I553,Terrain de camping,2024-07,3643.0,98218.80552517904
3451,144,I553,Terrain de camping,2024-08,3643.0,124233.33503854445
3452,144,I553,Terrain de camping,2024-09,3643.0,78356.41734891913
3453,144,I553,Terrain de camping,2024-10,3643.0,63149.04526774925
3454,144,I553,Terrain de camping,2024-11,3643.0,50272.27127202873
3455,144,I553,Terrain de camping,2024-12,3643.0,43083.451598431064
3456,145,I551,Hôtel,2024-01,4476.0,72543.05867265149
3457,145,I551,Hôtel,2024-02,4476.0,81297.01827508816
3458,145,I551,Hôtel,2024-03,4476.0,102684.42449503046
3459,145,I551,Hôtel,2024-04,4476.0,115824.93106764989
3460,145,I551,Hôtel,2024-05,4476.0,135930.33664636101
3461,145,I551,Hôtel,2024-06,4476.0,138886.59185636422
3462,145,I551,Hôtel,2024-07,4476.0,139336.24879769157
3463,145,I551,Hôtel,2024-08,4476.0,164481.76078074254
3464,145,I551,Hôtel,2024-09,4476.0,139547.07288565053
3465,145,I551,Hôtel,2024-10,4476.0,121008.34662738057
3466,145,I551,Hôtel,2024-11,4476.0,94564.15677486503
3467,145,I551,Hôtel,2024-12,4476.0,80417.90922529402
3468,145,I553,Terrain de camping,2024-01,1115.0,11547.472482533487
3469,145,I553,Terrain de camping,2024-02,1115.0,12940.936026419817
3470,145,I553,Terrain de camping,2024-03,1115.0,16345.40351533556
3471,145,I553,Terrain de camping,2024-04,1115.0,18437.121742141986
3472,145,I553,Terrain de camping,2024-05,1115.0,21637.519160149786
3473,145,I553,Terrain de camping,2024-06,1115.0,22108.09865201959
3474,145,I553,Terrain de camping,2024-07,1115.0,22179.675467935067
3475,145,I553,Terrain de camping,2024-08,1115.0,26182.36177585283
3476,145,I553,Terrain de camping,2024-09,1115.0,22213.234645048717
3477,145,I553,Terrain de camping,2024-10,1115.0,19262.22271853756
3478,145,I553,Terrain de camping,2024-11,1115.0,15052.8116427962
3479,145,I553,Terrain de camping,2024-12,1115.0,12800.998618935357
3480,146,I551,Hôtel,2024-01,300.0,4862.135299775569
3481,146,I551,Hôtel,2024-02,300.0,5448.861814684194
3482,146,I551,Hôtel,2024-03,300.0,6882.334081436357
3483,146,I551,Hôtel,2024-04,300.0,7763.065084963128
3484,146,I551,Hôtel,2024-05,300.0,9110.612375761462
3485,146,I551,Hôtel,2024-06,300.0,9308.75280538634
3486,146,I551,Hôtel,2024-07,300.0,9338.890670086566
3487,146,I551,Hôtel,2024-08,300.0,11024.246701122154
3488,146,I551,Hôtel,2024-09,300.0,9353.020970888107
3489,146,I551,Hôtel,2024-10,300.0,8110.478996473228
3490,146,I551,Hôtel,2024-11,300.0,6338.080212792563
3491,146,I551,Hôtel,2024-12,300.0,5389.940296601475
3492,146,I553,Terrain de camping,2024-01,151.0,1563.8281119843555
3493,146,I553,Terrain de camping,2024-02,151.0,1752.5393183761366
3494,146,I553,Terrain de camping,2024-03,151.0,2213.592763063381
3495,146,I553,Terrain de camping,2024-04,151.0,2496.865814406673
3496,146,I553,Terrain de camping,2024-05,151.0,2930.282863840913
3497,146,I553,Terrain de camping,2024-06,151.0,2994.011566327317
3498,146,I553,Terrain de camping,2024-07,151.0,3003.7049288414305
3499,146,I553,Terrain de camping,2024-08,151.0,3545.7727606760336
3500,146,I553,Terrain de camping,2024-09,151.0,3008.2497142622033
3501,146,I553,Terrain de camping,2024-10,151.0,2608.6059466360284
3502,146,I553,Terrain de camping,2024-11,151.0,2038.542204540113
3503,146,I553,Terrain de camping,2024-12,151.0,1733.588153775102
3504,147,I551,Hôtel,2024-01,343.0,5559.041359410067
3505,147,I551,Hôtel,2024-02,343.0,6229.865341455595
3506,147,I551,Hôtel,2024-03,343.0,7868.801966442235
3507,147,I551,Hôtel,2024-04,343.0,8875.771080474511
3508,147,I551,Hôtel,2024-05,343.0,10416.466816287273
3509,147,I551,Hôtel,2024-06,343.0,10643.007374158384
3510,147,I551,Hôtel,2024-07,343.0,10677.46499946564
3511,147,I551,Hôtel,2024-08,343.0,12604.388728282996
3512,147,I551,Hôtel,2024-09,343.0,10693.620643382068
3513,147,I551,Hôtel,2024-10,343.0,9272.980985967723
3514,147,I551,Hôtel,2024-11,343.0,7246.538376626163
3515,147,I551,Hôtel,2024-12,343.0,6162.49840578102
3516,147,I553,Terrain de camping,2024-01,212.0,2195.5732433157837
3517,147,I553,Terrain de camping,2024-02,212.0,2460.51877811749
3518,147,I553,Terrain de camping,2024-03,212.0,3107.8256011220974
3519,147,I553,Terrain de camping,2024-04,212.0,3505.5334612861893
3520,147,I553,Terrain de camping,2024-05,212.0,4114.03951744552
3521,147,I553,Terrain de camping,2024-06,212.0,4203.512927558882
3522,147,I553,Terrain de camping,2024-07,212.0,4217.122151750883
3523,147,I553,Terrain de camping,2024-08,212.0,4978.171028233902
3524,147,I553,Terrain de camping,2024-09,212.0,4223.50291008998
3525,147,I553,Terrain de camping,2024-10,212.0,3662.413646932702
3526,147,I553,Terrain de camping,2024-11,212.0,2862.0592540563175
3527,147,I553,Terrain de camping,2024-12,212.0,2433.9118450352425
3528,148,I551,Hôtel,2024-01,146.0,2399.2169042923947
3529,148,I551,Hôtel,2024-02,146.0,2642.209992071688
3530,148,I551,Hôtel,2024-03,146.0,3316.0744423891674
3531,148,I551,Hôtel,2024-04,146.0,3692.9733712057514
3532,148,I551,Hôtel,2024-05,146.0,4342.344630631151
3533,148,I551,Hôtel,2024-06,146.0,4469.292961274606
3534,148,I551,Hôtel,2024-07,146.0,4480.68665027711
3535,148,I551,Hôtel,2024-08,146.0,5282.156276924195
3536,148,I551,Hôtel,2024-09,146.0,4448.120073010905
3537,148,I551,Hôtel,2024-10,146.0,3873.16461119143
3538,148,I551,Hôtel,2024-11,146.0,3071.794799549005
3539,148,I551,Hôtel,2024-12,146.0,2620.567433140194
3540,148,I553,Terrain de camping,2024-01,317.0,3187.6866087220706
3541,148,I553,Terrain de camping,2024-02,317.0,3445.58849282091
3542,148,I553,Terrain de camping,2024-03,317.0,4294.171945632025
3543,148,I553,Terrain de camping,2024-04,317.0,4714.392924466818
3544,148,I553,Terrain de camping,2024-05,317.0,5555.429789300254
3545,148,I553,Terrain de camping,2024-06,317.0,5764.8254668874215
3546,148,I553,Terrain de camping,2024-07,317.0,5775.1087769180795
3547,148,I553,Terrain de camping,2024-08,317.0,6797.858239968766
3548,148,I553,Terrain de camping,2024-09,317.0,5676.6460853491235
3549,148,I553,Terrain de camping,2024-10,317.0,4966.029970887566
3550,148,I553,Terrain de camping,2024-11,317.0,4003.5089202699464
3551,148,I553,Terrain de camping,2024-12,317.0,3427.2081953725365
3552,149,I551,Hôtel,2024-01,36.0,583.4562359730683
3553,149,I551,Hôtel,2024-02,36.0,653.8634177621033
3554,149,I551,Hôtel,2024-03,36.0,825.8800897723629
3555,149,I551,Hôtel,2024-04,36.0,931.5678101955755
3556,149,I551,Hôtel,2024-05,36.0,1093.2734850913755
3557,149,I551,Hôtel,2024-06,36.0,1117.050336646361
3558,149,I551,Hôtel,2024-07,36.0,1120.6668804103879
3559,149,I551,Hôtel,2024-08,36.0,1322.9096041346586
3560,149,I551,Hôtel,2024-09,36.0,1122.3625165065728
3561,149,I551,Hôtel,2024-10,36.0,973.2574795767873
3562,149,I551,Hôtel,2024-11,36.0,760.5696255351075
3563,149,I551,Hôtel,2024-12,36.0,646.792835592177
3564,149,I553,Terrain de camping,2024-01,117.0,1211.7078748488052
3565,149,I553,Terrain de camping,2024-02,117.0,1357.9278162252185
3566,149,I553,Terrain de camping,2024-03,117.0,1715.1679025060632
3567,149,I553,Terrain de camping,2024-04,117.0,1934.6576177853028
3568,149,I553,Terrain de camping,2024-05,117.0,2270.4840733071974
3569,149,I553,Terrain de camping,2024-06,117.0,2319.863266624477
3570,149,I553,Terrain de camping,2024-07,117.0,2327.374017711572
3571,149,I553,Terrain de camping,2024-08,117.0,2747.3868410536156
3572,149,I553,Terrain de camping,2024-09,117.0,2330.8954739647534
3573,149,I553,Terrain de camping,2024-10,117.0,2021.237720241161
3574,149,I553,Terrain de camping,2024-11,117.0,1579.5327015310809
3575,149,I553,Terrain de camping,2024-12,117.0,1343.24380126945
3576,150,I551,Hôtel,2024-01,1159.0,11535.544663431869
3577,150,I551,Hôtel,2024-02,1159.0,14638.375832998341
3578,150,I551,Hôtel,2024-03,1159.0,20942.893793301286
3579,150,I551,Hôtel,2024-04,1159.0,31331.638831169566
3580,150,I551,Hôtel,2024-05,1159.0,37476.176528649856
3581,150,I551,Hôtel,2024-06,1159.0,34481.029635962506
3582,150,I551,Hôtel,2024-07,1159.0,36703.39191828831
3583,150,I551,Hôtel,2024-08,1159.0,44764.43889647083
3584,150,I551,Hôtel,2024-09,1159.0,32032.20659879605
3585,150,I551,Hôtel,2024-10,1159.0,27623.612270955673
3586,150,I551,Hôtel,2024-11,1159.0,17861.63150433586
3587,150,I551,Hôtel,2024-12,1159.0,15105.503146511051
3588,150,I553,Terrain de camping,2024-01,1511.0,11772.228110862714
3589,150,I553,Terrain de camping,2024-02,1511.0,15042.084013095253
3590,150,I553,Terrain de camping,2024-03,1511.0,21675.097458210763
3591,150,I553,Terrain de camping,2024-04,1511.0,32717.679309368745
3592,150,I553,Terrain de camping,2024-05,1511.0,39199.853162424515
3593,150,I553,Terrain de camping,2024-06,1511.0,35973.07317974966
3594,150,I553,Terrain de camping,2024-07,1511.0,38183.405692763066
3595,150,I553,Terrain de camping,2024-08,1511.0,46680.29068546643
3596,150,I553,Terrain de camping,2024-09,1511.0,33302.979622315375
3597,150,I553,Terrain de camping,2024-10,1511.0,28700.04298776047
3598,150,I553,Terrain de camping,2024-11,1511.0,18426.39740576394
3599,150,I553,Terrain de camping,2024-12,1511.0,15506.017386817635
3600,151,I551,Hôtel,2024-01,214.0,2955.409235458801
3601,151,I551,Hôtel,2024-02,214.0,3088.664995908863
3602,151,I551,Hôtel,2024-03,214.0,4314.993358073978
3603,151,I551,Hôtel,2024-04,214.0,5337.827180683427
3604,151,I551,Hôtel,2024-05,214.0,6983.779190079986
3605,151,I551,Hôtel,2024-06,214.0,6688.545515844186
3606,151,I551,Hôtel,2024-07,214.0,6955.931131323845
3607,151,I551,Hôtel,2024-08,214.0,8049.046155412263
3608,151,I551,Hôtel,2024-09,214.0,6322.774374892188
3609,151,I551,Hôtel,2024-10,214.0,5273.2689153806
3610,151,I551,Hôtel,2024-11,214.0,3748.156691501821
3611,151,I551,Hôtel,2024-12,214.0,3636.016494058485
3612,151,I553,Terrain de camping,2024-01,717.0,4453.304952650147
3613,151,I553,Terrain de camping,2024-02,717.0,4655.181652227747
3614,151,I553,Terrain de camping,2024-03,717.0,6498.253340101379
3615,151,I553,Terrain de camping,2024-04,717.0,8034.919560204873
3616,151,I553,Terrain de camping,2024-05,717.0,10506.22612082939
3617,151,I553,Terrain de camping,2024-06,717.0,10064.373344772786
3618,151,I553,Terrain de camping,2024-07,717.0,10471.888620393724
3619,151,I553,Terrain de camping,2024-08,717.0,12115.962292292294
3620,151,I553,Terrain de camping,2024-09,717.0,9517.901610912308
3621,151,I553,Terrain de camping,2024-10,717.0,7939.931925090892
3622,151,I553,Terrain de camping,2024-11,717.0,5646.489103081858
3623,151,I553,Terrain de camping,2024-12,717.0,5477.126668097757
3624,152,I551,Hôtel,2024-01,5494.0,75608.201718826
3625,152,I551,Hôtel,2024-02,5494.0,78735.15809956219
3626,152,I551,Hôtel,2024-03,5494.0,111358.84546781256
3627,152,I551,Hôtel,2024-04,5494.0,138717.48662234473
3628,152,I551,Hôtel,2024-05,5494.0,183136.3029025458
3629,152,I551,Hôtel,2024-06,5494.0,174797.752553916
3630,152,I551,Hôtel,2024-07,5494.0,180436.96448840603
3631,152,I551,Hôtel,2024-08,5494.0,209201.30309675302
3632,152,I551,Hôtel,2024-09,5494.0,164219.69193853738
3633,152,I551,Hôtel,2024-10,5494.0,136468.94547572368
3634,152,I551,Hôtel,2024-11,5494.0,96241.62345461585
3635,152,I551,Hôtel,2024-12,5494.0,93473.32867943538
3636,152,I553,Terrain de camping,2024-01,3589.0,23022.157691941105
3637,152,I553,Terrain de camping,2024-02,3589.0,23974.29358800229
3638,152,I553,Terrain de camping,2024-03,3589.0,33907.97350645267
3639,152,I553,Terrain de camping,2024-04,3589.0,42238.48443751796
3640,152,I553,Terrain de camping,2024-05,3589.0,55763.696909771796
3641,152,I553,Terrain de camping,2024-06,3589.0,53224.66785360862
3642,152,I553,Terrain de camping,2024-07,3589.0,54941.76763197538
3643,152,I553,Terrain de camping,2024-08,3589.0,63700.30340311337
3644,152,I553,Terrain de camping,2024-09,3589.0,50003.723908032385
3645,152,I553,Terrain de camping,2024-10,3589.0,41553.81970965103
3646,152,I553,Terrain de camping,2024-11,3589.0,29304.887318182162
3647,152,I553,Terrain de camping,2024-12,3589.0,28461.961320695937
3648,153,I551,Hôtel,2024-01,474.0,6523.1684773796005
3649,153,I551,Hôtel,2024-02,474.0,6792.949570293497
3650,153,I551,Hôtel,2024-03,474.0,9607.58877898492
3651,153,I551,Hôtel,2024-04,474.0,11967.981190205935
3652,153,I551,Hôtel,2024-05,474.0,15800.25620236744
3653,153,I551,Hôtel,2024-06,474.0,15080.83995459705
3654,153,I551,Hôtel,2024-07,474.0,15567.368250364847
3655,153,I551,Hôtel,2024-08,474.0,18049.03852709518
3656,153,I551,Hôtel,2024-09,474.0,14168.207859276796
3657,153,I551,Hôtel,2024-10,474.0,11773.986195029674
3658,153,I551,Hôtel,2024-11,474.0,8303.33627912048
3659,153,I551,Hôtel,2024-12,474.0,8064.499052430356
3660,153,I553,Terrain de camping,2024-01,848.0,5439.6182008264295
3661,153,I553,Terrain de camping,2024-02,848.0,5664.586503935899
3662,153,I553,Terrain de camping,2024-03,848.0,8011.691706177728
3663,153,I553,Terrain de camping,2024-04,848.0,9980.00412455147
3664,153,I553,Terrain de camping,2024-05,848.0,13175.70771231164
3665,153,I553,Terrain de camping,2024-06,848.0,12575.792237353055
3666,153,I553,Terrain de camping,2024-07,848.0,12981.504305353894
3667,153,I553,Terrain de camping,2024-08,848.0,15050.949369139074
3668,153,I553,Terrain de camping,2024-09,848.0,11814.755607136101
3669,153,I553,Terrain de camping,2024-10,848.0,9818.233244297597
3670,153,I553,Terrain de camping,2024-11,848.0,6924.08594199456
3671,153,I553,Terrain de camping,2024-12,848.0,6724.921482293161
3672,154,I551,Hôtel,2024-01,1283.0,27812.814145974415
3673,154,I551,Hôtel,2024-02,1283.0,32981.77469633451
3674,154,I551,Hôtel,2024-03,1283.0,33369.30882511018
3675,154,I551,Hôtel,2024-04,1283.0,22013.593464473826
3676,154,I551,Hôtel,2024-05,1283.0,22050.829839836613
3677,154,I551,Hôtel,2024-06,1283.0,27799.02289584005
3678,154,I551,Hôtel,2024-07,1283.0,30440.047296571
3679,154,I551,Hôtel,2024-08,1283.0,30799.4767868308
3680,154,I551,Hôtel,2024-09,1283.0,24811.74941155358
3681,154,I551,Hôtel,2024-10,1283.0,20391.69657607836
3682,154,I551,Hôtel,2024-11,1283.0,17796.648563784478
3683,154,I551,Hôtel,2024-12,1283.0,26908.71461924519
3684,154,I553,Terrain de camping,2024-01,559.0,7035.655168405927
3685,154,I553,Terrain de camping,2024-02,559.0,8343.218790718885
3686,154,I553,Terrain de camping,2024-03,559.0,8441.25117542271
3687,154,I553,Terrain de camping,2024-04,559.0,5568.658094813083
3688,154,I553,Terrain de camping,2024-05,559.0,5578.077576617364
3689,154,I553,Terrain de camping,2024-06,559.0,7032.166471441378
3690,154,I553,Terrain de camping,2024-07,559.0,7700.251940152508
3691,154,I553,Terrain de camping,2024-08,559.0,7791.174848476401
3692,154,I553,Terrain de camping,2024-09,559.0,6276.492269656081
3693,154,I553,Terrain de camping,2024-10,559.0,5158.375727643392
3694,154,I553,Terrain de camping,2024-11,559.0,4501.92065394494
3695,154,I553,Terrain de camping,2024-12,559.0,6806.95006598081
3696,155,I551,Hôtel,2024-01,6427.0,139324.20617005267
3697,155,I551,Hôtel,2024-02,6427.0,165217.35461679028
3698,155,I551,Hôtel,2024-03,6427.0,167158.6498978824
3699,155,I551,Hôtel,2024-04,6427.0,110273.86219499086
3700,155,I551,Hôtel,2024-05,6427.0,110460.39234655487
3701,155,I551,Hôtel,2024-06,6427.0,139255.12092873268
3702,155,I551,Hôtel,2024-07,6427.0,152484.9446415135
3703,155,I551,Hôtel,2024-08,6427.0,154285.45386512985
3704,155,I551,Hôtel,2024-09,6427.0,124290.8133032384
3705,155,I551,Hôtel,2024-10,6427.0,102149.20802373782
3706,155,I551,Hôtel,2024-11,6427.0,89149.6962739227
3707,155,I551,Hôtel,2024-12,6427.0,134795.25242236076
3708,155,I553,Terrain de camping,2024-01,4376.0,55076.97140777162
3709,155,I553,Terrain de camping,2024-02,4376.0,65312.925631817256
3710,155,I553,Terrain de camping,2024-03,4376.0,66080.34909418566
3711,155,I553,Terrain de camping,2024-04,4376.0,43592.92991574606
3712,155,I553,Terrain de camping,2024-05,4376.0,43666.668113197826
3713,155,I553,Terrain de camping,2024-06,4376.0,55049.660964270966
3714,155,I553,Terrain de camping,2024-07,4376.0,60279.61089464647
3715,155,I553,Terrain de camping,2024-08,4376.0,60991.379493618486
3716,155,I553,Terrain de camping,2024-09,4376.0,49134.04324152953
3717,155,I553,Terrain de camping,2024-10,4376.0,40381.130919798714
3718,155,I553,Terrain de camping,2024-11,4376.0,35242.226800828365
3719,155,I553,Terrain de camping,2024-12,4376.0,53286.607314368564
3720,156,I551,Hôtel,2024-01,643.0,13938.924003009783
3721,156,I551,Hôtel,2024-02,643.0,16529.44749005697
3722,156,I551,Hôtel,2024-03,643.0,16723.667634096528
3723,156,I551,Hôtel,2024-04,643.0,11032.53359131463
3724,156,I551,Hôtel,2024-05,643.0,11051.195313339782
3725,156,I551,Hôtel,2024-06,643.0,13932.012254111576
3726,156,I551,Hôtel,2024-07,643.0,15255.612168117812
3727,156,I551,Hôtel,2024-08,643.0,15435.74713478738
3728,156,I551,Hôtel,2024-09,643.0,12434.882986460603
3729,156,I551,Hôtel,2024-10,643.0,10219.688930957433
3730,156,I551,Hôtel,2024-11,643.0,8919.130963767278
3731,156,I551,Hôtel,2024-12,643.0,13485.817225389445
3732,156,I553,Terrain de camping,2024-01,1459.0,18363.185850991496
3733,156,I553,Terrain de camping,2024-02,1459.0,21775.95029634858
3734,156,I553,Terrain de camping,2024-03,1459.0,22031.816574135482
3735,156,I553,Terrain de camping,2024-04,1459.0,14534.297245674932
3736,156,I553,Terrain de camping,2024-05,1459.0,14558.882261690043
3737,156,I553,Terrain de camping,2024-06,1459.0,18354.08028950442
3738,156,I553,Terrain de camping,2024-07,1459.0,20097.79531427998
3739,156,I553,Terrain de camping,2024-08,1459.0,20335.10573153322
3740,156,I553,Terrain de camping,2024-09,1459.0,16381.757104522758
3741,156,I553,Terrain de camping,2024-10,1459.0,13463.452927784809
3742,156,I553,Terrain de camping,2024-11,1459.0,11750.093442049492
3743,156,I553,Terrain de camping,2024-12,1459.0,17766.26144233632
3744,157,I551,Hôtel,2024-01,973.0,7642.232372921059
3745,157,I551,Hôtel,2024-02,973.0,9064.46708831108
3746,157,I551,Hôtel,2024-03,973.0,17406.420707425626
3747,157,I551,Hôtel,2024-04,973.0,17274.225814007965
3748,157,I551,Hôtel,2024-05,973.0,20127.812133989224
3749,157,I551,Hôtel,2024-06,973.0,21645.774185992035
3750,157,I551,Hôtel,2024-07,973.0,32886.89857109393
3751,157,I551,Hôtel,2024-08,973.0,43138.85876338042
3752,157,I551,Hôtel,2024-09,973.0,25599.99047199836
3753,157,I551,Hôtel,2024-10,973.0,19842.24340259569
3754,157,I551,Hôtel,2024-11,973.0,16107.378420277113
3755,157,I551,Hôtel,2024-12,973.0,8656.909055597798
3756,157,I553,Terrain de camping,2024-01,855.0,5233.63861363325
3757,157,I553,Terrain de camping,2024-02,855.0,6207.629217542332
3758,157,I553,Terrain de camping,2024-03,855.0,11920.458721239826
3759,157,I553,Terrain de camping,2024-04,855.0,11829.927543312377
3760,157,I553,Terrain de camping,2024-05,855.0,13784.152280642778
3761,157,I553,Terrain de camping,2024-06,855.0,14823.699944430355
3762,157,I553,Terrain de camping,2024-07,855.0,22521.971833019434
3763,157,I553,Terrain de camping,2024-08,855.0,29542.83329202178
3764,157,I553,Terrain de camping,2024-09,855.0,17531.6703425079
3765,157,I553,Terrain de camping,2024-10,855.0,13588.585924303865
3766,157,I553,Terrain de camping,2024-11,855.0,11030.834126880067
3767,157,I553,Terrain de camping,2024-12,855.0,5928.520790420617
3768,158,I551,Hôtel,2024-01,1919.0,15072.398688217381
3769,158,I551,Hôtel,2024-02,1919.0,17877.402201920824
3770,158,I551,Hôtel,2024-03,1919.0,34329.82665729679
3771,158,I551,Hôtel,2024-04,1919.0,34069.10517685641
3772,158,I551,Hôtel,2024-05,1919.0,39697.092996017804
3773,158,I551,Hôtel,2024-06,1919.0,42690.89482314359
3774,158,I551,Hôtel,2024-07,1919.0,64861.2110564535
3775,158,I551,Hôtel,2024-08,1919.0,85080.64744802365
3776,158,I551,Hôtel,2024-09,1919.0,50489.60094117662
3777,158,I551,Hôtel,2024-10,1919.0,39133.879845407115
3778,158,I551,Hôtel,2024-11,1919.0,31767.789505150853
3779,158,I551,Hôtel,2024-12,1919.0,17073.595557751465
3780,158,I553,Terrain de camping,2024-01,17891.0,109514.65314211986
3781,158,I553,Terrain de camping,2024-02,17891.0,129895.54892520451
3782,158,I553,Terrain de camping,2024-03,17891.0,249437.34149906633
3783,158,I553,Terrain de camping,2024-04,17891.0,247542.96336538214
3784,158,I553,Terrain de camping,2024-05,17891.0,288435.4016993918
3785,158,I553,Terrain de camping,2024-06,17891.0,310188.08854479936
3786,158,I553,Terrain de camping,2024-07,17891.0,471275.55329187214
3787,158,I553,Terrain de camping,2024-08,17891.0,618188.10576323
3788,158,I553,Terrain de camping,2024-09,17891.0,366852.765026677
3789,158,I553,Terrain de camping,2024-10,17891.0,284343.1471014274
3790,158,I553,Terrain de camping,2024-11,17891.0,230821.81680001318
3791,158,I553,Terrain de camping,2024-12,17891.0,124055.16428235703
3792,159,I551,Hôtel,2024-01,795.0,6244.167252283907
3793,159,I551,Hôtel,2024-02,795.0,7406.21925509487
3794,159,I551,Hôtel,2024-03,795.0,14222.10119465917
3795,159,I551,Hôtel,2024-04,795.0,14114.089950808151
3796,159,I551,Hôtel,2024-05,795.0,16445.64300773015
3797,159,I551,Hôtel,2024-06,795.0,17685.910049191847
3798,159,I551,Hôtel,2024-07,795.0,26870.590302178498
3799,159,I551,Hôtel,2024-08,795.0,35247.06342948349
3800,159,I551,Hôtel,2024-09,795.0,20916.744527480674
3801,159,I551,Hôtel,2024-10,795.0,16212.316038092058
3802,159,I551,Hôtel,2024-11,795.0,13160.704875765987
3803,159,I551,Hôtel,2024-12,795.0,7073.219629188335
3804,159,I553,Terrain de camping,2024-01,6271.0,38386.13771472996
3805,159,I553,Terrain de camping,2024-02,6271.0,45529.87464702685
3806,159,I553,Terrain de camping,2024-03,6271.0,87430.63934607596
3807,159,I553,Terrain de camping,2024-04,6271.0,86766.63815685605
3808,159,I553,Terrain de camping,2024-05,6271.0,101099.9052069133
3809,159,I553,Terrain de camping,2024-06,6271.0,108724.47058657632
3810,159,I553,Terrain de camping,2024-07,6271.0,165187.46826299984
3811,159,I553,Terrain de camping,2024-08,6271.0,216681.99716288722
3812,159,I553,Terrain de camping,2024-09,6271.0,128586.08738931817
3813,159,I553,Terrain de camping,2024-10,6271.0,99665.52319451408
3814,159,I553,Terrain de camping,2024-11,6271.0,80905.6851575028
3815,159,I553,Terrain de camping,2024-12,6271.0,43482.75307219613
3816,160,I551,Hôtel,2024-01,0.0,0.0
3817,160,I551,Hôtel,2024-02,0.0,0.0
3818,160,I551,Hôtel,2024-03,0.0,0.0
3819,160,I551,Hôtel,2024-04,0.0,0.0
3820,160,I551,Hôtel,2024-05,0.0,0.0
3821,160,I551,Hôtel,2024-06,0.0,0.0
3822,160,I551,Hôtel,2024-07,0.0,0.0
3823,160,I551,Hôtel,2024-08,0.0,0.0
3824,160,I551,Hôtel,2024-09,0.0,0.0
3825,160,I551,Hôtel,2024-10,0.0,0.0
3826,160,I551,Hôtel,2024-11,0.0,0.0
3827,160,I551,Hôtel,2024-12,0.0,0.0
3828,160,I553,Terrain de camping,2024-01,0.0,0.0
3829,160,I553,Terrain de camping,2024-02,0.0,0.0
3830,160,I553,Terrain de camping,2024-03,0.0,0.0
3831,160,I553,Terrain de camping,2024-04,0.0,0.0
3832,160,I553,Terrain de camping,2024-05,0.0,0.0
3833,160,I553,Terrain de camping,2024-06,0.0,0.0
3834,160,I553,Terrain de camping,2024-07,0.0,0.0
3835,160,I553,Terrain de camping,2024-08,0.0,0.0
3836,160,I553,Terrain de camping,2024-09,0.0,0.0
3837,160,I553,Terrain de camping,2024-10,0.0,0.0
3838,160,I553,Terrain de camping,2024-11,0.0,0.0
3839,160,I553,Terrain de camping,2024-12,0.0,0.0
3840,161,I551,Hôtel,2024-01,0.0,0.0
3841,161,I551,Hôtel,2024-02,0.0,0.0
3842,161,I551,Hôtel,2024-03,0.0,0.0
3843,161,I551,Hôtel,2024-04,0.0,0.0
3844,161,I551,Hôtel,2024-05,0.0,0.0
3845,161,I551,Hôtel,2024-06,0.0,0.0
3846,161,I551,Hôtel,2024-07,0.0,0.0
3847,161,I551,Hôtel,2024-08,0.0,0.0
3848,161,I551,Hôtel,2024-09,0.0,0.0
3849,161,I551,Hôtel,2024-10,0.0,0.0
3850,161,I551,Hôtel,2024-11,0.0,0.0
3851,161,I551,Hôtel,2024-12,0.0,0.0
3852,161,I553,Terrain de camping,2024-01,0.0,0.0
3853,161,I553,Terrain de camping,2024-02,0.0,0.0
3854,161,I553,Terrain de camping,2024-03,0.0,0.0
3855,161,I553,Terrain de camping,2024-04,0.0,0.0
3856,161,I553,Terrain de camping,2024-05,0.0,0.0
3857,161,I553,Terrain de camping,2024-06,0.0,0.0
3858,161,I553,Terrain de camping,2024-07,0.0,0.0
3859,161,I553,Terrain de camping,2024-08,0.0,0.0
3860,161,I553,Terrain de camping,2024-09,0.0,0.0
3861,161,I553,Terrain de camping,2024-10,0.0,0.0
3862,161,I553,Terrain de camping,2024-11,0.0,0.0
3863,161,I553,Terrain de camping,2024-12,0.0,0.0
3864,162,I551,Hôtel,2024-01,198.0,1920.3514644351465
3865,162,I551,Hôtel,2024-02,198.0,2465.47280334728
3866,162,I551,Hôtel,2024-03,198.0,3570.075313807531
3867,162,I551,Hôtel,2024-04,198.0,5421.3891213389115
3868,162,I551,Hôtel,2024-05,198.0,6502.794979079497
3869,162,I551,Hôtel,2024-06,198.0,5957.121338912134
3870,162,I551,Hôtel,2024-07,198.0,6311.1464435146445
3871,162,I551,Hôtel,2024-08,198.0,7727.881851183264
3872,162,I551,Hôtel,2024-09,198.0,5502.16144309456
3873,162,I551,Hôtel,2024-10,198.0,4739.520852938912
3874,162,I551,Hôtel,2024-11,198.0,3028.307987804185
3875,162,I551,Hôtel,2024-12,198.0,2539.7027646979077
3876,162,I553,Terrain de camping,2024-01,596.0,4756.8077812322235
3877,162,I553,Terrain de camping,2024-02,596.0,6107.100930520749
3878,162,I553,Terrain de camping,2024-03,596.0,8843.257261399222
3879,162,I553,Terrain de camping,2024-04,596.0,13429.055271951538
3880,162,I553,Terrain de camping,2024-05,596.0,16107.752319881565
3881,162,I553,Terrain de camping,2024-06,596.0,14756.091092427598
3882,162,I553,Terrain de camping,2024-07,596.0,15633.029196474146
3883,162,I553,Terrain de camping,2024-08,596.0,19142.354513195558
3884,162,I553,Terrain de camping,2024-09,596.0,13629.132401451621
3885,162,I553,Terrain de camping,2024-10,596.0,11740.033056502809
3886,162,I553,Terrain de camping,2024-11,596.0,7501.27217185827
3887,162,I553,Terrain de camping,2024-12,596.0,6290.97230213818
3888,163,I551,Hôtel,2024-01,2290.0,22210.125523012553
3889,163,I551,Hôtel,2024-02,2290.0,28514.811715481173
3890,163,I551,Hôtel,2024-03,2290.0,41290.264993026496
3891,163,I551,Hôtel,2024-04,2290.0,62701.92468619247
3892,163,I551,Hôtel,2024-05,2290.0,75209.09344490935
3893,163,I551,Hôtel,2024-06,2290.0,68898.01952580195
3894,163,I551,Hôtel,2024-07,2290.0,72992.55230125523
3895,163,I551,Hôtel,2024-08,2290.0,89378.02747075594
3896,163,I551,Hôtel,2024-09,2290.0,63636.10961962901
3897,163,I551,Hôtel,2024-10,2290.0,54815.670470859135
3898,163,I551,Hôtel,2024-11,2290.0,35024.370161977684
3899,163,I551,Hôtel,2024-12,2290.0,29373.329955344492
3900,163,I553,Terrain de camping,2024-01,3029.0,24175.11874052417
3901,163,I553,Terrain de camping,2024-02,3029.0,31037.598521052598
3902,163,I553,Terrain de camping,2024-03,3029.0,44943.33262546685
3903,163,I553,Terrain de camping,2024-04,3029.0,68249.34298446511
3904,163,I553,Terrain de camping,2024-05,3029.0,81863.05667268668
3905,163,I553,Terrain de camping,2024-06,3029.0,74993.62402510604
3906,163,I553,Terrain de camping,2024-07,3029.0,79450.41180557078
3907,163,I553,Terrain de camping,2024-08,3029.0,97285.55674575393
3908,163,I553,Terrain de camping,2024-09,3029.0,69266.1779261694
3909,163,I553,Terrain de camping,2024-10,3029.0,59665.369342528546
3910,163,I553,Terrain de camping,2024-11,3029.0,38123.076188856874
3911,163,I553,Terrain de camping,2024-12,3029.0,31972.07232076602
3912,164,I551,Hôtel,2024-01,1711.0,28247.94350282486
3913,164,I551,Hôtel,2024-02,1711.0,31820.48964218456
3914,164,I551,Hôtel,2024-03,1711.0,32552.5725047081
3915,164,I551,Hôtel,2024-04,1711.0,34509.20150659134
3916,164,I551,Hôtel,2024-05,1711.0,36159.5065913371
3917,164,I551,Hôtel,2024-06,1711.0,39244.11676082863
3918,164,I551,Hôtel,2024-07,1711.0,45555.20903954802
3919,164,I551,Hôtel,2024-08,1711.0,33861.57829417891
3920,164,I551,Hôtel,2024-09,1711.0,38232.02849352957
3921,164,I551,Hôtel,2024-10,1711.0,37326.73993487269
3922,164,I551,Hôtel,2024-11,1711.0,36016.176476076456
3923,164,I551,Hôtel,2024-12,1711.0,29409.36807620979
3924,164,I553,Terrain de camping,2024-01,762.0,4031.7972278375983
3925,164,I553,Terrain de camping,2024-02,762.0,4582.667480483555
3926,164,I553,Terrain de camping,2024-03,762.0,4902.184588627379
3927,164,I553,Terrain de camping,2024-04,762.0,5560.322993058231
3928,164,I553,Terrain de camping,2024-05,762.0,6394.249335513677
3929,164,I553,Terrain de camping,2024-06,762.0,6621.248026595175
3930,164,I553,Terrain de camping,2024-07,762.0,7812.264681284787
3931,164,I553,Terrain de camping,2024-08,762.0,7257.362489304982
3932,164,I553,Terrain de camping,2024-09,762.0,6721.432409099458
3933,164,I553,Terrain de camping,2024-10,762.0,6132.822343656081
3934,164,I553,Terrain de camping,2024-11,762.0,5461.567851816537
3935,164,I553,Terrain de camping,2024-12,762.0,4204.009931788355
3936,165,I551,Hôtel,2024-01,202.0,3350.6892655367233
3937,165,I551,Hôtel,2024-02,202.0,3773.7099811676085
3938,165,I551,Hôtel,2024-03,202.0,3856.6403013182676
3939,165,I551,Hôtel,2024-04,202.0,4081.845574387947
3940,165,I551,Hôtel,2024-05,202.0,4266.726930320151
3941,165,I551,Hôtel,2024-06,202.0,4636.489642184558
3942,165,I551,Hôtel,2024-07,202.0,5379.819209039548
3943,165,I551,Hôtel,2024-08,202.0,3972.5101836195854
3944,165,I551,Hôtel,2024-09,202.0,4511.993379783804
3945,165,I551,Hôtel,2024-10,202.0,4412.958330713371
3946,165,I551,Hôtel,2024-11,202.0,4266.3013825883245
3947,165,I551,Hôtel,2024-12,202.0,3488.3369949453863
3948,165,I553,Terrain de camping,2024-01,469.0,2812.1458589236627
3949,165,I553,Terrain de camping,2024-02,469.0,3167.176080894952
3950,165,I553,Terrain de camping,2024-03,469.0,3236.777329446877
3951,165,I553,Terrain de camping,2024-04,469.0,3425.7862245970596
3952,165,I553,Terrain de camping,2024-05,469.0,3580.9523108183243
3953,165,I553,Terrain de camping,2024-06,469.0,3891.2844832608534
3954,165,I553,Terrain de camping,2024-07,469.0,4515.141545969396
3955,165,I553,Terrain de camping,2024-08,469.0,3334.023890934706
3956,165,I553,Terrain de camping,2024-09,469.0,3786.7980265897754
3957,165,I553,Terrain de camping,2024-10,469.0,3703.6805002956407
3958,165,I553,Terrain de camping,2024-11,469.0,3580.595159737757
3959,165,I553,Terrain de camping,2024-12,469.0,2927.669997860734
3960,166,I551,Hôtel,2024-01,678.0,11246.372881355932
3961,166,I551,Hôtel,2024-02,678.0,12666.214689265536
3962,166,I551,Hôtel,2024-03,678.0,12944.564971751413
3963,166,I551,Hôtel,2024-04,678.0,13700.451977401131
3964,166,I551,Hôtel,2024-05,678.0,14320.994350282486
3965,166,I551,Hôtel,2024-06,678.0,15562.079096045198
3966,166,I551,Hôtel,2024-07,678.0,18057.01694915254
3967,166,I551,Hôtel,2024-08,678.0,13333.474774723163
3968,166,I551,Hôtel,2024-09,678.0,15144.215403432769
3969,166,I551,Hôtel,2024-10,678.0,14811.81063477062
3970,166,I551,Hôtel,2024-11,678.0,14319.566026707345
3971,166,I551,Hôtel,2024-12,678.0,11708.37862659887
3972,166,I553,Terrain de camping,2024-01,352.0,2110.6084058446254
3973,166,I553,Terrain de camping,2024-02,352.0,2377.070320842267
3974,166,I553,Terrain de camping,2024-03,352.0,2429.3083581349692
3975,166,I553,Terrain de camping,2024-04,352.0,2571.1657805078144
3976,166,I553,Terrain de camping,2024-05,352.0,2687.623056307143
3977,166,I553,Terrain de camping,2024-06,352.0,2920.5376079058
3978,166,I553,Terrain de camping,2024-07,352.0,3388.7629513459005
3979,166,I553,Terrain de camping,2024-08,352.0,2502.295116437135
3980,166,I553,Terrain de camping,2024-09,352.0,2842.1170689970168
3981,166,I553,Terrain de camping,2024-10,352.0,2779.7346185587753
3982,166,I553,Terrain de camping,2024-11,352.0,2687.3550026176767
3983,166,I553,Terrain de camping,2024-12,352.0,2197.313090078845
3984,167,I551,Hôtel,2024-01,15.0,248.8135593220339
3985,167,I551,Hôtel,2024-02,15.0,280.225988700565
3986,167,I551,Hôtel,2024-03,15.0,286.38418079096044
3987,167,I551,Hôtel,2024-04,15.0,303.1073446327684
3988,167,I551,Hôtel,2024-05,15.0,316.8361581920904
3989,167,I551,Hôtel,2024-06,15.0,344.29378531073445
3990,167,I551,Hôtel,2024-07,15.0,399.49152542372883
3991,167,I551,Hôtel,2024-08,15.0,294.9883799717514
3992,167,I551,Hôtel,2024-09,15.0,335.0490133502825
3993,167,I551,Hôtel,2024-10,15.0,327.6949255480226
3994,167,I551,Hôtel,2024-11,15.0,316.80455811299436
3995,167,I551,Hôtel,2024-12,15.0,259.0349253672316
3996,167,I553,Terrain de camping,2024-01,37.0,221.85372447798616
3997,167,I553,Terrain de camping,2024-02,37.0,249.86250531580646
3998,167,I553,Terrain de camping,2024-03,37.0,255.3534353721417
3999,167,I553,Terrain de camping,2024-04,37.0,270.26458488292366
4000,167,I553,Terrain de camping,2024-05,37.0,282.50583262319407
4001,167,I553,Terrain de camping,2024-06,37.0,306.9883281037347
4002,167,I553,Terrain de camping,2024-07,37.0,356.20519659033613
4003,167,I553,Terrain de camping,2024-08,37.0,263.02533894367616
4004,167,I553,Terrain de camping,2024-09,37.0,298.74526009343646
4005,167,I553,Terrain de camping,2024-10,37.0,292.18801388259857
4006,167,I553,Terrain de camping,2024-11,37.0,282.4776565251535
4007,167,I553,Terrain de camping,2024-12,37.0,230.96756912760586
4008,168,I551,Hôtel,2024-01,43.0,713.2655367231639
4009,168,I551,Hôtel,2024-02,43.0,803.3145009416196
4010,168,I551,Hôtel,2024-03,43.0,820.9679849340866
4011,168,I551,Hôtel,2024-04,43.0,868.9077212806027
4012,168,I551,Hôtel,2024-05,43.0,908.2636534839925
4013,168,I551,Hôtel,2024-06,43.0,986.9755178907722
4014,168,I551,Hôtel,2024-07,43.0,1145.2090395480225
4015,168,I551,Hôtel,2024-08,43.0,845.6333559190207
4016,168,I551,Hôtel,2024-09,43.0,960.4738382708098
4017,168,I551,Hôtel,2024-10,43.0,939.3921199043315
4018,168,I551,Hôtel,2024-11,43.0,908.1730665905837
4019,168,I551,Hôtel,2024-12,43.0,742.5667860527307
4020,168,I553,Terrain de camping,2024-01,118.0,707.5334996865504
4021,168,I553,Terrain de camping,2024-02,118.0,796.8588007368962
4022,168,I553,Terrain de camping,2024-03,118.0,814.3704155111545
4023,168,I553,Terrain de camping,2024-04,118.0,861.9248923293242
4024,168,I553,Terrain de camping,2024-05,118.0,900.9645472847809
4025,168,I553,Terrain de camping,2024-06,118.0,979.0438571956945
4026,168,I553,Terrain de camping,2024-07,118.0,1136.00576209891
4027,168,I553,Terrain de camping,2024-08,118.0,838.8375674419942
4028,168,I553,Terrain de camping,2024-09,118.0,952.7551538115
4029,168,I553,Terrain de camping,2024-10,118.0,931.842855085044
4030,168,I553,Terrain de camping,2024-11,118.0,900.8746883775166
4031,168,I553,Terrain de camping,2024-12,118.0,736.5992745150673
4032,169,I551,Hôtel,2024-01,123.0,2143.7073315523894
4033,169,I551,Hôtel,2024-02,123.0,2190.439299495399
4034,169,I551,Hôtel,2024-03,123.0,2669.9287622439892
4035,169,I551,Hôtel,2024-04,123.0,2795.3992282576432
4036,169,I551,Hôtel,2024-05,123.0,3318.57821311962
4037,169,I551,Hôtel,2024-06,123.0,3538.8512911843277
4038,169,I551,Hôtel,2024-07,123.0,3536.295636687444
4039,169,I551,Hôtel,2024-08,123.0,4141.934278293558
4040,169,I551,Hôtel,2024-09,123.0,3362.4028078040965
4041,169,I551,Hôtel,2024-10,123.0,2988.480627356189
4042,169,I551,Hôtel,2024-11,123.0,2540.5861763843873
4043,169,I551,Hôtel,2024-12,123.0,2198.318785372514
4044,169,I553,Terrain de camping,2024-01,17.0,163.87677091582384
4045,169,I553,Terrain de camping,2024-02,17.0,167.44921939903003
4046,169,I553,Terrain de camping,2024-03,17.0,204.10402935692645
4047,169,I553,Terrain de camping,2024-04,17.0,213.69568140428467
4048,169,I553,Terrain de camping,2024-05,17.0,253.69035856392853
4049,169,I553,Terrain de camping,2024-06,17.0,270.52924334154085
4050,169,I553,Terrain de camping,2024-07,17.0,270.3338750651155
4051,169,I553,Terrain de camping,2024-08,17.0,316.6322216105755
4052,169,I553,Terrain de camping,2024-09,17.0,257.0405514554115
4053,169,I553,Terrain de camping,2024-10,17.0,228.45588478767542
4054,169,I553,Terrain de camping,2024-11,17.0,194.2163711861514
4055,169,I553,Terrain de camping,2024-12,17.0,168.0515706076175
4056,170,I551,Hôtel,2024-01,5702.0,99377.39190659938
4057,170,I551,Hôtel,2024-02,5702.0,101543.77955872167
4058,170,I551,Hôtel,2024-03,5702.0,123771.8195310181
4059,170,I551,Hôtel,2024-04,5702.0,129588.34471158603
4060,170,I551,Hôtel,2024-05,5702.0,153841.73147323637
4061,170,I551,Hôtel,2024-06,5702.0,164053.08993766695
4062,170,I551,Hôtel,2024-07,5702.0,163934.61561294153
4063,170,I551,Hôtel,2024-08,5702.0,192010.64434821036
4064,170,I551,Hôtel,2024-09,5702.0,155873.33991950372
4065,170,I551,Hôtel,2024-10,5702.0,138539.15883890234
4066,170,I551,Hôtel,2024-11,5702.0,117775.79168897378
4067,170,I551,Hôtel,2024-12,5702.0,101909.0545869437
4068,170,I553,Terrain de camping,2024-01,1095.0,10555.592008989832
4069,170,I553,Terrain de camping,2024-02,1095.0,10785.699720113993
4070,170,I553,Terrain de camping,2024-03,1095.0,13146.70071446085
4071,170,I553,Terrain de camping,2024-04,1095.0,13764.515949275981
4072,170,I553,Terrain de camping,2024-05,1095.0,16340.64368397069
4073,170,I553,Terrain de camping,2024-06,1095.0,17425.26596817572
4074,170,I553,Terrain de camping,2024-07,1095.0,17412.681952723615
4075,170,I553,Terrain de camping,2024-08,1095.0,20394.84015668119
4076,170,I553,Terrain de camping,2024-09,1095.0,16556.43552021621
4077,170,I553,Terrain de camping,2024-10,1095.0,14715.246696617916
4078,170,I553,Terrain de camping,2024-11,1095.0,12509.819202872695
4079,170,I553,Terrain de camping,2024-12,1095.0,10824.498224431833
4080,171,I551,Hôtel,2024-01,192.0,3346.2748590086076
4081,171,I551,Hôtel,2024-02,192.0,3419.2223211635505
4082,171,I551,Hôtel,2024-03,192.0,4167.693677649154
4083,171,I551,Hôtel,2024-04,192.0,4363.550014841199
4084,171,I551,Hôtel,2024-05,192.0,5180.2196497477
4085,171,I551,Hôtel,2024-06,192.0,5524.060552092609
4086,171,I551,Hôtel,2024-07,192.0,5520.071237756011
4087,171,I551,Hôtel,2024-08,192.0,6465.45838562897
4088,171,I551,Hôtel,2024-09,192.0,5248.628773157614
4089,171,I551,Hôtel,2024-10,192.0,4664.945369531612
4090,171,I551,Hôtel,2024-11,192.0,3965.7930558195308
4091,171,I551,Hôtel,2024-12,192.0,3431.5220064351442
4092,171,I553,Terrain de camping,2024-01,189.0,1821.9241001818064
4093,171,I553,Terrain de camping,2024-02,189.0,1861.641321553922
4094,171,I553,Terrain de camping,2024-03,189.0,2269.1565616740645
4095,171,I553,Terrain de camping,2024-04,189.0,2375.7931638476352
4096,171,I553,Terrain de camping,2024-05,189.0,2820.4398687401463
4097,171,I553,Terrain de camping,2024-06,189.0,3007.6486465618364
4098,171,I553,Terrain de camping,2024-07,189.0,3005.476611018049
4099,171,I553,Terrain de camping,2024-08,189.0,3520.2052873175753
4100,171,I553,Terrain de camping,2024-09,189.0,2857.6861308866337
4101,171,I553,Terrain de camping,2024-10,189.0,2539.8918955806266
4102,171,I553,Terrain de camping,2024-11,189.0,2159.2290678930954
4103,171,I553,Terrain de camping,2024-12,189.0,1868.338049696453
4104,172,I551,Hôtel,2024-01,718.0,12513.673691500939
4105,172,I551,Hôtel,2024-02,718.0,12786.466805184526
4106,172,I551,Hôtel,2024-03,718.0,15585.43781537548
4107,172,I551,Hôtel,2024-04,718.0,16317.858909666567
4108,172,I551,Hôtel,2024-05,718.0,19371.863065202335
4109,172,I551,Hôtel,2024-06,718.0,20657.684772929653
4110,172,I551,Hôtel,2024-07,718.0,20642.76639952508
4111,172,I551,Hôtel,2024-08,718.0,24178.120421258332
4112,172,I551,Hôtel,2024-09,718.0,19627.684682953994
4113,172,I551,Hôtel,2024-10,718.0,17444.951954810924
4114,172,I551,Hôtel,2024-11,718.0,14830.413614991789
4115,172,I551,Hôtel,2024-12,718.0,12832.462503231425
4116,172,I553,Terrain de camping,2024-01,7465.0,71961.18205215441
4117,172,I553,Terrain de camping,2024-02,7465.0,73529.90722433878
4118,172,I553,Terrain de camping,2024-03,7465.0,89625.68112643859
4119,172,I553,Terrain de camping,2024-04,7465.0,93837.54480488146
4120,172,I553,Terrain de camping,2024-05,7465.0,111399.91333410154
4121,172,I553,Terrain de camping,2024-06,7465.0,118794.16479674133
4122,172,I553,Terrain de camping,2024-07,7465.0,118708.37513888748
4123,172,I553,Terrain de camping,2024-08,7465.0,139038.7961366439
4124,172,I553,Terrain de camping,2024-09,7465.0,112871.04215380274
4125,172,I553,Terrain de camping,2024-10,7465.0,100319.0105847057
4126,172,I553,Terrain de camping,2024-11,7465.0,85283.8359355659
4127,172,I553,Terrain de camping,2024-12,7465.0,73794.41026975674
4128,173,I551,Hôtel,2024-01,2818.0,49113.55496190759
4129,173,I551,Hôtel,2024-02,2818.0,50184.21094291085
4130,173,I551,Hôtel,2024-03,2818.0,61169.5874146631
4131,173,I551,Hôtel,2024-04,2818.0,64044.187196992185
4132,173,I551,Hôtel,2024-05,2818.0,76030.5154843178
4133,173,I551,Hôtel,2024-06,2818.0,81077.09706144256
4134,173,I551,Hôtel,2024-07,2818.0,81018.54556248145
4135,173,I551,Hôtel,2024-08,2818.0,94894.07151407519
4136,173,I551,Hôtel,2024-09,2818.0,77034.5618893654
4137,173,I551,Hôtel,2024-10,2818.0,68467.79193406293
4138,173,I551,Hôtel,2024-11,2818.0,58206.275163017905
4139,173,I551,Hôtel,2024-12,2818.0,50364.73444861582
4140,173,I553,Terrain de camping,2024-01,7804.0,75229.07766041702
4141,173,I553,Terrain de camping,2024-02,7804.0,76869.04165823708
4142,173,I553,Terrain de camping,2024-03,7804.0,93695.75559420318
4143,173,I553,Terrain de camping,2024-04,7804.0,98098.88809876691
4144,173,I553,Terrain de camping,2024-05,7804.0,116458.79754311165
4145,173,I553,Terrain de camping,2024-06,7804.0,124188.8361786697
4146,173,I553,Terrain de camping,2024-07,7804.0,124099.1506475389
4147,173,I553,Terrain de camping,2024-08,7804.0,145352.81514405482
4148,173,I553,Terrain de camping,2024-09,7804.0,117996.73315047243
4149,173,I553,Terrain de camping,2024-10,7804.0,104874.68969900112
4150,173,I553,Terrain de camping,2024-11,7804.0,89156.73886686622
4151,173,I553,Terrain de camping,2024-12,7804.0,77145.55629540276
4152,174,I551,Hôtel,2024-01,18.0,313.713268032057
4153,174,I551,Hôtel,2024-02,18.0,320.5520926090828
4154,174,I551,Hôtel,2024-03,18.0,390.7212822796082
4155,174,I551,Hôtel,2024-04,18.0,409.08281389136243
4156,174,I551,Hôtel,2024-05,18.0,485.64559216384686
4157,174,I551,Hôtel,2024-06,18.0,517.8806767586821
4158,174,I551,Hôtel,2024-07,18.0,517.506678539626
4159,174,I551,Hôtel,2024-08,18.0,606.1367236527159
4160,174,I551,Hôtel,2024-09,18.0,492.0589474835263
4161,174,I551,Hôtel,2024-10,18.0,437.3386283935886
4162,174,I551,Hôtel,2024-11,18.0,371.79309898308105
4163,174,I551,Hôtel,2024-12,18.0,321.70518810329474
4164,174,I553,Terrain de camping,2024-01,131.0,1262.815117057231
4165,174,I553,Terrain de camping,2024-02,131.0,1290.3439847807608
4166,174,I553,Terrain de camping,2024-03,131.0,1572.8016379857274
4167,174,I553,Terrain de camping,2024-04,131.0,1646.7137802330171
4168,174,I553,Terrain de camping,2024-05,131.0,1954.908057169096
4169,174,I553,Terrain de camping,2024-06,131.0,2084.666522220109
4170,174,I553,Terrain de camping,2024-07,131.0,2083.161037266478
4171,174,I553,Terrain de camping,2024-08,131.0,2439.930648881494
4172,174,I553,Terrain de camping,2024-09,131.0,1980.7242494505238
4173,174,I553,Terrain de camping,2024-10,131.0,1760.4541710109106
4174,174,I553,Terrain de camping,2024-11,131.0,1496.6085073756374
4175,174,I553,Terrain de camping,2024-12,131.0,1294.9856323292877
4176,175,I551,Hôtel,2024-01,1366.0,14444.430500095075
4177,175,I551,Hôtel,2024-02,1366.0,17049.674843126068
4178,175,I551,Hôtel,2024-03,1366.0,24413.45122646891
4179,175,I551,Hôtel,2024-04,1366.0,37073.43221144704
4180,175,I551,Hôtel,2024-05,1366.0,42548.86100019015
4181,175,I551,Hôtel,2024-06,1366.0,46104.772770488686
4182,175,I551,Hôtel,2024-07,1366.0,55512.743867655445
4183,175,I551,Hôtel,2024-08,1366.0,71378.57499520062
4184,175,I551,Hôtel,2024-09,1366.0,41141.6336510713
4185,175,I551,Hôtel,2024-10,1366.0,34566.13962132497
4186,175,I551,Hôtel,2024-11,1366.0,22197.810349537554
4187,175,I551,Hôtel,2024-12,1366.0,14689.501962643088
4188,175,I553,Terrain de camping,2024-01,28480.0,176581.5862826197
4189,175,I553,Terrain de camping,2024-02,28480.0,208430.41401890235
4190,175,I553,Terrain de camping,2024-03,28480.0,298451.7765636293
4191,175,I553,Terrain de camping,2024-04,28480.0,453218.6622930823
4192,175,I553,Terrain de camping,2024-05,28480.0,520155.1816032357
4193,175,I553,Terrain de camping,2024-06,28480.0,563625.814874393
4194,175,I553,Terrain de camping,2024-07,28480.0,678637.2346758045
4195,175,I553,Terrain de camping,2024-08,28480.0,872595.288485932
4196,175,I553,Terrain de camping,2024-09,28480.0,502951.98085634183
4197,175,I553,Terrain de camping,2024-10,28480.0,422567.2840448711
4198,175,I553,Terrain de camping,2024-11,28480.0,271365.80867596646
4199,175,I553,Terrain de camping,2024-12,28480.0,179577.55816320336
4200,176,I551,Hôtel,2024-01,145.0,2506.7391758243166
4201,176,I551,Hôtel,2024-02,145.0,2540.2036792565323
4202,176,I551,Hôtel,2024-03,145.0,3236.488315274589
4203,176,I551,Hôtel,2024-04,145.0,3729.9738939904464
4204,176,I551,Hôtel,2024-05,145.0,4605.173335947972
4205,176,I551,Hôtel,2024-06,145.0,4603.7069473878655
4206,176,I551,Hôtel,2024-07,145.0,4342.497242080204
4207,176,I551,Hôtel,2024-08,145.0,5065.284870715402
4208,176,I551,Hôtel,2024-09,145.0,4298.645429003858
4209,176,I551,Hôtel,2024-10,145.0,4044.512403334072
4210,176,I551,Hôtel,2024-11,145.0,3160.850390747911
4211,176,I551,Hôtel,2024-12,145.0,2505.216218997956
4212,176,I553,Terrain de camping,2024-01,448.0,4844.14978258975
4213,176,I553,Terrain de camping,2024-02,448.0,4915.543271661077
4214,176,I553,Terrain de camping,2024-03,448.0,6218.028361436267
4215,176,I553,Terrain de camping,2024-04,448.0,7061.568210027028
4216,176,I553,Terrain de camping,2024-05,448.0,8669.213075884814
4217,176,I553,Terrain de camping,2024-06,448.0,8748.62388257371
4218,176,I553,Terrain de camping,2024-07,448.0,8325.832899587487
4219,176,I553,Terrain de camping,2024-08,448.0,9717.953514681953
4220,176,I553,Terrain de camping,2024-09,448.0,8190.454404392641
4221,176,I553,Terrain de camping,2024-10,448.0,7641.217775824058
4222,176,I553,Terrain de camping,2024-11,448.0,6047.856496006786
4223,176,I553,Terrain de camping,2024-12,448.0,4861.965416136204
4224,177,I551,Hôtel,2024-01,0.0,0.0
4225,177,I551,Hôtel,2024-02,0.0,0.0
4226,177,I551,Hôtel,2024-03,0.0,0.0
4227,177,I551,Hôtel,2024-04,0.0,0.0
4228,177,I551,Hôtel,2024-05,0.0,0.0
4229,177,I551,Hôtel,2024-06,0.0,0.0
4230,177,I551,Hôtel,2024-07,0.0,0.0
4231,177,I551,Hôtel,2024-08,0.0,0.0
4232,177,I551,Hôtel,2024-09,0.0,0.0
4233,177,I551,Hôtel,2024-10,0.0,0.0
4234,177,I551,Hôtel,2024-11,0.0,0.0
4235,177,I551,Hôtel,2024-12,0.0,0.0
4236,177,I553,Terrain de camping,2024-01,27.0,260.27487145454376
4237,177,I553,Terrain de camping,2024-02,27.0,265.9487602219889
4238,177,I553,Terrain de camping,2024-03,27.0,324.16522309629494
4239,177,I553,Terrain de camping,2024-04,27.0,339.39902340680504
4240,177,I553,Terrain de camping,2024-05,27.0,402.91998124859236
4241,177,I553,Terrain de camping,2024-06,27.0,429.66409236597667
4242,177,I553,Terrain de camping,2024-07,27.0,429.353801574007
4243,177,I553,Terrain de camping,2024-08,27.0,502.88646961679643
4244,177,I553,Terrain de camping,2024-09,27.0,408.24087584094764
4245,177,I553,Terrain de camping,2024-10,27.0,362.84169936866095
4246,177,I553,Terrain de camping,2024-11,27.0,308.46129541329935
4247,177,I553,Terrain de camping,2024-12,27.0,266.90543567092186
4248,178,I551,Hôtel,2024-01,163.0,2840.847927179183
4249,178,I551,Hôtel,2024-02,163.0,2902.7772830711388
4250,178,I551,Hôtel,2024-03,163.0,3538.1982784208963
4251,178,I551,Hôtel,2024-04,163.0,3704.472148016226
4252,178,I551,Hôtel,2024-05,163.0,4397.7906401503915
4253,178,I551,Hôtel,2024-06,163.0,4689.697239536954
4254,178,I551,Hôtel,2024-07,163.0,4686.310477886613
4255,178,I551,Hôtel,2024-08,163.0,5488.904775299594
4256,178,I551,Hôtel,2024-09,163.0,4455.867135545266
4257,178,I551,Hôtel,2024-10,163.0,3960.344246008608
4258,178,I551,Hôtel,2024-11,163.0,3366.793063013456
4259,178,I551,Hôtel,2024-12,163.0,2913.2192033798356
4260,178,I553,Terrain de camping,2024-01,0.0,0.0
4261,178,I553,Terrain de camping,2024-02,0.0,0.0
4262,178,I553,Terrain de camping,2024-03,0.0,0.0
4263,178,I553,Terrain de camping,2024-04,0.0,0.0
4264,178,I553,Terrain de camping,2024-05,0.0,0.0
4265,178,I553,Terrain de camping,2024-06,0.0,0.0
4266,178,I553,Terrain de camping,2024-07,0.0,0.0
4267,178,I553,Terrain de camping,2024-08,0.0,0.0
4268,178,I553,Terrain de camping,2024-09,0.0,0.0
4269,178,I553,Terrain de camping,2024-10,0.0,0.0
4270,178,I553,Terrain de camping,2024-11,0.0,0.0
4271,178,I553,Terrain de camping,2024-12,0.0,0.0
4272,179,I551,Hôtel,2024-01,339.0,5908.2665479370735
4273,179,I551,Hôtel,2024-02,339.0,6037.064410804393
4274,179,I551,Hôtel,2024-03,339.0,7358.584149599287
4275,179,I551,Hôtel,2024-04,339.0,7704.392994953992
4276,179,I551,Hôtel,2024-05,339.0,9146.325319085783
4277,179,I551,Hôtel,2024-06,339.0,9753.419412288513
4278,179,I551,Hôtel,2024-07,339.0,9746.375779162956
4279,179,I551,Hôtel,2024-08,339.0,11415.574962126151
4280,179,I551,Hôtel,2024-09,339.0,9267.110177606413
4281,179,I551,Hôtel,2024-10,339.0,8236.544168079252
4282,179,I551,Hôtel,2024-11,339.0,7002.103364181359
4283,179,I551,Hôtel,2024-12,339.0,6058.781042612051
4284,179,I553,Terrain de camping,2024-01,686.0,6612.909696956187
4285,179,I553,Terrain de camping,2024-02,686.0,6757.068500454976
4286,179,I553,Terrain de camping,2024-03,686.0,8236.197890520678
4287,179,I553,Terrain de camping,2024-04,686.0,8623.249261372897
4288,179,I553,Terrain de camping,2024-05,686.0,10237.15211616794
4289,179,I553,Terrain de camping,2024-06,686.0,10916.650643076295
4290,179,I553,Terrain de camping,2024-07,686.0,10908.766958509956
4291,179,I553,Terrain de camping,2024-08,686.0,12777.041413226756
4292,179,I553,Terrain de camping,2024-09,686.0,10372.34225284778
4293,179,I553,Terrain de camping,2024-10,686.0,9218.866880255608
4294,179,I553,Terrain de camping,2024-11,686.0,7837.201801982346
4295,179,I553,Terrain de camping,2024-12,686.0,6781.375143342681
4296,180,I551,Hôtel,2024-01,495.0,7882.911259941398
4297,180,I551,Hôtel,2024-02,495.0,8254.834658853077
4298,180,I551,Hôtel,2024-03,495.0,10276.067392214316
4299,180,I551,Hôtel,2024-04,495.0,10167.287568020092
4300,180,I551,Hôtel,2024-05,495.0,13392.350355797407
4301,180,I551,Hôtel,2024-06,495.0,13870.981582251989
4302,180,I551,Hôtel,2024-07,495.0,15621.818752616158
4303,180,I551,Hôtel,2024-08,495.0,14411.656290006278
4304,180,I551,Hôtel,2024-09,495.0,13065.668976624109
4305,180,I551,Hôtel,2024-10,495.0,11114.695528398912
4306,180,I551,Hôtel,2024-11,495.0,9035.811332291752
4307,180,I551,Hôtel,2024-12,495.0,8306.735259462119
4308,180,I553,Terrain de camping,2024-01,1191.0,6824.922301052716
4309,180,I553,Terrain de camping,2024-02,1191.0,7146.928754736237
4310,180,I553,Terrain de camping,2024-03,1191.0,8896.885833111037
4311,180,I553,Terrain de camping,2024-04,1191.0,8802.705672562934
4312,180,I553,Terrain de camping,2024-05,1191.0,11594.923194336767
4313,180,I553,Terrain de camping,2024-06,1191.0,12009.315900748428
4314,180,I553,Terrain de camping,2024-07,1191.0,13525.168008617939
4315,180,I553,Terrain de camping,2024-08,1191.0,12477.425048357285
4316,180,I553,Terrain de camping,2024-09,1191.0,11312.086694401962
4317,180,I553,Terrain de camping,2024-10,1191.0,9622.959193599314
4318,180,I553,Terrain de camping,2024-11,1191.0,7823.088226711977
4319,180,I553,Terrain de camping,2024-12,1191.0,7191.863621418643
4320,181,I551,Hôtel,2024-01,664.0,10574.248639598158
4321,181,I551,Hôtel,2024-02,664.0,11073.151946421096
4322,181,I551,Hôtel,2024-03,664.0,13784.462118041021
4323,181,I551,Hôtel,2024-04,664.0,13638.543323566346
4324,181,I551,Hôtel,2024-05,664.0,17964.68815403935
4325,181,I551,Hôtel,2024-06,664.0,18606.73084972792
4326,181,I551,Hôtel,2024-07,664.0,20955.328589367935
4327,181,I551,Hôtel,2024-08,664.0,19331.999548614484
4328,181,I551,Hôtel,2024-09,664.0,17526.473132279614
4329,181,I551,Hôtel,2024-10,664.0,14909.409759306824
4330,181,I551,Hôtel,2024-11,664.0,12120.765100286311
4331,181,I551,Hôtel,2024-12,664.0,11142.772146025953
4332,181,I553,Terrain de camping,2024-01,577.0,3306.448503532676
4333,181,I553,Terrain de camping,2024-02,577.0,3462.4499508671784
4334,181,I553,Terrain de camping,2024-03,577.0,4310.246117300645
4335,181,I553,Terrain de camping,2024-04,577.0,4264.618953038465
4336,181,I553,Terrain de camping,2024-05,577.0,5617.35573730673
4337,181,I553,Terrain de camping,2024-06,577.0,5818.115260060322
4338,181,I553,Terrain de camping,2024-07,577.0,6552.495332470656
4339,181,I553,Terrain de camping,2024-08,577.0,6044.898617046309
4340,181,I553,Terrain de camping,2024-09,577.0,5480.330833476013
4341,181,I553,Terrain de camping,2024-10,577.0,4662.0045799385425
4342,181,I553,Terrain de camping,2024-11,577.0,3790.0267899351898
4343,181,I553,Terrain de camping,2024-12,577.0,3484.2194034916515
4344,182,I551,Hôtel,2024-01,183.0,2914.2884051904566
4345,182,I551,Hôtel,2024-02,183.0,3051.787358727501
4346,182,I551,Hôtel,2024-03,183.0,3799.0309753034744
4347,182,I551,Hôtel,2024-04,183.0,3758.815403934701
4348,182,I551,Hôtel,2024-05,183.0,4951.1113436584355
4349,182,I551,Hôtel,2024-06,183.0,5128.059857681038
4350,182,I551,Hôtel,2024-07,183.0,5775.339053997488
4351,182,I551,Hôtel,2024-08,183.0,5327.9456587295945
4352,182,I551,Hôtel,2024-09,183.0,4830.338227721641
4353,182,I551,Hôtel,2024-10,183.0,4109.069255953537
4354,182,I551,Hôtel,2024-11,183.0,3340.5120683017994
4355,182,I551,Hôtel,2024-12,183.0,3070.9748534981163
4356,182,I553,Terrain de camping,2024-01,136.0,779.3362157373379
4357,182,I553,Terrain de camping,2024-02,136.0,816.1060542771856
4358,182,I553,Terrain de camping,2024-03,136.0,1015.9332269547449
4359,182,I553,Terrain de camping,2024-04,136.0,1005.1788173539538
4360,182,I553,Terrain de camping,2024-05,136.0,1324.021456280269
4361,182,I553,Terrain de camping,2024-06,136.0,1371.3408585237498
4362,182,I553,Terrain de camping,2024-07,136.0,1544.4356416221995
4363,182,I553,Terrain de camping,2024-08,136.0,1424.7941281079688
4364,182,I553,Terrain de camping,2024-09,136.0,1291.7244252213827
4365,182,I553,Terrain de camping,2024-10,136.0,1098.8433671952198
4366,182,I553,Terrain de camping,2024-11,136.0,893.3165397420897
4367,182,I553,Terrain de camping,2024-12,136.0,821.2371557623303
4368,183,I551,Hôtel,2024-01,3436.0,54718.55169526999
4369,183,I551,Hôtel,2024-02,3436.0,57300.22603599833
4370,183,I551,Hôtel,2024-03,3436.0,71330.43951444118
4371,183,I551,Hôtel,2024-04,3436.0,70575.35370447887
4372,183,I551,Hôtel,2024-05,3436.0,92961.85014650483
4373,183,I551,Hôtel,2024-06,3436.0,96284.22771033905
4374,183,I551,Hôtel,2024-07,3436.0,108437.51360401842
4375,183,I551,Hôtel,2024-08,3436.0,100037.27477264966
4376,183,I551,Hôtel,2024-09,3436.0,90694.21940137463
4377,183,I551,Hôtel,2024-10,3436.0,77151.70471834073
4378,183,I551,Hôtel,2024-11,3436.0,62721.308561120124
4379,183,I551,Hôtel,2024-12,3436.0,57660.48959901382
4380,183,I553,Terrain de camping,2024-01,928.0,5317.82358973713
4381,183,I553,Terrain de camping,2024-02,928.0,5568.723664479621
4382,183,I553,Terrain de camping,2024-03,928.0,6932.250254514729
4383,183,I553,Terrain de camping,2024-04,928.0,6858.867224297566
4384,183,I553,Terrain de camping,2024-05,928.0,9034.499348735953
4385,183,I553,Terrain de camping,2024-06,928.0,9357.38468169147
4386,183,I553,Terrain de camping,2024-07,928.0,10538.502025186774
4387,183,I553,Terrain de camping,2024-08,928.0,9722.124638854375
4388,183,I553,Terrain de camping,2024-09,928.0,8814.119607392964
4389,183,I553,Terrain de camping,2024-10,928.0,7497.990034979146
4390,183,I553,Terrain de camping,2024-11,928.0,6095.571682946024
4391,183,I553,Terrain de camping,2024-12,928.0,5603.735886378254
4392,184,I551,Hôtel,2024-01,805.0,4569.88459831336
4393,184,I551,Hôtel,2024-02,805.0,5438.126941855304
4394,184,I551,Hôtel,2024-03,805.0,7824.900133155792
4395,184,I551,Hôtel,2024-04,805.0,14467.132711939636
4396,184,I551,Hôtel,2024-05,805.0,23292.47669773635
4397,184,I551,Hôtel,2024-06,805.0,19276.40923213493
4398,184,I551,Hôtel,2024-07,805.0,24550.177541056368
4399,184,I551,Hôtel,2024-08,805.0,32073.59537200622
4400,184,I551,Hôtel,2024-09,805.0,21240.75709273413
4401,184,I551,Hôtel,2024-10,805.0,13821.004696404794
4402,184,I551,Hôtel,2024-11,805.0,6670.634092849533
4403,184,I551,Hôtel,2024-12,805.0,4585.257196668886
4404,184,I553,Terrain de camping,2024-01,2541.0,9416.265579419774
4405,184,I553,Terrain de camping,2024-02,2541.0,11205.282417417435
4406,184,I553,Terrain de camping,2024-03,2541.0,16123.238169608529
4407,184,I553,Terrain de camping,2024-04,2541.0,29809.585090751116
4408,184,I553,Terrain de camping,2024-05,2541.0,47994.24183912238
4409,184,I553,Terrain de camping,2024-06,2541.0,39719.118687231974
4410,184,I553,Terrain de camping,2024-07,2541.0,50585.73948099553
4411,184,I553,Terrain de camping,2024-08,2541.0,66087.77215536818
4412,184,I553,Terrain de camping,2024-09,2541.0,43766.665347949376
4413,184,I553,Terrain de camping,2024-10,2541.0,28478.235718203494
4414,184,I553,Terrain de camping,2024-11,2541.0,13744.868355009614
4415,184,I553,Terrain de camping,2024-12,2541.0,9447.940880107853
4416,185,I551,Hôtel,2024-01,1155.0,6556.7909454061255
4417,185,I551,Hôtel,2024-02,1155.0,7802.529960053263
4418,185,I551,Hôtel,2024-03,1155.0,11227.030625832223
4419,185,I551,Hôtel,2024-04,1155.0,20757.190412782955
4420,185,I551,Hôtel,2024-05,1155.0,33419.64047936085
4421,185,I551,Hôtel,2024-06,1155.0,27657.45672436751
4422,185,I551,Hôtel,2024-07,1155.0,35224.16777629827
4423,185,I551,Hôtel,2024-08,1155.0,46018.636838095874
4424,185,I551,Hôtel,2024-09,1155.0,30475.868872183753
4425,185,I551,Hôtel,2024-10,1155.0,19830.137173102532
4426,185,I551,Hôtel,2024-11,1155.0,9570.909785392809
4427,185,I551,Hôtel,2024-12,1155.0,6578.847282177098
4428,185,I553,Terrain de camping,2024-01,4120.0,15267.61676001947
4429,185,I553,Terrain de camping,2024-02,4120.0,18168.344572908238
4430,185,I553,Terrain de camping,2024-03,4120.0,26142.361770478998
4431,185,I553,Terrain de camping,2024-04,4120.0,48333.526396652735
4432,185,I553,Terrain de camping,2024-05,4120.0,77818.29058527516
4433,185,I553,Terrain de camping,2024-06,4120.0,64400.932306727955
4434,185,I553,Terrain de camping,2024-07,4120.0,82020.16791094119
4435,185,I553,Terrain de camping,2024-08,4120.0,107155.30156635848
4436,185,I553,Terrain de camping,2024-09,4120.0,70963.66046184629
4437,185,I553,Terrain de camping,2024-10,4120.0,46174.86468280142
4438,185,I553,Terrain de camping,2024-11,4120.0,22286.051799543333
4439,185,I553,Terrain de camping,2024-12,4120.0,15318.975374279558
4440,186,I551,Hôtel,2024-01,293.0,1663.3244562805148
4441,186,I551,Hôtel,2024-02,293.0,1979.3430980914338
4442,186,I551,Hôtel,2024-03,293.0,2848.069241011984
4443,186,I551,Hôtel,2024-04,293.0,5265.676875277408
4444,186,I551,Hôtel,2024-05,293.0,8477.882822902797
4445,186,I551,Hôtel,2024-06,293.0,7016.134043497559
4446,186,I551,Hôtel,2024-07,293.0,8935.654682645363
4447,186,I551,Hôtel,2024-08,293.0,11673.991855897915
4448,186,I551,Hôtel,2024-09,293.0,7731.107861082111
4449,186,I551,Hôtel,2024-10,293.0,5030.502330492677
4450,186,I551,Hôtel,2024-11,293.0,2427.9450797576565
4451,186,I551,Hôtel,2024-12,293.0,1668.919700154017
4452,186,I553,Terrain de camping,2024-01,722.0,2877.7498557374047
4453,186,I553,Terrain de camping,2024-02,722.0,3301.2724251931436
4454,186,I553,Terrain de camping,2024-03,722.0,4598.142961891609
4455,186,I553,Terrain de camping,2024-04,722.0,8196.096351790356
4456,186,I553,Terrain de camping,2024-05,722.0,12940.363668139033
4457,186,I553,Terrain de camping,2024-06,722.0,10793.038145138004
4458,186,I553,Terrain de camping,2024-07,722.0,13801.451147566928
4459,186,I553,Terrain de camping,2024-08,722.0,17804.93793634166
4460,186,I553,Terrain de camping,2024-09,722.0,11932.091207660113
4461,186,I553,Terrain de camping,2024-10,722.0,7972.670157924139
4462,186,I553,Terrain de camping,2024-11,722.0,4064.330640346606
4463,186,I553,Terrain de camping,2024-12,722.0,2886.948132828472
4464,187,I551,Hôtel,2024-01,1012.0,14759.493670886077
4465,187,I551,Hôtel,2024-02,1012.0,15689.620253164556
4466,187,I551,Hôtel,2024-03,1012.0,18251.645569620254
4467,187,I551,Hôtel,2024-04,1012.0,20451.645569620254
4468,187,I551,Hôtel,2024-05,1012.0,21983.291139240504
4469,187,I551,Hôtel,2024-06,1012.0,23760.0
4470,187,I551,Hôtel,2024-07,1012.0,26806.58227848101
4471,187,I551,Hôtel,2024-08,1012.0,28269.024398025318
4472,187,I551,Hôtel,2024-09,1012.0,23203.159137873416
4473,187,I551,Hôtel,2024-10,1012.0,20707.208867594938
4474,187,I551,Hôtel,2024-11,1012.0,18855.448532911392
4475,187,I551,Hôtel,2024-12,1012.0,14441.357277822784
4476,187,I553,Terrain de camping,2024-01,362.0,2835.823637607898
4477,187,I553,Terrain de camping,2024-02,362.0,3014.5340328835655
4478,187,I553,Terrain de camping,2024-03,362.0,3506.790211487201
4479,187,I553,Terrain de camping,2024-04,362.0,3929.488451809887
4480,187,I553,Terrain de camping,2024-05,362.0,4223.772036844669
4481,187,I553,Terrain de camping,2024-06,362.0,4565.140995485015
4482,187,I553,Terrain de camping,2024-07,362.0,5150.497799172383
4483,187,I553,Terrain de camping,2024-08,362.0,5431.48494031109
4484,187,I553,Terrain de camping,2024-09,362.0,4458.152062502892
4485,187,I553,Terrain de camping,2024-10,362.0,3978.5912501485054
4486,187,I553,Terrain de camping,2024-11,362.0,3622.802234253014
4487,187,I553,Terrain de camping,2024-12,362.0,2774.6983223667794
4488,188,I551,Hôtel,2024-01,434.0,6329.664281783159
4489,188,I551,Hôtel,2024-02,434.0,6728.552559163456
4490,188,I551,Hôtel,2024-03,434.0,7827.286736378646
4491,188,I551,Hôtel,2024-04,434.0,8770.76499724821
4492,188,I551,Hôtel,2024-05,434.0,9427.61695101816
4493,188,I551,Hôtel,2024-06,434.0,10189.565217391304
4494,188,I551,Hôtel,2024-07,434.0,11496.103467253715
4495,188,I551,Hôtel,2024-08,434.0,12123.277261603742
4496,188,I551,Hôtel,2024-09,434.0,9950.761922763897
4497,188,I551,Hôtel,2024-10,434.0,8880.364277209686
4498,188,I551,Hôtel,2024-11,434.0,8086.229904430379
4499,188,I551,Hôtel,2024-12,434.0,6193.230295034672
4500,188,I553,Terrain de camping,2024-01,463.0,3627.0341000344115
4501,188,I553,Terrain de camping,2024-02,463.0,3855.60568294224
4502,188,I553,Terrain de camping,2024-03,463.0,4485.204055023685
4503,188,I553,Terrain de camping,2024-04,463.0,5025.837439745795
4504,188,I553,Terrain de camping,2024-05,463.0,5402.227770881441
4505,188,I553,Terrain de camping,2024-06,463.0,5838.84055499879
4506,188,I553,Terrain de camping,2024-07,463.0,6587.515140930423
4507,188,I553,Terrain de camping,2024-08,463.0,6946.8992468619745
4508,188,I553,Terrain de camping,2024-09,463.0,5702.001118615576
4509,188,I553,Terrain de camping,2024-10,463.0,5088.640190107066
4510,188,I553,Terrain de camping,2024-11,463.0,4633.584073091562
4511,188,I553,Terrain de camping,2024-12,463.0,3548.854484132097
4512,189,I551,Hôtel,2024-01,371.0,5410.842047330765
4513,189,I551,Hôtel,2024-02,371.0,5751.827187671986
4514,189,I551,Hôtel,2024-03,371.0,6691.067694001101
4515,189,I551,Hôtel,2024-04,371.0,7497.589433131536
4516,189,I551,Hôtel,2024-05,371.0,8059.091909741332
4517,189,I551,Hôtel,2024-06,371.0,8710.434782608696
4518,189,I551,Hôtel,2024-07,371.0,9827.314254265271
4519,189,I551,Hôtel,2024-08,371.0,10363.446691370942
4520,189,I551,Hôtel,2024-09,371.0,8506.296482362686
4521,189,I551,Hôtel,2024-10,371.0,7591.279140195377
4522,189,I551,Hôtel,2024-11,371.0,6912.422337658228
4523,189,I551,Hôtel,2024-12,371.0,5294.212994142542
4524,189,I553,Terrain de camping,2024-01,1939.0,15189.674125198108
4525,189,I553,Terrain de camping,2024-02,1939.0,16146.910192710591
4526,189,I553,Terrain de camping,2024-03,1939.0,18783.608342744978
4527,189,I553,Terrain de camping,2024-04,1939.0,21047.729580274503
4528,189,I553,Terrain de camping,2024-05,1939.0,22624.016517795062
4529,189,I553,Terrain de camping,2024-06,1939.0,24452.50936531891
4530,189,I553,Terrain de camping,2024-07,1939.0,27587.887382859804
4531,189,I553,Terrain de camping,2024-08,1939.0,29092.95386536797
4532,189,I553,Terrain de camping,2024-09,1939.0,23879.438809925705
4533,189,I553,Terrain de camping,2024-10,1939.0,21310.74153049158
4534,189,I553,Terrain de camping,2024-11,1939.0,19405.009757504402
4535,189,I553,Terrain de camping,2024-12,1939.0,14862.265323395543
4536,190,I551,Hôtel,2024-01,0.0,0.0
4537,190,I551,Hôtel,2024-02,0.0,0.0
4538,190,I551,Hôtel,2024-03,0.0,0.0
4539,190,I551,Hôtel,2024-04,0.0,0.0
4540,190,I551,Hôtel,2024-05,0.0,0.0
4541,190,I551,Hôtel,2024-06,0.0,0.0
4542,190,I551,Hôtel,2024-07,0.0,0.0
4543,190,I551,Hôtel,2024-08,0.0,0.0
4544,190,I551,Hôtel,2024-09,0.0,0.0
4545,190,I551,Hôtel,2024-10,0.0,0.0
4546,190,I551,Hôtel,2024-11,0.0,0.0
4547,190,I551,Hôtel,2024-12,0.0,0.0
4548,190,I553,Terrain de camping,2024-01,0.0,0.0
4549,190,I553,Terrain de camping,2024-02,0.0,0.0
4550,190,I553,Terrain de camping,2024-03,0.0,0.0
4551,190,I553,Terrain de camping,2024-04,0.0,0.0
4552,190,I553,Terrain de camping,2024-05,0.0,0.0
4553,190,I553,Terrain de camping,2024-06,0.0,0.0
4554,190,I553,Terrain de camping,2024-07,0.0,0.0
4555,190,I553,Terrain de camping,2024-08,0.0,0.0
4556,190,I553,Terrain de camping,2024-09,0.0,0.0
4557,190,I553,Terrain de camping,2024-10,0.0,0.0
4558,190,I553,Terrain de camping,2024-11,0.0,0.0
4559,190,I553,Terrain de camping,2024-12,0.0,0.0
4560,191,I551,Hôtel,2024-01,1849.0,8893.553326293559
4561,191,I551,Hôtel,2024-02,1849.0,8522.581837381204
4562,191,I551,Hôtel,2024-03,1849.0,12691.129883843718
4563,191,I551,Hôtel,2024-04,1849.0,26114.44033790919
4564,191,I551,Hôtel,2024-05,1849.0,54708.53220696938
4565,191,I551,Hôtel,2024-06,1849.0,52316.74234424499
4566,191,I551,Hôtel,2024-07,1849.0,61181.00844772967
4567,191,I551,Hôtel,2024-08,1849.0,80864.72908493198
4568,191,I551,Hôtel,2024-09,1849.0,51044.78469571911
4569,191,I551,Hôtel,2024-10,1849.0,30647.348494579193
4570,191,I551,Hôtel,2024-11,1849.0,11101.205743366947
4571,191,I551,Hôtel,2024-12,1849.0,8230.487804970962
4572,191,I553,Terrain de camping,2024-01,4988.0,12485.795883692106
4573,191,I553,Terrain de camping,2024-02,4988.0,11964.98332213305
4574,191,I553,Terrain de camping,2024-03,4988.0,17817.271842809812
4575,191,I553,Terrain de camping,2024-04,4988.0,36662.4632150125
4576,191,I553,Terrain de camping,2024-05,4988.0,76806.14723623554
4577,191,I553,Terrain de camping,2024-06,4988.0,73448.27677355215
4578,191,I553,Terrain de camping,2024-07,4988.0,85892.95587606853
4579,191,I553,Terrain de camping,2024-08,4988.0,113527.2330981011
4580,191,I553,Terrain de camping,2024-09,4988.0,71662.55592728003
4581,191,I553,Terrain de camping,2024-10,4988.0,43026.282481309274
4582,191,I553,Terrain de camping,2024-11,4988.0,15585.152962962631
4583,191,I553,Terrain de camping,2024-12,4988.0,11554.90803122132
4584,192,I551,Hôtel,2024-01,45.0,216.4466737064414
4585,192,I551,Hôtel,2024-02,45.0,207.4181626187962
4586,192,I551,Hôtel,2024-03,45.0,308.870116156283
4587,192,I551,Hôtel,2024-04,45.0,635.559662090813
4588,192,I551,Hôtel,2024-05,45.0,1331.467793030623
4589,192,I551,Hôtel,2024-06,45.0,1273.2576557550158
4590,192,I551,Hôtel,2024-07,45.0,1488.9915522703272
4591,192,I551,Hôtel,2024-08,45.0,1968.0437040681122
4592,192,I551,Hôtel,2024-09,45.0,1242.3014122808868
4593,192,I551,Hôtel,2024-10,45.0,745.8792224208024
4594,192,I551,Hôtel,2024-11,45.0,270.17536963305173
4595,192,I551,Hôtel,2024-12,45.0,200.3093300290391
4596,192,I553,Terrain de camping,2024-01,423.0,1058.839546672366
4597,192,I553,Terrain de camping,2024-02,423.0,1014.6728037815317
4598,192,I553,Terrain de camping,2024-03,423.0,1510.9675199495891
4599,192,I553,Terrain de camping,2024-04,423.0,3109.1062429731933
4600,192,I553,Terrain de camping,2024-05,423.0,6513.432293690383
4601,192,I553,Terrain de camping,2024-06,423.0,6228.673030315269
4602,192,I553,Terrain de camping,2024-07,423.0,7284.025728864673
4603,192,I553,Terrain de camping,2024-08,423.0,9627.50994396487
4604,192,I553,Terrain de camping,2024-09,423.0,6077.237601691952
4605,192,I553,Terrain de camping,2024-10,423.0,3648.7805712898603
4606,192,I553,Terrain de camping,2024-11,423.0,1321.6759629777853
4607,192,I553,Terrain de camping,2024-12,423.0,979.8969721745425
4608,193,I551,Hôtel,2024-01,1075.0,18576.775648252536
4609,193,I551,Hôtel,2024-02,1075.0,18816.741826381058
4610,193,I551,Hôtel,2024-03,1075.0,24028.128523111613
4611,193,I551,Hôtel,2024-04,1075.0,27816.685456595264
4612,193,I551,Hôtel,2024-05,1075.0,34402.42390078918
4613,193,I551,Hôtel,2024-06,1075.0,34293.348365276215
4614,193,I551,Hôtel,2024-07,1075.0,32259.69560315671
4615,193,I551,Hôtel,2024-08,1075.0,37621.611675868095
4616,193,I551,Hôtel,2024-09,1075.0,31995.187387846672
4617,193,I551,Hôtel,2024-10,1075.0,30181.297031341597
4618,193,I551,Hôtel,2024-11,1075.0,23496.26086599211
4619,193,I551,Hôtel,2024-12,1075.0,18540.701407863584
4620,193,I553,Terrain de camping,2024-01,1692.0,18887.866362879024
4621,193,I553,Terrain de camping,2024-02,1692.0,19131.85106667926
4622,193,I553,Terrain de camping,2024-03,1692.0,24430.508775472306
4623,193,I553,Terrain de camping,2024-04,1692.0,28282.509705166976
4624,193,I553,Terrain de camping,2024-05,1692.0,34978.534353906834
4625,193,I553,Terrain de camping,2024-06,1692.0,34867.63221581582
4626,193,I553,Terrain de camping,2024-07,1692.0,32799.923463407744
4627,193,I553,Terrain de camping,2024-08,1692.0,38251.631345764195
4628,193,I553,Terrain de camping,2024-09,1692.0,32530.985736147763
4629,193,I553,Terrain de camping,2024-10,1692.0,30686.71957826876
4630,193,I553,Terrain de camping,2024-11,1692.0,23889.734347195477
4631,193,I553,Terrain de camping,2024-12,1692.0,18851.1880154354
4632,194,I551,Hôtel,2024-01,2285.0,39486.44870349493
4633,194,I551,Hôtel,2024-02,2285.0,39996.51634723788
4634,194,I551,Hôtel,2024-03,2285.0,51073.742953776775
4635,194,I551,Hôtel,2024-04,2285.0,59126.629086809466
4636,194,I551,Hôtel,2024-05,2285.0,73125.15219842165
4637,194,I551,Hôtel,2024-06,2285.0,72893.30326944758
4638,194,I551,Hôtel,2024-07,2285.0,68570.60879368658
4639,194,I551,Hôtel,2024-08,2285.0,79967.7978412638
4640,194,I551,Hôtel,2024-09,2285.0,68008.37505230666
4641,194,I551,Hôtel,2024-10,2285.0,64152.8034573168
4642,194,I551,Hôtel,2024-11,2285.0,49943.21495701578
4643,194,I551,Hôtel,2024-12,2285.0,39409.769969272835
4644,194,I553,Terrain de camping,2024-01,1287.0,14366.834520700533
4645,194,I553,Terrain de camping,2024-02,1287.0,14552.418630506032
4646,194,I553,Terrain de camping,2024-03,1287.0,18582.780611130533
4647,194,I553,Terrain de camping,2024-04,1287.0,21512.760041696154
4648,194,I553,Terrain de camping,2024-05,1287.0,26606.01283302488
4649,194,I553,Terrain de camping,2024-06,1287.0,26521.656419476927
4650,194,I553,Terrain de camping,2024-07,1287.0,24948.877953549505
4651,194,I553,Terrain de camping,2024-08,1287.0,29095.65575768234
4652,194,I553,Terrain de camping,2024-09,1287.0,24744.31361845282
4653,194,I553,Terrain de camping,2024-10,1287.0,23341.494147300175
4654,194,I553,Terrain de camping,2024-11,1287.0,18171.446870473155
4655,194,I553,Terrain de camping,2024-12,1287.0,14338.935564932246
4656,195,I551,Hôtel,2024-01,89.0,1529.66865514864
4657,195,I551,Hôtel,2024-02,89.0,1554.9665048850964
4658,195,I551,Hôtel,2024-03,89.0,1957.442070849721
4659,195,I551,Hôtel,2024-04,89.0,2227.966208922336
4660,195,I551,Hôtel,2024-05,89.0,2767.2524836065713
4661,195,I551,Hôtel,2024-06,89.0,2773.804226621936
4662,195,I551,Hôtel,2024-07,89.0,2582.245139282128
4663,195,I551,Hôtel,2024-08,89.0,2948.8474057620692
4664,195,I551,Hôtel,2024-09,89.0,2582.392791004779
4665,195,I551,Hôtel,2024-10,89.0,2428.1671384012775
4666,195,I551,Hôtel,2024-11,89.0,1901.118488651643
4667,195,I551,Hôtel,2024-12,89.0,1508.4475417340032
4668,195,I553,Terrain de camping,2024-01,308.0,3421.5153550791915
4669,195,I553,Terrain de camping,2024-02,308.0,3469.6607858440784
4670,195,I553,Terrain de camping,2024-03,308.0,4410.512424130901
4671,195,I553,Terrain de camping,2024-04,308.0,5078.760146406389
4672,195,I553,Terrain de camping,2024-05,308.0,6289.596263770571
4673,195,I553,Terrain de camping,2024-06,308.0,6280.579154796835
4674,195,I553,Terrain de camping,2024-07,308.0,5888.835469101989
4675,195,I553,Terrain de camping,2024-08,308.0,6823.00470826562
4676,195,I553,Terrain de camping,2024-09,308.0,5855.748754657882
4677,195,I553,Terrain de camping,2024-10,308.0,5518.1945774338365
4678,195,I553,Terrain de camping,2024-11,308.0,4303.621408859685
4679,195,I553,Terrain de camping,2024-12,308.0,3401.861452669106
4680,196,I551,Hôtel,2024-01,942.0,15580.967025551086
4681,196,I551,Hôtel,2024-02,942.0,15966.378528417383
4682,196,I551,Hôtel,2024-03,942.0,20589.475155812775
4683,196,I551,Hôtel,2024-04,942.0,24506.65129686951
4684,196,I551,Hôtel,2024-05,942.0,30057.334276581318
4685,196,I551,Hôtel,2024-06,942.0,30243.03436702594
4686,196,I551,Hôtel,2024-07,942.0,29374.00415329237
4687,196,I551,Hôtel,2024-08,942.0,34761.74506637818
4688,196,I551,Hôtel,2024-09,942.0,28073.670609524983
4689,196,I551,Hôtel,2024-10,942.0,26159.056537040495
4690,196,I551,Hôtel,2024-11,942.0,20006.178610416697
4691,196,I551,Hôtel,2024-12,942.0,15571.504339007939
4692,196,I553,Terrain de camping,2024-01,903.0,9122.397382274221
4693,196,I553,Terrain de camping,2024-02,903.0,9440.608156224778
4694,196,I553,Terrain de camping,2024-03,903.0,12274.086626145987
4695,196,I553,Terrain de camping,2024-04,903.0,14939.276488872374
4696,196,I553,Terrain de camping,2024-05,903.0,18202.681798746944
4697,196,I553,Terrain de camping,2024-06,903.0,18450.731655072344
4698,196,I553,Terrain de camping,2024-07,903.0,18362.472299744735
4699,196,I553,Terrain de camping,2024-08,903.0,21964.520208765818
4700,196,I553,Terrain de camping,2024-09,903.0,17059.056486780573
4701,196,I553,Terrain de camping,2024-10,903.0,15740.420494511804
4702,196,I553,Terrain de camping,2024-11,903.0,11863.612831570228
4703,196,I553,Terrain de camping,2024-12,903.0,9127.309108836262
4704,197,I551,Hôtel,2024-01,217.0,3151.231913798047
4705,197,I551,Hôtel,2024-02,217.0,3260.2930567438207
4706,197,I551,Hôtel,2024-03,217.0,4022.3913587714464
4707,197,I551,Hôtel,2024-04,217.0,4563.272149489563
4708,197,I551,Hôtel,2024-05,217.0,5270.614177670817
4709,197,I551,Hôtel,2024-06,217.0,6104.780230591943
4710,197,I551,Hôtel,2024-07,217.0,5593.659409421905
4711,197,I551,Hôtel,2024-08,217.0,5338.428122546143
4712,197,I551,Hôtel,2024-09,217.0,5334.849740224633
4713,197,I551,Hôtel,2024-10,217.0,4494.231244852653
4714,197,I551,Hôtel,2024-11,217.0,3897.8754256190086
4715,197,I551,Hôtel,2024-12,217.0,3082.1477342056496
4716,197,I553,Terrain de camping,2024-01,689.0,5485.834351091633
4717,197,I553,Terrain de camping,2024-02,689.0,5644.389303708173
4718,197,I553,Terrain de camping,2024-03,689.0,7026.928786999196
4719,197,I553,Terrain de camping,2024-04,689.0,8015.136832186739
4720,197,I553,Terrain de camping,2024-05,689.0,9434.199439594586
4721,197,I553,Terrain de camping,2024-06,689.0,10495.86355570305
4722,197,I553,Terrain de camping,2024-07,689.0,9682.167042151528
4723,197,I553,Terrain de camping,2024-08,689.0,9771.285352542423
4724,197,I553,Terrain de camping,2024-09,689.0,9329.59558560453
4725,197,I553,Terrain de camping,2024-10,689.0,8110.264595474982
4726,197,I553,Terrain de camping,2024-11,689.0,6825.870236041027
4727,197,I553,Terrain de camping,2024-12,689.0,5394.404904578845
4728,198,I551,Hôtel,2024-01,175.0,2492.2997946611913
4729,198,I551,Hôtel,2024-02,175.0,2585.2156057494867
4730,198,I551,Hôtel,2024-03,175.0,3176.078028747433
4731,198,I551,Hôtel,2024-04,175.0,3593.94250513347
4732,198,I551,Hôtel,2024-05,175.0,4113.4496919917865
4733,198,I551,Hôtel,2024-06,175.0,4856.262833675564
4734,198,I551,Hôtel,2024-07,175.0,4435.831622176591
4735,198,I551,Hôtel,2024-08,175.0,4120.487072073922
4736,198,I551,Hôtel,2024-09,175.0,4210.296076129363
4737,198,I551,Hôtel,2024-10,175.0,3493.5318773613953
4738,198,I551,Hôtel,2024-11,175.0,3074.25759137577
4739,198,I551,Hôtel,2024-12,175.0,2431.5267976386035
4740,198,I553,Terrain de camping,2024-01,403.0,3205.0944187603013
4741,198,I553,Terrain de camping,2024-02,403.0,3297.9307728651033
4742,198,I553,Terrain de camping,2024-03,403.0,4105.320310721442
4743,198,I553,Terrain de camping,2024-04,403.0,4682.381166394761
4744,198,I553,Terrain de camping,2024-05,403.0,5510.263820922152
4745,198,I553,Terrain de camping,2024-06,403.0,6133.044396378733
4746,198,I553,Terrain de camping,2024-07,403.0,5657.154901512348
4747,198,I553,Terrain de camping,2024-08,403.0,5705.801412411087
4748,198,I553,Terrain de camping,2024-09,403.0,5450.536996785128
4749,198,I553,Terrain de camping,2024-10,403.0,4736.578714524836
4750,198,I553,Terrain de camping,2024-11,403.0,3987.7512950288947
4751,198,I553,Terrain de camping,2024-12,403.0,3151.491919062476
4752,199,I551,Hôtel,2024-01,504.0,6254.643860097013
4753,199,I551,Hôtel,2024-02,504.0,7947.939749808527
4754,199,I551,Hôtel,2024-03,504.0,10171.355629308146
4755,199,I551,Hôtel,2024-04,504.0,12203.053357161092
4756,199,I551,Hôtel,2024-05,504.0,16648.598417155983
4757,199,I551,Hôtel,2024-06,504.0,16068.297166198621
4758,199,I551,Hôtel,2024-07,504.0,16278.029103906052
4759,199,I551,Hôtel,2024-08,504.0,20406.964726817463
4760,199,I551,Hôtel,2024-09,504.0,15805.718317240744
4761,199,I551,Hôtel,2024-10,504.0,11907.996309696196
4762,199,I551,Hôtel,2024-11,504.0,8516.020111701813
4763,199,I551,Hôtel,2024-12,504.0,6406.650567875416
4764,199,I553,Terrain de camping,2024-01,521.0,2714.866193195852
4765,199,I553,Terrain de camping,2024-02,521.0,3449.851568683558
4766,199,I553,Terrain de camping,2024-03,521.0,4414.938748655256
4767,199,I553,Terrain de camping,2024-04,521.0,5296.809499335415
4768,199,I553,Terrain de camping,2024-05,521.0,7226.425359753367
4769,199,I553,Terrain de camping,2024-06,521.0,6974.542073776958
4770,199,I553,Terrain de camping,2024-07,521.0,7065.577496424751
4771,199,I553,Terrain de camping,2024-08,521.0,8857.767105818495
4772,199,I553,Terrain de camping,2024-09,521.0,6860.568128012928
4773,199,I553,Terrain de camping,2024-10,521.0,5168.738194055019
4774,199,I553,Terrain de camping,2024-11,521.0,3696.43030346361
4775,199,I553,Terrain de camping,2024-12,521.0,2780.8456288467537
4776,200,I551,Hôtel,2024-01,226.0,2804.6617309165176
4777,200,I551,Hôtel,2024-02,226.0,3563.957110033188
4778,200,I551,Hôtel,2024-03,226.0,4560.965024253255
4779,200,I551,Hôtel,2024-04,226.0,5472.004084758744
4780,200,I551,Hôtel,2024-05,226.0,7465.442941026294
4781,200,I551,Hôtel,2024-06,226.0,7205.228491192239
4782,200,I551,Hôtel,2024-07,226.0,7299.274955322951
4783,200,I551,Hôtel,2024-08,226.0,9150.742119564973
4784,200,I551,Hôtel,2024-09,226.0,7087.4848009849375
4785,200,I551,Hôtel,2024-10,226.0,5339.696757919326
4786,200,I551,Hôtel,2024-11,226.0,3818.6915580250184
4787,200,I551,Hôtel,2024-12,226.0,2872.8234689282617
4788,200,I553,Terrain de camping,2024-01,3127.0,16294.408034785849
4789,200,I553,Terrain de camping,2024-02,3127.0,20705.731008202467
4790,200,I553,Terrain de camping,2024-03,3127.0,26498.106462658325
4791,200,I553,Terrain de camping,2024-04,3127.0,31791.023616932514
4792,200,I553,Terrain de camping,2024-05,3127.0,43372.4224567155
4793,200,I553,Terrain de camping,2024-06,3127.0,41860.63927965556
4794,200,I553,Terrain de camping,2024-07,3127.0,42407.026547639536
4795,200,I553,Terrain de camping,2024-08,3127.0,53163.60410728298
4796,200,I553,Terrain de camping,2024-09,3127.0,41176.57684509871
4797,200,I553,Terrain de camping,2024-10,3127.0,31022.349967005845
4798,200,I553,Terrain de camping,2024-11,3127.0,22185.67669660405
4799,200,I553,Terrain de camping,2024-12,3127.0,16690.411288682917
4800,201,I551,Hôtel,2024-01,522.0,6478.023997957621
4801,201,I551,Hôtel,2024-02,522.0,8231.794740873118
4802,201,I551,Hôtel,2024-03,522.0,10534.618330354864
4803,201,I551,Hôtel,2024-04,522.0,12638.876691345416
4804,201,I551,Hôtel,2024-05,522.0,17243.191217768697
4805,201,I551,Hôtel,2024-06,522.0,16642.164922134285
4806,201,I551,Hôtel,2024-07,522.0,16859.38728618841
4807,201,I551,Hôtel,2024-08,522.0,21135.784895632372
4808,201,I551,Hôtel,2024-09,522.0,16370.2082571422
4809,201,I551,Hôtel,2024-10,522.0,12333.281892185345
4810,201,I551,Hôtel,2024-11,522.0,8820.163687119733
4811,201,I551,Hôtel,2024-12,522.0,6635.459516728109
4812,201,I553,Terrain de camping,2024-01,3334.0,17373.059286209154
4813,201,I553,Terrain de camping,2024-02,3334.0,22076.401401134324
4814,201,I553,Terrain de camping,2024-03,3334.0,28252.218403102925
4815,201,I553,Terrain de camping,2024-04,3334.0,33895.51414737864
4816,201,I553,Terrain de camping,2024-05,3334.0,46243.57418314343
4817,201,I553,Terrain de camping,2024-06,3334.0,44631.71453737501
4818,201,I553,Terrain de camping,2024-07,3334.0,45214.271349482
4819,201,I553,Terrain de camping,2024-08,3334.0,56682.90888828957
4820,201,I553,Terrain de camping,2024-09,3334.0,43902.36878847428
4821,201,I553,Terrain de camping,2024-10,3334.0,33075.956120881834
4822,201,I553,Terrain de camping,2024-11,3334.0,23654.31599183815
4823,201,I553,Terrain de camping,2024-12,3334.0,17795.277018378267
4824,202,I551,Hôtel,2024-01,1369.0,16989.3004850651
4825,202,I551,Hôtel,2024-02,1369.0,21588.74904263467
4826,202,I551,Hôtel,2024-03,1369.0,27628.146540719943
4827,202,I551,Hôtel,2024-04,1369.0,33146.78580546336
4828,202,I551,Hôtel,2024-05,1369.0,45222.085779933615
4829,202,I551,Hôtel,2024-06,1369.0,43645.83099310697
4830,202,I551,Hôtel,2024-07,1369.0,44215.51953025274
4831,202,I551,Hôtel,2024-08,1369.0,55430.822839311724
4832,202,I551,Hôtel,2024-09,1369.0,42932.59598472734
4833,202,I551,Hôtel,2024-10,1369.0,32345.33124598034
4834,202,I551,Hôtel,2024-11,1369.0,23131.808597063056
4835,202,I551,Hôtel,2024-12,1369.0,17402.191721074294
4836,202,I553,Terrain de camping,2024-01,5139.0,26778.689763595932
4837,202,I553,Terrain de camping,2024-02,5139.0,34028.382363656056
4838,202,I553,Terrain de camping,2024-03,5139.0,43547.73556495079
4839,202,I553,Terrain de camping,2024-04,5139.0,52246.26490803205
4840,202,I553,Terrain de camping,2024-05,5139.0,71279.46242566708
4841,202,I553,Terrain de camping,2024-06,5139.0,68794.9553112088
4842,202,I553,Terrain de camping,2024-07,5139.0,69692.90355878464
4843,202,I553,Terrain de camping,2024-08,5139.0,87370.56651977208
4844,202,I553,Terrain de camping,2024-09,5139.0,67670.74781162848
4845,202,I553,Terrain de camping,2024-10,5139.0,50983.00495057341
4846,202,I553,Terrain de camping,2024-11,5139.0,36460.56685124662
4847,202,I553,Terrain de camping,2024-12,5139.0,27429.492680697636
4848,203,I551,Hôtel,2024-01,1296.0,16083.369925963747
4849,203,I551,Hôtel,2024-02,1296.0,20437.559356650498
4850,203,I551,Hôtel,2024-03,1296.0,26154.9144753638
4851,203,I551,Hôtel,2024-04,1296.0,31379.28006127138
4852,203,I551,Hôtel,2024-05,1296.0,42810.681644115386
4853,203,I551,Hôtel,2024-06,1296.0,41318.47842736788
4854,203,I551,Hôtel,2024-07,1296.0,41857.78912432984
4855,203,I551,Hôtel,2024-08,1296.0,52475.052154673474
4856,203,I551,Hôtel,2024-09,1296.0,40643.275672904776
4857,203,I551,Hôtel,2024-10,1296.0,30620.56193921879
4858,203,I551,Hôtel,2024-11,1296.0,21898.337430090374
4859,203,I551,Hôtel,2024-12,1296.0,16474.244317393925
4860,203,I553,Terrain de camping,2024-01,1217.0,6341.635618271307
4861,203,I553,Terrain de camping,2024-02,1217.0,8058.482455063129
4862,203,I553,Terrain de camping,2024-03,1217.0,10312.822374497979
4863,203,I553,Terrain de camping,2024-04,1217.0,12372.777659676007
4864,203,I553,Terrain de camping,2024-05,1217.0,16880.152903684928
4865,203,I553,Terrain de camping,2024-06,1217.0,16291.78062147132
4866,203,I553,Terrain de camping,2024-07,1217.0,16504.42958377912
4867,203,I553,Terrain de camping,2024-08,1217.0,20690.79187673917
4868,203,I553,Terrain de camping,2024-09,1217.0,16025.549734725017
4869,203,I553,Terrain de camping,2024-10,1217.0,12073.616856362685
4870,203,I553,Terrain de camping,2024-11,1217.0,8634.463875844938
4871,203,I553,Terrain de camping,2024-12,1217.0,6495.756488112283
4872,204,I551,Hôtel,2024-01,0.0,0.0
4873,204,I551,Hôtel,2024-02,0.0,0.0
4874,204,I551,Hôtel,2024-03,0.0,0.0
4875,204,I551,Hôtel,2024-04,0.0,0.0
4876,204,I551,Hôtel,2024-05,0.0,0.0
4877,204,I551,Hôtel,2024-06,0.0,0.0
4878,204,I551,Hôtel,2024-07,0.0,0.0
4879,204,I551,Hôtel,2024-08,0.0,0.0
4880,204,I551,Hôtel,2024-09,0.0,0.0
4881,204,I551,Hôtel,2024-10,0.0,0.0
4882,204,I551,Hôtel,2024-11,0.0,0.0
4883,204,I551,Hôtel,2024-12,0.0,0.0
4884,204,I553,Terrain de camping,2024-01,11.0,57.319631718146574
4885,204,I553,Terrain de camping,2024-02,11.0,72.8375571123208
4886,204,I553,Terrain de camping,2024-03,11.0,93.21367799464072
4887,204,I553,Terrain de camping,2024-04,11.0,111.83283012032545
4888,204,I553,Terrain de camping,2024-05,11.0,152.57328014834363
4889,204,I553,Terrain de camping,2024-06,11.0,147.25520693195114
4890,204,I553,Terrain de camping,2024-07,11.0,149.17726000129034
4891,204,I553,Terrain de camping,2024-08,11.0,187.01619609213714
4892,204,I553,Terrain de camping,2024-09,11.0,144.84884723251864
4893,204,I553,Terrain de camping,2024-10,11.0,109.12882943302345
4894,204,I553,Terrain de camping,2024-11,11.0,78.04363404625664
4895,204,I553,Terrain de camping,2024-12,11.0,58.712671626323015
4896,205,I551,Hôtel,2024-01,541.0,5813.672275054865
4897,205,I551,Hôtel,2024-02,541.0,7036.56181419166
4898,205,I551,Hôtel,2024-03,541.0,8999.51719092904
4899,205,I551,Hôtel,2024-04,541.0,9114.286759326993
4900,205,I551,Hôtel,2024-05,541.0,12426.773957571324
4901,205,I551,Hôtel,2024-06,541.0,13079.773226042429
4902,205,I551,Hôtel,2024-07,541.0,11112.86027798098
4903,205,I551,Hôtel,2024-08,541.0,12354.949305566934
4904,205,I551,Hôtel,2024-09,541.0,12404.649659278713
4905,205,I551,Hôtel,2024-10,541.0,10914.945164002194
4906,205,I551,Hôtel,2024-11,541.0,8805.58414128749
4907,205,I551,Hôtel,2024-12,541.0,6800.686147814924
4908,205,I553,Terrain de camping,2024-01,614.0,2457.0191640220983
4909,205,I553,Terrain de camping,2024-02,614.0,2973.846203969565
4910,205,I553,Terrain de camping,2024-03,614.0,3803.4455949531994
4911,205,I553,Terrain de camping,2024-04,614.0,3851.9503980550667
4912,205,I553,Terrain de camping,2024-05,614.0,5251.89937033995
4913,205,I553,Terrain de camping,2024-06,614.0,5527.874974195394
4914,205,I553,Terrain de camping,2024-07,614.0,4696.603003794453
4915,205,I553,Terrain de camping,2024-08,614.0,5221.544280119057
4916,205,I553,Terrain de camping,2024-09,614.0,5242.549028194121
4917,205,I553,Terrain de camping,2024-10,614.0,4612.958586825505
4918,205,I553,Terrain de camping,2024-11,614.0,3721.4841088283147
4919,205,I553,Terrain de camping,2024-12,614.0,2874.158604601289
4920,206,I551,Hôtel,2024-01,776.0,13174.15591699383
4921,206,I551,Hôtel,2024-02,776.0,13989.470929145635
4922,206,I551,Hôtel,2024-03,776.0,18782.710787063002
4923,206,I551,Hôtel,2024-04,776.0,19889.62422882782
4924,206,I551,Hôtel,2024-05,776.0,24015.524397083565
4925,206,I551,Hôtel,2024-06,776.0,24575.509441017013
4926,206,I551,Hôtel,2024-07,776.0,24772.809871003927
4927,206,I551,Hôtel,2024-08,776.0,24917.02618043896
4928,206,I551,Hôtel,2024-09,776.0,26662.6313387564
4929,206,I551,Hôtel,2024-10,776.0,22470.222457694526
4930,206,I551,Hôtel,2024-11,776.0,18339.791740015706
4931,206,I551,Hôtel,2024-12,776.0,18540.58090206917
4932,206,I553,Terrain de camping,2024-01,227.0,1785.2225663857132
4933,206,I553,Terrain de camping,2024-02,227.0,1895.7054517847632
4934,206,I553,Terrain de camping,2024-03,227.0,2545.234728223304
4935,206,I553,Terrain de camping,2024-04,227.0,2695.231955197459
4936,206,I553,Terrain de camping,2024-05,227.0,3254.3304001705856
4937,206,I553,Terrain de camping,2024-06,227.0,3330.213663095913
4938,206,I553,Terrain de camping,2024-07,227.0,3356.949735007426
4939,206,I553,Terrain de camping,2024-08,227.0,3376.492407165434
4940,206,I553,Terrain de camping,2024-09,227.0,3613.038394647469
4941,206,I553,Terrain de camping,2024-10,227.0,3044.927390865196
4942,206,I553,Terrain de camping,2024-11,227.0,2485.215013650857
4943,206,I553,Terrain de camping,2024-12,227.0,2512.4238417110396
4944,207,I551,Hôtel,2024-01,856.0,14532.316320807628
4945,207,I551,Hôtel,2024-02,856.0,15431.6844269957
4946,207,I551,Hôtel,2024-03,856.0,20719.07272387362
4947,207,I551,Hôtel,2024-04,856.0,21940.100953449244
4948,207,I551,Hôtel,2024-05,856.0,26491.351654514863
4949,207,I551,Hôtel,2024-06,856.0,27109.067115348662
4950,207,I551,Hôtel,2024-07,856.0,27326.707795849692
4951,207,I551,Hôtel,2024-08,856.0,27485.791766051225
4952,207,I551,Hôtel,2024-09,856.0,29411.356219040565
4953,207,I551,Hôtel,2024-10,856.0,24786.74023683829
4954,207,I551,Hôtel,2024-11,856.0,20230.491919398766
4955,207,I551,Hôtel,2024-12,856.0,20451.98099506599
4956,207,I553,Terrain de camping,2024-01,109.0,857.2214085288227
4957,207,I553,Terrain de camping,2024-02,109.0,910.2726618702167
4958,207,I553,Terrain de camping,2024-03,109.0,1222.1611690587672
4959,207,I553,Terrain de camping,2024-04,109.0,1294.1862692357843
4960,207,I553,Terrain de camping,2024-05,109.0,1562.6520423726602
4961,207,I553,Terrain de camping,2024-06,109.0,1599.0893800768922
4962,207,I553,Terrain de camping,2024-07,109.0,1611.9274057965174
4963,207,I553,Terrain de camping,2024-08,109.0,1621.311332075032
4964,207,I553,Terrain de camping,2024-09,109.0,1734.8950881787407
4965,207,I553,Terrain de camping,2024-10,109.0,1462.1016986973846
4966,207,I553,Terrain de camping,2024-11,109.0,1193.3411299028344
4967,207,I553,Terrain de camping,2024-12,109.0,1206.4061618788694
4968,208,I551,Hôtel,2024-01,61.0,1035.5973079080202
4969,208,I551,Hôtel,2024-02,61.0,1099.6877921106748
4970,208,I551,Hôtel,2024-03,61.0,1476.475976818097
4971,208,I551,Hôtel,2024-04,61.0,1563.4885025238361
4972,208,I551,Hôtel,2024-05,61.0,1887.8182837913628
4973,208,I551,Hôtel,2024-06,61.0,1931.8377266778837
4974,208,I551,Hôtel,2024-07,61.0,1947.3471676948964
4975,208,I551,Hôtel,2024-08,61.0,1958.6837590293512
4976,208,I551,Hôtel,2024-09,61.0,2095.9027212166757
4977,208,I551,Hôtel,2024-10,61.0,1766.344806597121
4978,208,I551,Hôtel,2024-11,61.0,1441.658886779585
4979,208,I551,Hôtel,2024-12,61.0,1457.4425709100765
4980,208,I553,Terrain de camping,2024-01,133.0,1045.9674067370038
4981,208,I553,Terrain de camping,2024-02,133.0,1110.6996699884294
4982,208,I553,Terrain de camping,2024-03,133.0,1491.2608760074863
4983,208,I553,Terrain de camping,2024-04,133.0,1579.1447138381586
4984,208,I553,Terrain de camping,2024-05,133.0,1906.722216840035
4985,208,I553,Terrain de camping,2024-06,133.0,1951.1824545892355
4986,208,I553,Terrain de camping,2024-07,133.0,1966.8472015682275
4987,208,I553,Terrain de camping,2024-08,133.0,1978.297313449351
4988,208,I553,Terrain de camping,2024-09,133.0,2116.8903369520413
4989,208,I553,Terrain de camping,2024-10,133.0,1784.0323479518547
4990,208,I553,Terrain de camping,2024-11,133.0,1456.0951401566695
4991,208,I553,Terrain de camping,2024-12,133.0,1472.0368764210057
4992,209,I551,Hôtel,2024-01,572.0,8813.128997968804
4993,209,I551,Hôtel,2024-02,572.0,9201.452767440744
4994,209,I551,Hôtel,2024-03,572.0,11569.404811078606
4995,209,I551,Hôtel,2024-04,572.0,12041.004546505283
4996,209,I551,Hôtel,2024-05,572.0,15288.682025056463
4997,209,I551,Hôtel,2024-06,572.0,16246.30423942591
4998,209,I551,Hôtel,2024-07,572.0,17425.43741284049
4999,209,I551,Hôtel,2024-08,572.0,16978.01789039316
5000,209,I551,Hôtel,2024-09,572.0,17022.19462889312
5001,209,I551,Hôtel,2024-10,572.0,13665.238737270513
5002,209,I551,Hôtel,2024-11,572.0,10711.713255781726
5003,209,I551,Hôtel,2024-12,572.0,9830.006333849666
5004,209,I553,Terrain de camping,2024-01,1125.0,9218.514531814835
5005,209,I553,Terrain de camping,2024-02,1125.0,9639.10802793242
5006,209,I553,Terrain de camping,2024-03,1125.0,12192.888518122358
5007,209,I553,Terrain de camping,2024-04,1125.0,12710.841323192846
5008,209,I553,Terrain de camping,2024-05,1125.0,16063.189697689026
5009,209,I553,Terrain de camping,2024-06,1125.0,17011.392267596195
5010,209,I553,Terrain de camping,2024-07,1125.0,18148.728433636126
5011,209,I553,Terrain de camping,2024-08,1125.0,17730.609781093903
5012,209,I553,Terrain de camping,2024-09,1125.0,17879.86340353277
5013,209,I553,Terrain de camping,2024-10,1125.0,14419.151624701339
5014,209,I553,Terrain de camping,2024-11,1125.0,11347.23070256975
5015,209,I553,Terrain de camping,2024-12,1125.0,10518.14811113059
5016,210,I551,Hôtel,2024-01,3469.0,58893.23051037577
5017,210,I551,Hôtel,2024-02,3469.0,62537.98280052346
5018,210,I551,Hôtel,2024-03,3469.0,83965.49448495045
5019,210,I551,Hôtel,2024-04,3469.0,88913.79697139651
5020,210,I551,Hôtel,2024-05,3469.0,107358.05945036456
5021,210,I551,Hôtel,2024-06,3469.0,109861.39465320621
5022,210,I551,Hôtel,2024-07,3469.0,110743.3987661245
5023,210,I551,Hôtel,2024-08,3469.0,111388.09770611179
5024,210,I551,Hôtel,2024-09,3469.0,119191.58262132212
5025,210,I551,Hôtel,2024-10,3469.0,100450.00219812152
5026,210,I551,Hôtel,2024-11,3469.0,81985.48652849805
5027,210,I551,Hôtel,2024-12,3469.0,82883.08653257469
5028,210,I553,Terrain de camping,2024-01,82.0,644.8821605446188
5029,210,I553,Terrain de camping,2024-02,82.0,684.7922777372271
5030,210,I553,Terrain de camping,2024-03,82.0,919.4239987414578
5031,210,I553,Terrain de camping,2024-04,82.0,973.6080190581129
5032,210,I553,Terrain de camping,2024-05,82.0,1175.5730960968635
5033,210,I553,Terrain de camping,2024-06,82.0,1202.984671250506
5034,210,I553,Terrain de camping,2024-07,82.0,1212.6426355533433
5035,210,I553,Terrain de camping,2024-08,82.0,1219.7021030289231
5036,210,I553,Terrain de camping,2024-09,82.0,1305.1504333087773
5037,210,I553,Terrain de camping,2024-10,82.0,1099.929718286106
5038,210,I553,Terrain de camping,2024-11,82.0,897.7428683672698
5039,210,I553,Terrain de camping,2024-12,82.0,907.5716080189659
5040,211,I551,Hôtel,2024-01,813.0,11932.953007867427
5041,211,I551,Hôtel,2024-02,813.0,12386.021954067857
5042,211,I551,Hôtel,2024-03,813.0,14850.770357614238
5043,211,I551,Hôtel,2024-04,813.0,15264.1169390145
5044,211,I551,Hôtel,2024-05,813.0,20042.53482436314
5045,211,I551,Hôtel,2024-06,813.0,21758.34772442008
5046,211,I551,Hôtel,2024-07,813.0,24144.027681028456
5047,211,I551,Hôtel,2024-08,813.0,23230.513815034876
5048,211,I551,Hôtel,2024-09,813.0,22300.375086248612
5049,211,I551,Hôtel,2024-10,813.0,17388.94108028238
5050,211,I551,Hôtel,2024-11,813.0,13258.370110138056
5051,211,I551,Hôtel,2024-12,813.0,11409.731731292934
5052,211,I553,Terrain de camping,2024-01,1205.0,10211.057836485705
5053,211,I553,Terrain de camping,2024-02,1205.0,10608.044936086948
5054,211,I553,Terrain de camping,2024-03,1205.0,12696.955655105034
5055,211,I553,Terrain de camping,2024-04,1205.0,13046.665718158996
5056,211,I553,Terrain de camping,2024-05,1205.0,17137.420289842325
5057,211,I553,Terrain de camping,2024-06,1205.0,18600.65315338186
5058,211,I553,Terrain de camping,2024-07,1205.0,20640.274003535676
5059,211,I553,Terrain de camping,2024-08,1205.0,19879.70566731243
5060,211,I553,Terrain de camping,2024-09,1205.0,19057.432614419573
5061,211,I553,Terrain de camping,2024-10,1205.0,14865.566941495563
5062,211,I553,Terrain de camping,2024-11,1205.0,11333.72160566427
5063,211,I553,Terrain de camping,2024-12,1205.0,9775.50102453625
5064,212,I551,Hôtel,2024-01,959.0,15774.749620637329
5065,212,I551,Hôtel,2024-02,959.0,16509.64339908953
5066,212,I551,Hôtel,2024-03,959.0,18379.620637329284
5067,212,I551,Hôtel,2024-04,959.0,17622.898330804248
5068,212,I551,Hôtel,2024-05,959.0,22927.230652503793
5069,212,I551,Hôtel,2024-06,959.0,24324.2564491654
5070,212,I551,Hôtel,2024-07,959.0,20285.978755690438
5071,212,I551,Hôtel,2024-08,959.0,17654.845545099393
5072,212,I551,Hôtel,2024-09,959.0,22164.26943032094
5073,212,I551,Hôtel,2024-10,959.0,20157.484908359635
5074,212,I551,Hôtel,2024-11,959.0,16726.54497160622
5075,212,I551,Hôtel,2024-12,959.0,13993.879311718512
5076,212,I553,Terrain de camping,2024-01,180.0,1758.825686008877
5077,212,I553,Terrain de camping,2024-02,180.0,1840.7635985028332
5078,212,I553,Terrain de camping,2024-03,180.0,2049.2590788092357
5079,212,I553,Terrain de camping,2024-04,180.0,1964.8873669342713
5080,212,I553,Terrain de camping,2024-05,180.0,2556.300616519359
5081,212,I553,Terrain de camping,2024-06,180.0,2712.06377690391
5082,212,I553,Terrain de camping,2024-07,180.0,2261.8108914173195
5083,212,I553,Terrain de camping,2024-08,180.0,1968.4493620498843
5084,212,I553,Terrain de camping,2024-09,180.0,2471.233288842199
5085,212,I553,Terrain de camping,2024-10,180.0,2247.4843071852724
5086,212,I553,Terrain de camping,2024-11,180.0,1864.9473140135365
5087,212,I553,Terrain de camping,2024-12,180.0,1560.2652956316365
5088,213,I551,Hôtel,2024-01,250.0,4112.291350531108
5089,213,I551,Hôtel,2024-02,250.0,4303.869499241275
5090,213,I551,Hôtel,2024-03,250.0,4791.350531107739
5091,213,I551,Hôtel,2024-04,250.0,4594.081942336874
5092,213,I551,Hôtel,2024-05,250.0,5976.858877086494
5093,213,I551,Hôtel,2024-06,250.0,6341.047040971169
5094,213,I551,Hôtel,2024-07,250.0,5288.315629742034
5095,213,I551,Hôtel,2024-08,250.0,4602.410204666161
5096,213,I551,Hôtel,2024-09,250.0,5777.96387651745
5097,213,I551,Hôtel,2024-10,250.0,5254.818797799697
5098,213,I551,Hôtel,2024-11,250.0,4360.4131834218515
5099,213,I551,Hôtel,2024-12,250.0,3648.039445182094
5100,213,I553,Terrain de camping,2024-01,350.0,3419.9388339061497
5101,213,I553,Terrain de camping,2024-02,350.0,3579.262552644398
5102,213,I553,Terrain de camping,2024-03,350.0,3984.6704310179584
5103,213,I553,Terrain de camping,2024-04,350.0,3820.6143245944163
5104,213,I553,Terrain de camping,2024-05,350.0,4970.584532120977
5105,213,I553,Terrain de camping,2024-06,350.0,5273.457343979824
5106,213,I553,Terrain de camping,2024-07,350.0,4397.965622200343
5107,213,I553,Terrain de camping,2024-08,350.0,3827.5404262081083
5108,213,I553,Terrain de camping,2024-09,350.0,4805.175839415386
5109,213,I553,Terrain de camping,2024-10,350.0,4370.108375082475
5110,213,I553,Terrain de camping,2024-11,350.0,3626.2864439152095
5111,213,I553,Terrain de camping,2024-12,350.0,3033.8491859504047
5112,214,I551,Hôtel,2024-01,99.0,1628.4673748103187
5113,214,I551,Hôtel,2024-02,99.0,1704.3323216995448
5114,214,I551,Hôtel,2024-03,99.0,1897.3748103186645
5115,214,I551,Hôtel,2024-04,99.0,1819.256449165402
5116,214,I551,Hôtel,2024-05,99.0,2366.8361153262517
5117,214,I551,Hôtel,2024-06,99.0,2511.0546282245828
5118,214,I551,Hôtel,2024-07,99.0,2094.172989377845
5119,214,I551,Hôtel,2024-08,99.0,1822.5544410477996
5120,214,I551,Hôtel,2024-09,99.0,2288.0736951009103
5121,214,I551,Hôtel,2024-10,99.0,2080.9082439286794
5122,214,I551,Hôtel,2024-11,99.0,1726.7236206350533
5123,214,I551,Hôtel,2024-12,99.0,1444.623620292109
5124,214,I553,Terrain de camping,2024-01,263.0,2569.8397523351923
5125,214,I553,Terrain de camping,2024-02,263.0,2689.560146701362
5126,214,I553,Terrain de camping,2024-03,263.0,2994.195209593495
5127,214,I553,Terrain de camping,2024-04,263.0,2870.918763909519
5128,214,I553,Terrain de camping,2024-05,263.0,3735.0392341366196
5129,214,I553,Terrain de camping,2024-06,263.0,3962.626518476268
5130,214,I553,Terrain de camping,2024-07,263.0,3304.7570246819723
5131,214,I553,Terrain de camping,2024-08,263.0,2876.123234550664
5132,214,I553,Terrain de camping,2024-09,263.0,3610.74641647499
5133,214,I553,Terrain de camping,2024-10,263.0,3283.824293276259
5134,214,I553,Terrain de camping,2024-11,263.0,2724.8952421420004
5135,214,I553,Terrain de camping,2024-12,263.0,2279.720959728447
5136,215,I551,Hôtel,2024-01,394.0,4324.8712270951955
5137,215,I551,Hôtel,2024-02,394.0,5170.511999412888
5138,215,I551,Hôtel,2024-03,394.0,6593.542335866825
5139,215,I551,Hôtel,2024-04,394.0,6733.693821788917
5140,215,I551,Hôtel,2024-05,394.0,9064.103789122259
5141,215,I551,Hôtel,2024-06,394.0,9618.648944025486
5142,215,I551,Hôtel,2024-07,394.0,8218.247789802072
5143,215,I551,Hôtel,2024-08,394.0,9016.292647840532
5144,215,I551,Hôtel,2024-09,394.0,9063.442964503667
5145,215,I551,Hôtel,2024-10,394.0,7943.622793226371
5146,215,I551,Hôtel,2024-11,394.0,6446.497237699561
5147,215,I551,Hôtel,2024-12,394.0,4987.230460574236
5148,215,I553,Terrain de camping,2024-01,588.0,3012.9034771769675
5149,215,I553,Terrain de camping,2024-02,588.0,3375.931584251377
5150,215,I553,Terrain de camping,2024-03,588.0,4235.90125006402
5151,215,I553,Terrain de camping,2024-04,588.0,4526.772966235146
5152,215,I553,Terrain de camping,2024-05,588.0,5678.2209504357215
5153,215,I553,Terrain de camping,2024-06,588.0,6307.159532398842
5154,215,I553,Terrain de camping,2024-07,588.0,5553.175630198389
5155,215,I553,Terrain de camping,2024-08,588.0,5664.741342792861
5156,215,I553,Terrain de camping,2024-09,588.0,5733.49425429242
5157,215,I553,Terrain de camping,2024-10,588.0,4912.422387563126
5158,215,I553,Terrain de camping,2024-11,588.0,4123.670648035026
5159,215,I553,Terrain de camping,2024-12,588.0,3220.694677338534
5160,216,I551,Hôtel,2024-01,3307.0,57224.290079465565
5161,216,I551,Hôtel,2024-02,3307.0,60388.21269399125
5162,216,I551,Hôtel,2024-03,3307.0,68567.06789542863
5163,216,I551,Hôtel,2024-04,3307.0,69195.67297929554
5164,216,I551,Hôtel,2024-05,3307.0,82411.42857142857
5165,216,I551,Hôtel,2024-06,3307.0,88932.54445971856
5166,216,I551,Hôtel,2024-07,3307.0,88426.62994248091
5167,216,I551,Hôtel,2024-08,3307.0,88813.34122150803
5168,216,I551,Hôtel,2024-09,3307.0,82314.79131778321
5169,216,I551,Hôtel,2024-10,3307.0,78781.68037830875
5170,216,I551,Hôtel,2024-11,3307.0,69104.9790336913
5171,216,I551,Hôtel,2024-12,3307.0,74331.125338135
5172,216,I553,Terrain de camping,2024-01,733.0,6231.96073766803
5173,216,I553,Terrain de camping,2024-02,733.0,6572.139801465821
5174,216,I553,Terrain de camping,2024-03,733.0,7458.001996927517
5175,216,I553,Terrain de camping,2024-04,733.0,7518.855143237388
5176,216,I553,Terrain de camping,2024-05,733.0,8953.393248050357
5177,216,I553,Terrain de camping,2024-06,733.0,9658.69118970736
5178,216,I553,Terrain de camping,2024-07,733.0,9598.83563595995
5179,216,I553,Terrain de camping,2024-08,733.0,9644.271841460373
5180,216,I553,Terrain de camping,2024-09,733.0,8925.906169368367
5181,216,I553,Terrain de camping,2024-10,733.0,8565.481006713679
5182,216,I553,Terrain de camping,2024-11,733.0,7519.7272761649665
5183,216,I553,Terrain de camping,2024-12,733.0,8106.430271354576
5184,217,I551,Hôtel,2024-01,3480.0,65125.697695328636
5185,217,I551,Hôtel,2024-02,3480.0,72424.12288998303
5186,217,I551,Hôtel,2024-03,3480.0,81222.99852372045
5187,217,I551,Hôtel,2024-04,3480.0,83583.65405768674
5188,217,I551,Hôtel,2024-05,3480.0,97914.80966452285
5189,217,I551,Hôtel,2024-06,3480.0,93790.82354707026
5190,217,I551,Hôtel,2024-07,3480.0,100168.1108434645
5191,217,I551,Hôtel,2024-08,3480.0,102406.05107860136
5192,217,I551,Hôtel,2024-09,3480.0,88934.59489925226
5193,217,I551,Hôtel,2024-10,3480.0,92537.86441862614
5194,217,I551,Hôtel,2024-11,3480.0,77584.82995128843
5195,217,I551,Hôtel,2024-12,3480.0,85460.34087233241
5196,217,I553,Terrain de camping,2024-01,522.0,3030.976004129138
5197,217,I553,Terrain de camping,2024-02,522.0,3306.9500162410195
5198,217,I553,Terrain de camping,2024-03,522.0,3724.2570676755186
5199,217,I553,Terrain de camping,2024-04,522.0,3804.7755384986726
5200,217,I553,Terrain de camping,2024-05,522.0,4482.986348045584
5201,217,I553,Terrain de camping,2024-06,522.0,4486.642106757532
5202,217,I553,Terrain de camping,2024-07,522.0,4664.286144201264
5203,217,I553,Terrain de camping,2024-08,522.0,4738.440061769725
5204,217,I553,Terrain de camping,2024-09,522.0,4212.960506822868
5205,217,I553,Terrain de camping,2024-10,522.0,4255.2555957765835
5206,217,I553,Terrain de camping,2024-11,522.0,3627.8171538411734
5207,217,I553,Terrain de camping,2024-12,522.0,3964.6660255304823
5208,218,I551,Hôtel,2024-01,1163.0,21471.719686519376
5209,218,I551,Hôtel,2024-02,1163.0,23654.818757513945
5210,218,I551,Hôtel,2024-03,1163.0,26583.119041197835
5211,218,I551,Hôtel,2024-04,1163.0,27258.599551063828
5212,218,I551,Hôtel,2024-05,1163.0,32022.88805840431
5213,218,I551,Hôtel,2024-06,1163.0,31348.472135405194
5214,218,I551,Hôtel,2024-07,1163.0,33033.56973980392
5215,218,I551,Hôtel,2024-08,1163.0,33666.30245712974
5216,218,I551,Hôtel,2024-09,1163.0,29580.37398777347
5217,218,I551,Hôtel,2024-10,1163.0,30329.007671501397
5218,218,I551,Hôtel,2024-11,1163.0,25638.971531120966
5219,218,I551,Hôtel,2024-12,1163.0,28131.513707545528
5220,218,I553,Terrain de camping,2024-01,539.0,2632.940120511055
5221,218,I553,Terrain de camping,2024-02,539.0,2929.8055851009703
5222,218,I553,Terrain de camping,2024-03,539.0,3285.311141461734
5223,218,I553,Terrain de camping,2024-04,539.0,3381.5786254522086
5224,218,I553,Terrain de camping,2024-05,539.0,3960.649531689328
5225,218,I553,Terrain de camping,2024-06,539.0,3788.3942621124643
5226,218,I553,Terrain de camping,2024-07,539.0,4049.587004208447
5227,218,I553,Terrain de camping,2024-08,539.0,4140.911748337276
5228,218,I553,Terrain de camping,2024-09,539.0,3593.411210034533
5229,218,I553,Terrain de camping,2024-10,539.0,3742.6308428590446
5230,218,I553,Terrain de camping,2024-11,539.0,3136.165094720116
5231,218,I553,Terrain de camping,2024-12,539.0,3455.399822422788
5232,219,I551,Hôtel,2024-01,573.0,10336.689378246632
5233,219,I551,Hôtel,2024-02,573.0,11415.221564195896
5234,219,I551,Hôtel,2024-03,573.0,13919.336276081152
5235,219,I551,Hôtel,2024-04,573.0,14434.626035395222
5236,219,I551,Hôtel,2024-05,573.0,16823.62051876614
5237,219,I551,Hôtel,2024-06,573.0,15955.561196571345
5238,219,I551,Hôtel,2024-07,573.0,16914.123500547397
5239,219,I551,Hôtel,2024-08,573.0,18104.417540522147
5240,219,I551,Hôtel,2024-09,573.0,15649.958554528555
5241,219,I551,Hôtel,2024-10,573.0,16209.217520040338
5242,219,I551,Hôtel,2024-11,573.0,14037.952723549079
5243,219,I551,Hôtel,2024-12,573.0,18571.45921510507
5244,219,I553,Terrain de camping,2024-01,1893.0,9866.49717694919
5245,219,I553,Terrain de camping,2024-02,1893.0,10915.348752874308
5246,219,I553,Terrain de camping,2024-03,1893.0,12715.022065152483
5247,219,I553,Terrain de camping,2024-04,1893.0,13120.751939208776
5248,219,I553,Terrain de camping,2024-05,1893.0,15343.93045446563
5249,219,I553,Terrain de camping,2024-06,1893.0,14701.632451819367
5250,219,I553,Terrain de camping,2024-07,1893.0,15601.533252268338
5251,219,I553,Terrain de camping,2024-08,1893.0,16279.238735451007
5252,219,I553,Terrain de camping,2024-09,1893.0,14143.1830720457
5253,219,I553,Terrain de camping,2024-10,1893.0,14637.68938382766
5254,219,I553,Terrain de camping,2024-11,1893.0,12482.098156622615
5255,219,I553,Terrain de camping,2024-12,1893.0,15039.261090998902
5256,220,I551,Hôtel,2024-01,402.0,6683.292718273532
5257,220,I551,Hôtel,2024-02,402.0,8126.460964110151
5258,220,I551,Hôtel,2024-03,402.0,6902.29616971639
5259,220,I551,Hôtel,2024-04,402.0,6609.118917409871
5260,220,I551,Hôtel,2024-05,402.0,9386.251196935844
5261,220,I551,Hôtel,2024-06,402.0,9691.374122358184
5262,220,I551,Hôtel,2024-07,402.0,10634.181989371831
5263,220,I551,Hôtel,2024-08,402.0,12862.241414437283
5264,220,I551,Hôtel,2024-09,402.0,8976.955779894854
5265,220,I551,Hôtel,2024-10,402.0,7877.800804436877
5266,220,I551,Hôtel,2024-11,402.0,6045.085725824226
5267,220,I551,Hôtel,2024-12,402.0,8199.771419250868
5268,220,I553,Terrain de camping,2024-01,1405.0,13644.073698247765
5269,220,I553,Terrain de camping,2024-02,1405.0,16817.236979646586
5270,220,I553,Terrain de camping,2024-03,1405.0,13860.589020992495
5271,220,I553,Terrain de camping,2024-04,1405.0,13186.63949321568
5272,220,I553,Terrain de camping,2024-05,1405.0,19116.857276932013
5273,220,I553,Terrain de camping,2024-06,1405.0,19644.818862870474
5274,220,I553,Terrain de camping,2024-07,1405.0,21781.472191080444
5275,220,I553,Terrain de camping,2024-08,1405.0,26788.67438622614
5276,220,I553,Terrain de camping,2024-09,1405.0,18201.35141945444
5277,220,I553,Terrain de camping,2024-10,1405.0,15807.453963696064
5278,220,I553,Terrain de camping,2024-11,1405.0,11916.274000467904
5279,220,I553,Terrain de camping,2024-12,1405.0,16636.10126864919
5280,221,I551,Hôtel,2024-01,92.0,880.1731601731601
5281,221,I551,Hôtel,2024-02,92.0,1018.5714285714287
5282,221,I551,Hôtel,2024-03,92.0,1243.5930735930735
5283,221,I551,Hôtel,2024-04,92.0,1408.874458874459
5284,221,I551,Hôtel,2024-05,92.0,1708.5714285714287
5285,221,I551,Hôtel,2024-06,92.0,1908.7012987012986
5286,221,I551,Hôtel,2024-07,92.0,1998.3116883116882
5287,221,I551,Hôtel,2024-08,92.0,1936.2861560389608
5288,221,I551,Hôtel,2024-09,92.0,2054.199089212121
5289,221,I551,Hôtel,2024-10,92.0,1501.6772073636364
5290,221,I551,Hôtel,2024-11,92.0,1187.5195057142857
5291,221,I551,Hôtel,2024-12,92.0,908.6902145800867
5292,221,I553,Terrain de camping,2024-01,615.0,1623.3095031647035
5293,221,I553,Terrain de camping,2024-02,615.0,1878.5583956306473
5294,221,I553,Terrain de camping,2024-03,615.0,2293.5673862587273
5295,221,I553,Terrain de camping,2024-04,615.0,2598.3969988439544
5296,221,I553,Terrain de camping,2024-05,615.0,3151.130212025602
5297,221,I553,Terrain de camping,2024-06,615.0,3520.23112846916
5298,221,I553,Terrain de camping,2024-07,615.0,3685.500195533439
5299,221,I553,Terrain de camping,2024-08,615.0,3571.1060734071084
5300,221,I553,Terrain de camping,2024-09,615.0,3788.573719123957
5301,221,I553,Terrain de camping,2024-10,615.0,2769.55375567195
5302,221,I553,Terrain de camping,2024-11,615.0,2190.1505136105316
5303,221,I553,Terrain de camping,2024-12,615.0,1675.9037056644956
5304,222,I551,Hôtel,2024-01,243.0,2324.805194805195
5305,222,I551,Hôtel,2024-02,243.0,2690.3571428571427
5306,222,I551,Hôtel,2024-03,243.0,3284.7077922077924
5307,222,I551,Hôtel,2024-04,243.0,3721.2662337662337
5308,222,I551,Hôtel,2024-05,243.0,4512.857142857143
5309,222,I551,Hôtel,2024-06,243.0,5041.461038961039
5310,222,I551,Hôtel,2024-07,243.0,5278.149350649351
5311,222,I551,Hôtel,2024-08,243.0,5114.3210425811685
5312,222,I551,Hôtel,2024-09,243.0,5425.764985636362
5313,222,I551,Hôtel,2024-10,243.0,3966.3865368409092
5314,222,I551,Hôtel,2024-11,243.0,3136.6004335714283
5315,222,I551,Hôtel,2024-12,243.0,2400.127414597403
5316,222,I553,Terrain de camping,2024-01,102.0,269.2318200370728
5317,222,I553,Terrain de camping,2024-02,102.0,311.565782689961
5318,222,I553,Terrain de camping,2024-03,102.0,380.39654211120353
5319,222,I553,Terrain de camping,2024-04,102.0,430.9536485887535
5320,222,I553,Terrain de camping,2024-05,102.0,522.6264741896119
5321,222,I553,Terrain de camping,2024-06,102.0,583.8432115509826
5322,222,I553,Terrain de camping,2024-07,102.0,611.2536909665216
5323,222,I553,Terrain de camping,2024-08,102.0,592.2810072967887
5324,222,I553,Terrain de camping,2024-09,102.0,628.348811952266
5325,222,I553,Terrain de camping,2024-10,102.0,459.34062289193315
5326,222,I553,Terrain de camping,2024-11,102.0,363.2444754280882
5327,222,I553,Terrain de camping,2024-12,102.0,277.9547609394773
5328,223,I551,Hôtel,2024-01,548.0,5242.770562770563
5329,223,I551,Hôtel,2024-02,548.0,6067.142857142857
5330,223,I551,Hôtel,2024-03,548.0,7407.4891774891785
5331,223,I551,Hôtel,2024-04,548.0,8391.991341991341
5332,223,I551,Hôtel,2024-05,548.0,10177.142857142857
5333,223,I551,Hôtel,2024-06,548.0,11369.22077922078
5334,223,I551,Hôtel,2024-07,548.0,11902.987012987012
5335,223,I551,Hôtel,2024-08,548.0,11533.530581623376
5336,223,I551,Hôtel,2024-09,548.0,12235.881531393938
5337,223,I551,Hôtel,2024-10,548.0,8944.772930818182
5338,223,I551,Hôtel,2024-11,548.0,7073.485751428571
5339,223,I551,Hôtel,2024-12,548.0,5412.633017281385
5340,223,I553,Terrain de camping,2024-01,1184.0,3125.2007345479824
5341,223,I553,Terrain de camping,2024-02,1184.0,3616.6067324011156
5342,223,I553,Terrain de camping,2024-03,1184.0,4415.583390781029
5343,223,I553,Terrain de camping,2024-04,1184.0,5002.442352245922
5344,223,I553,Terrain de camping,2024-05,1184.0,6066.566131769613
5345,223,I553,Terrain de camping,2024-06,1184.0,6777.1604164349355
5346,223,I553,Terrain de camping,2024-07,1184.0,7095.336961807467
5347,223,I553,Terrain de camping,2024-08,1184.0,6875.105025876449
5348,223,I553,Terrain de camping,2024-09,1184.0,7293.774444622382
5349,223,I553,Terrain de camping,2024-10,1184.0,5331.953897098519
5350,223,I553,Terrain de camping,2024-11,1184.0,4216.48489124369
5351,223,I553,Terrain de camping,2024-12,1184.0,3226.4552642386384
5352,224,I551,Hôtel,2024-01,58.0,679.1566858080394
5353,224,I551,Hôtel,2024-02,58.0,768.3215750615258
5354,224,I551,Hôtel,2024-03,58.0,1025.9196062346186
5355,224,I551,Hôtel,2024-04,58.0,1231.084495488105
5356,224,I551,Hôtel,2024-05,58.0,1599.0680885972108
5357,224,I551,Hôtel,2024-06,58.0,1668.7251845775227
5358,224,I551,Hôtel,2024-07,58.0,1810.4183757178016
5359,224,I551,Hôtel,2024-08,58.0,2480.582997020837
5360,224,I551,Hôtel,2024-09,58.0,1709.8798099819523
5361,224,I551,Hôtel,2024-10,58.0,1144.3264611156687
5362,224,I551,Hôtel,2024-11,58.0,927.5738970001642
5363,224,I551,Hôtel,2024-12,58.0,744.3547635704676
5364,224,I553,Terrain de camping,2024-01,282.0,2065.2272094090335
5365,224,I553,Terrain de camping,2024-02,282.0,2336.366048587437
5366,224,I553,Terrain de camping,2024-03,282.0,3119.688180557488
5367,224,I553,Terrain de camping,2024-04,282.0,3743.567942850591
5368,224,I553,Terrain de camping,2024-05,282.0,4862.558221508953
5369,224,I553,Terrain de camping,2024-06,282.0,5074.376396832957
5370,224,I553,Terrain de camping,2024-07,282.0,5505.246974780281
5371,224,I553,Terrain de camping,2024-08,282.0,7543.130484756536
5372,224,I553,Terrain de camping,2024-09,282.0,5199.522263691562
5373,224,I553,Terrain de camping,2024-10,282.0,3479.748036538952
5374,224,I553,Terrain de camping,2024-11,282.0,2820.6316610770455
5375,224,I553,Terrain de camping,2024-12,282.0,2263.486089885093
5376,225,I551,Hôtel,2024-01,2042.0,23910.999179655457
5377,225,I551,Hôtel,2024-02,2042.0,27050.21821164889
5378,225,I551,Hôtel,2024-03,2042.0,36119.445447087775
5379,225,I551,Hôtel,2024-04,2042.0,43342.66447908121
5380,225,I551,Hôtel,2024-05,2042.0,56298.22477440525
5381,225,I551,Hôtel,2024-06,2042.0,58750.63494667761
5382,225,I551,Hôtel,2024-07,2042.0,63739.21246923708
5383,225,I551,Hôtel,2024-08,2042.0,87333.62896407842
5384,225,I551,Hôtel,2024-09,2042.0,60199.56158591632
5385,225,I551,Hôtel,2024-10,2042.0,40288.183337899914
5386,225,I551,Hôtel,2024-11,2042.0,32656.9982357644
5387,225,I551,Hôtel,2024-12,2042.0,26206.42115880853
5388,225,I553,Terrain de camping,2024-01,11581.0,84813.4620998795
5389,225,I553,Terrain de camping,2024-02,11581.0,95948.422725855
5390,225,I553,Terrain de camping,2024-03,11581.0,128117.40715970309
5391,225,I553,Terrain de camping,2024-04,11581.0,153738.51186578968
5392,225,I553,Terrain de camping,2024-05,11581.0,199692.5062528198
5393,225,I553,Terrain de camping,2024-06,11581.0,208391.32287844847
5394,225,I553,Terrain de camping,2024-07,11581.0,226086.04686145543
5395,225,I553,Terrain de camping,2024-08,11581.0,309776.57497860084
5396,225,I553,Terrain de camping,2024-09,11581.0,213530.73523337583
5397,225,I553,Terrain de camping,2024-10,11581.0,142904.12060694187
5398,225,I553,Terrain de camping,2024-11,11581.0,115835.9406628839
5399,225,I553,Terrain de camping,2024-12,11581.0,92955.43406723143
5400,226,I551,Hôtel,2024-01,150.0,1756.4397046759639
5401,226,I551,Hôtel,2024-02,150.0,1987.0385561936014
5402,226,I551,Hôtel,2024-03,150.0,2653.2403609515995
5403,226,I551,Hôtel,2024-04,150.0,3183.839212469237
5404,226,I551,Hôtel,2024-05,150.0,4135.52091878589
5405,226,I551,Hôtel,2024-06,150.0,4315.668580803937
5406,226,I551,Hôtel,2024-07,150.0,4682.116488925349
5407,226,I551,Hôtel,2024-08,150.0,6415.300854364233
5408,226,I551,Hôtel,2024-09,150.0,4422.102956849876
5409,226,I551,Hôtel,2024-10,150.0,2959.46498564397
5410,226,I551,Hôtel,2024-11,150.0,2398.8980094831827
5411,226,I551,Hôtel,2024-12,150.0,1925.0554230270714
5412,226,I553,Terrain de camping,2024-01,1035.0,7579.823268575708
5413,226,I553,Terrain de camping,2024-02,1035.0,8574.960497475167
5414,226,I553,Terrain de camping,2024-03,1035.0,11449.919386088653
5415,226,I553,Terrain de camping,2024-04,1035.0,13739.690854079296
5416,226,I553,Terrain de camping,2024-05,1035.0,17846.623259793498
5417,226,I553,Terrain de camping,2024-06,1035.0,18624.041030929468
5418,226,I553,Terrain de camping,2024-07,1035.0,20205.4277265872
5419,226,I553,Terrain de camping,2024-08,1035.0,27684.89380043622
5420,226,I553,Terrain de camping,2024-09,1035.0,19083.352989080733
5421,226,I553,Terrain de camping,2024-10,1035.0,12771.415666020623
5422,226,I553,Terrain de camping,2024-11,1035.0,10352.318330548731
5423,226,I553,Terrain de camping,2024-12,1035.0,8307.475542663373
5424,227,I551,Hôtel,2024-01,2269.0,26569.077932731747
5425,227,I551,Hôtel,2024-02,2269.0,30057.26989335521
5426,227,I551,Hôtel,2024-03,2269.0,40134.6825266612
5427,227,I551,Hôtel,2024-04,2269.0,48160.87448728466
5428,227,I551,Hôtel,2024-05,2269.0,62556.646431501234
5429,227,I551,Hôtel,2024-06,2269.0,65281.68006562757
5430,227,I551,Hôtel,2024-07,2269.0,70824.81542247743
5431,227,I551,Hôtel,2024-08,2269.0,97042.11759034963
5432,227,I551,Hôtel,2024-09,2269.0,66891.67739394914
5433,227,I551,Hôtel,2024-10,2269.0,44766.840349507795
5434,227,I551,Hôtel,2024-11,2269.0,36287.33055678228
5435,227,I551,Hôtel,2024-12,2269.0,29119.6716989895
5436,227,I553,Terrain de camping,2024-01,12274.0,89888.64811449106
5437,227,I553,Terrain de camping,2024-02,12274.0,101689.9180154688
5438,227,I553,Terrain de camping,2024-03,12274.0,135783.87492256245
5439,227,I553,Terrain de camping,2024-04,12274.0,162938.13095939063
5440,227,I553,Terrain de camping,2024-05,12274.0,211641.9844354641
5441,227,I553,Terrain de camping,2024-06,12274.0,220861.33296002733
5442,227,I553,Terrain de camping,2024-07,12274.0,239614.8984696921
5443,227,I553,Terrain de camping,2024-08,12274.0,328313.4169145451
5444,227,I553,Terrain de camping,2024-09,12274.0,226308.28462606468
5445,227,I553,Terrain de camping,2024-10,12274.0,151455.41631375568
5446,227,I553,Terrain de camping,2024-11,12274.0,122767.49293638175
5447,227,I553,Terrain de camping,2024-12,12274.0,98517.83073492777
5448,228,I551,Hôtel,2024-01,245.0,2868.8515176374076
5449,228,I551,Hôtel,2024-02,245.0,3245.496308449549
5450,228,I551,Hôtel,2024-03,245.0,4333.625922887613
5451,228,I551,Hôtel,2024-04,245.0,5200.270713699754
5452,228,I551,Hôtel,2024-05,245.0,6754.684167350288
5453,228,I551,Hôtel,2024-06,245.0,7048.925348646431
5454,228,I551,Hôtel,2024-07,245.0,7647.4569319114025
5455,228,I551,Hôtel,2024-08,245.0,10478.324728794913
5456,228,I551,Hôtel,2024-09,245.0,7222.768162854798
5457,228,I551,Hôtel,2024-10,245.0,4833.792809885151
5458,228,I551,Hôtel,2024-11,245.0,3918.200082155866
5459,228,I551,Hôtel,2024-12,245.0,3144.2571909442163
5460,228,I553,Terrain de camping,2024-01,324.0,2372.814240597613
5461,228,I553,Terrain de camping,2024-02,324.0,2684.3354600791827
5462,228,I553,Terrain de camping,2024-03,324.0,3584.3225904277524
5463,228,I553,Terrain de camping,2024-04,324.0,4301.120615190041
5464,228,I553,Terrain de camping,2024-05,324.0,5586.7690204570945
5465,228,I553,Terrain de camping,2024-06,324.0,5830.134583595312
5466,228,I553,Terrain de camping,2024-07,324.0,6325.1773752794725
5467,228,I553,Terrain de camping,2024-08,324.0,8666.57545057134
5468,228,I553,Terrain de camping,2024-09,324.0,5973.919196581795
5469,228,I553,Terrain de camping,2024-10,324.0,3998.0083824064554
5470,228,I553,Terrain de camping,2024-11,324.0,3240.725738258733
5471,228,I553,Terrain de camping,2024-12,324.0,2600.601039442447
5472,229,I551,Hôtel,2024-01,1323.0,15491.798195242001
5473,229,I551,Hôtel,2024-02,1323.0,17525.680065627563
5474,229,I551,Hôtel,2024-03,1323.0,23401.57998359311
5475,229,I551,Hôtel,2024-04,1323.0,28081.46185397867
5476,229,I551,Hôtel,2024-05,1323.0,36475.29450369155
5477,229,I551,Hôtel,2024-06,1323.0,38064.196882690725
5478,229,I551,Hôtel,2024-07,1323.0,41296.267432321576
5479,229,I551,Hôtel,2024-08,1323.0,56582.95353549253
5480,229,I551,Hôtel,2024-09,1323.0,39002.94807941591
5481,229,I551,Hôtel,2024-10,1323.0,26102.48117337982
5482,229,I551,Hôtel,2024-11,1323.0,21158.280443641674
5483,229,I551,Hôtel,2024-12,1323.0,16978.98883109877
5484,229,I553,Terrain de camping,2024-01,2768.0,20271.450055475903
5485,229,I553,Terrain de camping,2024-02,2768.0,22932.841214503635
5486,229,I553,Terrain de camping,2024-03,2768.0,30621.62015525932
5487,229,I553,Terrain de camping,2024-04,2768.0,36745.37611989516
5488,229,I553,Terrain de camping,2024-05,2768.0,47728.94027353468
5489,229,I553,Terrain de camping,2024-06,2768.0,49808.0633561476
5490,229,I553,Terrain de camping,2024-07,2768.0,54037.31782337524
5491,229,I553,Terrain de camping,2024-08,2768.0,74040.37298512798
5492,229,I553,Terrain de camping,2024-09,2768.0,51036.44548190867
5493,229,I553,Terrain de camping,2024-10,2768.0,34155.82469907738
5494,229,I553,Terrain de camping,2024-11,2768.0,27686.200134259794
5495,229,I553,Terrain de camping,2024-12,2768.0,22217.48048511325
5496,230,I551,Hôtel,2024-01,0.0,0.0
5497,230,I551,Hôtel,2024-02,0.0,0.0
5498,230,I551,Hôtel,2024-03,0.0,0.0
5499,230,I551,Hôtel,2024-04,0.0,0.0
5500,230,I551,Hôtel,2024-05,0.0,0.0
5501,230,I551,Hôtel,2024-06,0.0,0.0
5502,230,I551,Hôtel,2024-07,0.0,0.0
5503,230,I551,Hôtel,2024-08,0.0,0.0
5504,230,I551,Hôtel,2024-09,0.0,0.0
5505,230,I551,Hôtel,2024-10,0.0,0.0
5506,230,I551,Hôtel,2024-11,0.0,0.0
5507,230,I551,Hôtel,2024-12,0.0,0.0
5508,230,I553,Terrain de camping,2024-01,0.0,0.0
5509,230,I553,Terrain de camping,2024-02,0.0,0.0
5510,230,I553,Terrain de camping,2024-03,0.0,0.0
5511,230,I553,Terrain de camping,2024-04,0.0,0.0
5512,230,I553,Terrain de camping,2024-05,0.0,0.0
5513,230,I553,Terrain de camping,2024-06,0.0,0.0
5514,230,I553,Terrain de camping,2024-07,0.0,0.0
5515,230,I553,Terrain de camping,2024-08,0.0,0.0
5516,230,I553,Terrain de camping,2024-09,0.0,0.0
5517,230,I553,Terrain de camping,2024-10,0.0,0.0
5518,230,I553,Terrain de camping,2024-11,0.0,0.0
5519,230,I553,Terrain de camping,2024-12,0.0,0.0
5520,231,I551,Hôtel,2024-01,8.0,93.67678424938474
5521,231,I551,Hôtel,2024-02,8.0,105.97538966365873
5522,231,I551,Hôtel,2024-03,8.0,141.50615258408533
5523,231,I551,Hôtel,2024-04,8.0,169.80475799835932
5524,231,I551,Hôtel,2024-05,8.0,220.5611156685808
5525,231,I551,Hôtel,2024-06,8.0,230.16899097621
5526,231,I551,Hôtel,2024-07,8.0,249.71287940935193
5527,231,I551,Hôtel,2024-08,8.0,342.14937889942576
5528,231,I551,Hôtel,2024-09,8.0,235.84549103199342
5529,231,I551,Hôtel,2024-10,8.0,157.83813256767843
5530,231,I551,Hôtel,2024-11,8.0,127.94122717243643
5531,231,I551,Hôtel,2024-12,8.0,102.6696225614438
5532,231,I553,Terrain de camping,2024-01,81.0,593.2035601494033
5533,231,I553,Terrain de camping,2024-02,81.0,671.0838650197957
5534,231,I553,Terrain de camping,2024-03,81.0,896.0806476069381
5535,231,I553,Terrain de camping,2024-04,81.0,1075.2801537975101
5536,231,I553,Terrain de camping,2024-05,81.0,1396.6922551142738
5537,231,I553,Terrain de camping,2024-06,81.0,1457.533645898828
5538,231,I553,Terrain de camping,2024-07,81.0,1581.294343819868
5539,231,I553,Terrain de camping,2024-08,81.0,2166.6438626428344
5540,231,I553,Terrain de camping,2024-09,81.0,1493.4797991454486
5541,231,I553,Terrain de camping,2024-10,81.0,999.502095601614
5542,231,I553,Terrain de camping,2024-11,81.0,810.1814345646833
5543,231,I553,Terrain de camping,2024-12,81.0,650.1502598606119
5544,232,I551,Hôtel,2024-01,0.0,0.0
5545,232,I551,Hôtel,2024-02,0.0,0.0
5546,232,I551,Hôtel,2024-03,0.0,0.0
5547,232,I551,Hôtel,2024-04,0.0,0.0
5548,232,I551,Hôtel,2024-05,0.0,0.0
5549,232,I551,Hôtel,2024-06,0.0,0.0
5550,232,I551,Hôtel,2024-07,0.0,0.0
5551,232,I551,Hôtel,2024-08,0.0,0.0
5552,232,I551,Hôtel,2024-09,0.0,0.0
5553,232,I551,Hôtel,2024-10,0.0,0.0
5554,232,I551,Hôtel,2024-11,0.0,0.0
5555,232,I551,Hôtel,2024-12,0.0,0.0
5556,232,I553,Terrain de camping,2024-01,11.0,80.55850816843748
5557,232,I553,Terrain de camping,2024-02,11.0,91.13484586688584
5558,232,I553,Terrain de camping,2024-03,11.0,121.6899644898311
5559,232,I553,Terrain de camping,2024-04,11.0,146.02569989842732
5560,232,I553,Terrain de camping,2024-05,11.0,189.6742568673705
5561,232,I553,Terrain de camping,2024-06,11.0,197.9366679615692
5562,232,I553,Terrain de camping,2024-07,11.0,214.74367632121664
5563,232,I553,Terrain de camping,2024-08,11.0,294.2355862848294
5564,232,I553,Terrain de camping,2024-09,11.0,202.8182443283943
5565,232,I553,Terrain de camping,2024-10,11.0,135.73485248910805
5566,232,I553,Terrain de camping,2024-11,11.0,110.02463926187056
5567,232,I553,Terrain de camping,2024-12,11.0,88.29201059835468
5568,233,I551,Hôtel,2024-01,364.0,6818.119242134539
5569,233,I551,Hôtel,2024-02,364.0,7586.86598296541
5570,233,I551,Hôtel,2024-03,364.0,8507.463931861637
5571,233,I551,Hôtel,2024-04,364.0,8756.752998435599
5572,233,I551,Hôtel,2024-05,364.0,10256.283678081001
5573,233,I551,Hôtel,2024-06,364.0,9810.220754389014
5574,233,I551,Hôtel,2024-07,364.0,10486.591343646793
5575,233,I551,Hôtel,2024-08,364.0,10723.080958574656
5576,233,I551,Hôtel,2024-09,364.0,9305.303195153137
5577,233,I551,Hôtel,2024-10,364.0,9691.714280593082
5578,233,I551,Hôtel,2024-11,364.0,8121.2434009595
5579,233,I551,Hôtel,2024-12,364.0,8947.916374929255
5580,233,I553,Terrain de camping,2024-01,423.0,2066.296235577321
5581,233,I553,Terrain de camping,2024-02,423.0,2299.2722866376816
5582,233,I553,Terrain de camping,2024-03,423.0,2578.268298401324
5583,233,I553,Terrain de camping,2024-04,423.0,2653.8177338892106
5584,233,I553,Terrain de camping,2024-05,423.0,3108.264845834111
5585,233,I553,Terrain de camping,2024-06,423.0,2973.0812112682233
5586,233,I553,Terrain de camping,2024-07,423.0,3178.0617862340873
5587,233,I553,Terrain de camping,2024-08,423.0,3249.732225504021
5588,233,I553,Terrain de camping,2024-09,423.0,2820.061116594819
5589,233,I553,Terrain de camping,2024-10,423.0,2937.1666911491207
5590,233,I553,Terrain de camping,2024-11,423.0,2461.2204732219093
5591,233,I553,Terrain de camping,2024-12,423.0,2711.751623162967
5592,234,I551,Hôtel,2024-01,548.0,9939.609374009418
5593,234,I551,Hôtel,2024-02,548.0,10988.9917545411
5594,234,I551,Hôtel,2024-03,548.0,13240.320549619439
5595,234,I551,Hôtel,2024-04,548.0,13716.41151365458
5596,234,I551,Hôtel,2024-05,548.0,15997.300632100192
5597,234,I551,Hôtel,2024-06,548.0,15189.683676189148
5598,234,I551,Hôtel,2024-07,548.0,16120.868286597974
5599,234,I551,Hôtel,2024-08,548.0,17147.93233354166
5600,234,I551,Hôtel,2024-09,548.0,14830.85157405809
5601,234,I551,Hôtel,2024-10,548.0,15372.379602120109
5602,234,I551,Hôtel,2024-11,548.0,13254.903008933306
5603,234,I551,Hôtel,2024-12,548.0,17150.85054744881
5604,234,I553,Terrain de camping,2024-01,2587.0,13044.642964500645
5605,234,I553,Terrain de camping,2024-02,2587.0,14480.156332927378
5606,234,I553,Terrain de camping,2024-03,2587.0,16691.262964394537
5607,234,I553,Terrain de camping,2024-04,2587.0,17223.946745935456
5608,234,I553,Terrain de camping,2024-05,2587.0,20139.811294215535
5609,234,I553,Terrain de camping,2024-06,2587.0,19208.55899514413
5610,234,I553,Terrain de camping,2024-07,2587.0,20475.482824514034
5611,234,I553,Terrain de camping,2024-08,2587.0,21265.461851363776
5612,234,I553,Terrain de camping,2024-09,2587.0,18429.15031945904
5613,234,I553,Terrain de camping,2024-10,2587.0,19157.664908446543
5614,234,I553,Terrain de camping,2024-11,2587.0,16238.070121146504
5615,234,I553,Terrain de camping,2024-12,2587.0,19150.764157511796
5616,235,I551,Hôtel,2024-01,370.0,6930.505823048844
5617,235,I551,Hôtel,2024-02,370.0,7711.924213453851
5618,235,I551,Hôtel,2024-03,370.0,8647.6968538154
5619,235,I551,Hôtel,2024-04,370.0,8901.095080827394
5620,235,I551,Hôtel,2024-05,370.0,10425.34329914827
5621,235,I551,Hôtel,2024-06,370.0,9971.927689900922
5622,235,I551,Hôtel,2024-07,370.0,10659.447244915697
5623,235,I551,Hôtel,2024-08,370.0,10899.835040309403
5624,235,I551,Hôtel,2024-09,370.0,9458.687313754563
5625,235,I551,Hôtel,2024-10,370.0,9851.467812690771
5626,235,I551,Hôtel,2024-11,370.0,8255.110050425865
5627,235,I551,Hôtel,2024-12,370.0,9095.409501988528
5628,235,I553,Terrain de camping,2024-01,0.0,0.0
5629,235,I553,Terrain de camping,2024-02,0.0,0.0
5630,235,I553,Terrain de camping,2024-03,0.0,0.0
5631,235,I553,Terrain de camping,2024-04,0.0,0.0
5632,235,I553,Terrain de camping,2024-05,0.0,0.0
5633,235,I553,Terrain de camping,2024-06,0.0,0.0
5634,235,I553,Terrain de camping,2024-07,0.0,0.0
5635,235,I553,Terrain de camping,2024-08,0.0,0.0
5636,235,I553,Terrain de camping,2024-09,0.0,0.0
5637,235,I553,Terrain de camping,2024-10,0.0,0.0
5638,235,I553,Terrain de camping,2024-11,0.0,0.0
5639,235,I553,Terrain de camping,2024-12,0.0,0.0
5640,236,I551,Hôtel,2024-01,1079.0,12891.250888415067
5641,236,I551,Hôtel,2024-02,1079.0,13497.085998578537
5642,236,I551,Hôtel,2024-03,1079.0,18152.046908315566
5643,236,I551,Hôtel,2024-04,1079.0,22017.121535181235
5644,236,I551,Hôtel,2024-05,1079.0,26495.700071073206
5645,236,I551,Hôtel,2024-06,1079.0,26833.12722103767
5646,236,I551,Hôtel,2024-07,1079.0,27983.447050461975
5647,236,I551,Hôtel,2024-08,1079.0,32368.708186230273
5648,236,I551,Hôtel,2024-09,1079.0,27524.094954201846
5649,236,I551,Hôtel,2024-10,1079.0,23371.107045637527
5650,236,I551,Hôtel,2024-11,1079.0,17459.052215751955
5651,236,I551,Hôtel,2024-12,1079.0,15414.500171479032
5652,236,I553,Terrain de camping,2024-01,1132.0,5746.223395307368
5653,236,I553,Terrain de camping,2024-02,1132.0,6016.271966532403
5654,236,I553,Terrain de camping,2024-03,1132.0,8091.20212771716
5655,236,I553,Terrain de camping,2024-04,1132.0,9814.043645405984
5656,236,I553,Terrain de camping,2024-05,1132.0,11810.35207066446
5657,236,I553,Terrain de camping,2024-06,1132.0,11960.75886982777
5658,236,I553,Terrain de camping,2024-07,1132.0,12473.509321520874
5659,236,I553,Terrain de camping,2024-08,1132.0,14428.22188983565
5660,236,I553,Terrain de camping,2024-09,1132.0,12268.75496641128
5661,236,I553,Terrain de camping,2024-10,1132.0,10417.577257809959
5662,236,I553,Terrain de camping,2024-11,1132.0,7782.302522108563
5663,236,I553,Terrain de camping,2024-12,1132.0,6870.951646121617
5664,237,I551,Hôtel,2024-01,142.0,1744.049614638392
5665,237,I551,Hôtel,2024-02,142.0,1935.5117668535527
5666,237,I551,Hôtel,2024-03,142.0,2500.269672204671
5667,237,I551,Hôtel,2024-04,142.0,2918.93209148611
5668,237,I551,Hôtel,2024-05,142.0,3667.726979591758
5669,237,I551,Hôtel,2024-06,142.0,3642.586406337393
5670,237,I551,Hôtel,2024-07,142.0,3943.9405360581995
5671,237,I551,Hôtel,2024-08,142.0,4220.372577574047
5672,237,I551,Hôtel,2024-09,142.0,3700.619561701932
5673,237,I551,Hôtel,2024-10,142.0,3158.322314673862
5674,237,I551,Hôtel,2024-11,142.0,2381.143393679897
5675,237,I551,Hôtel,2024-12,142.0,2077.424208864448
5676,237,I553,Terrain de camping,2024-01,690.0,3219.9648934894703
5677,237,I553,Terrain de camping,2024-02,690.0,3619.497207531878
5678,237,I553,Terrain de camping,2024-03,690.0,4634.849824756933
5679,237,I553,Terrain de camping,2024-04,690.0,5363.975560879183
5680,237,I553,Terrain de camping,2024-05,690.0,6806.528697700648
5681,237,I553,Terrain de camping,2024-06,690.0,6730.345481799758
5682,237,I553,Terrain de camping,2024-07,690.0,7348.00080888869
5683,237,I553,Terrain de camping,2024-08,690.0,7725.132747867505
5684,237,I553,Terrain de camping,2024-09,690.0,6822.5841466095735
5685,237,I553,Terrain de camping,2024-10,690.0,5829.587769653454
5686,237,I553,Terrain de camping,2024-11,690.0,4404.243451685268
5687,237,I553,Terrain de camping,2024-12,690.0,3832.0987168276797
5688,238,I551,Hôtel,2024-01,889.0,11116.788503312408
5689,238,I551,Hôtel,2024-02,889.0,12781.150277723145
5690,238,I551,Hôtel,2024-03,889.0,16117.4117475697
5691,238,I551,Hôtel,2024-04,889.0,18363.377403658225
5692,238,I551,Hôtel,2024-05,889.0,23715.6316175093
5693,238,I551,Hôtel,2024-06,889.0,23268.364542727177
5694,238,I551,Hôtel,2024-07,889.0,25780.079845575565
5695,238,I551,Hôtel,2024-08,889.0,26257.45118525393
5696,238,I551,Hôtel,2024-09,889.0,23494.5552259126
5697,238,I551,Hôtel,2024-10,889.0,20117.182214992696
5698,238,I551,Hôtel,2024-11,889.0,15255.218901115331
5699,238,I551,Hôtel,2024-12,889.0,13209.347073902862
5700,238,I553,Terrain de camping,2024-01,1668.0,8093.45412168492
5701,238,I553,Terrain de camping,2024-02,1668.0,8801.951323109655
5702,238,I553,Terrain de camping,2024-03,1668.0,11529.63983658594
5703,238,I553,Terrain de camping,2024-04,1668.0,13643.84949930125
5704,238,I553,Terrain de camping,2024-05,1668.0,16883.818611535695
5705,238,I553,Terrain de camping,2024-06,1668.0,16883.52315063112
5706,238,I553,Terrain de camping,2024-07,1668.0,18042.429883914694
5707,238,I553,Terrain de camping,2024-08,1668.0,19846.10396504253
5708,238,I553,Terrain de camping,2024-09,1668.0,17211.10395986181
5709,238,I553,Terrain de camping,2024-10,1668.0,14662.362801544934
5710,238,I553,Terrain de camping,2024-11,1668.0,11018.528985384612
5711,238,I553,Terrain de camping,2024-12,1668.0,9653.657305277475
5712,239,I551,Hôtel,2024-01,521.0,8154.585418933623
5713,239,I551,Hôtel,2024-02,521.0,9364.393906420022
5714,239,I551,Hôtel,2024-03,521.0,11225.027203482046
5715,239,I551,Hôtel,2024-04,521.0,11252.239390642002
5716,239,I551,Hôtel,2024-05,521.0,14708.187159956475
5717,239,I551,Hôtel,2024-06,521.0,15633.401523394994
5718,239,I551,Hôtel,2024-07,521.0,18858.04570184984
5719,239,I551,Hôtel,2024-08,521.0,19011.33773879347
5720,239,I551,Hôtel,2024-09,521.0,15011.282477587594
5721,239,I551,Hôtel,2024-10,521.0,12053.523390425244
5722,239,I551,Hôtel,2024-11,521.0,9379.363506889009
5723,239,I551,Hôtel,2024-12,521.0,9161.493049854842
5724,239,I553,Terrain de camping,2024-01,1131.0,8084.103898626239
5725,239,I553,Terrain de camping,2024-02,1131.0,9204.21694254095
5726,239,I553,Terrain de camping,2024-03,1131.0,11152.679452045062
5727,239,I553,Terrain de camping,2024-04,1131.0,11411.427273917274
5728,239,I553,Terrain de camping,2024-05,1131.0,14777.786777599593
5729,239,I553,Terrain de camping,2024-06,1131.0,15626.771431901836
5730,239,I553,Terrain de camping,2024-07,1131.0,18584.173406141737
5731,239,I553,Terrain de camping,2024-08,1131.0,18987.369141174022
5732,239,I553,Terrain de camping,2024-09,1131.0,15111.568733127735
5733,239,I553,Terrain de camping,2024-10,1131.0,12211.077620093673
5734,239,I553,Terrain de camping,2024-11,1131.0,9457.877154669584
5735,239,I553,Terrain de camping,2024-12,1131.0,9138.793330511206
5736,240,I551,Hôtel,2024-01,288.0,4463.264408564979
5737,240,I551,Hôtel,2024-02,288.0,5110.8987752052735
5738,240,I551,Hôtel,2024-03,288.0,6148.33987995666
5739,240,I551,Hôtel,2024-04,288.0,6205.740623789184
5740,240,I551,Hôtel,2024-05,288.0,8086.338715253207
5741,240,I551,Hôtel,2024-06,288.0,8580.224133490792
5742,240,I551,Hôtel,2024-07,288.0,10301.274111333585
5743,240,I551,Hôtel,2024-08,288.0,10431.250922859837
5744,240,I551,Hôtel,2024-09,288.0,8258.340805019872
5745,240,I551,Hôtel,2024-10,288.0,6645.279433419237
5746,240,I551,Hôtel,2024-11,288.0,5162.891573840241
5747,240,I551,Hôtel,2024-12,288.0,5024.736295765181
5748,240,I553,Terrain de camping,2024-01,865.0,6004.816487663895
5749,240,I553,Terrain de camping,2024-02,865.0,6796.895486699648
5750,240,I553,Terrain de camping,2024-03,865.0,8296.566969659985
5751,240,I553,Terrain de camping,2024-04,865.0,8605.56632976725
5752,240,I553,Terrain de camping,2024-05,865.0,11075.979454136916
5753,240,I553,Terrain de camping,2024-06,865.0,11672.212713655645
5754,240,I553,Terrain de camping,2024-07,865.0,13748.316989077857
5755,240,I553,Terrain de camping,2024-08,865.0,14174.417213319815
5756,240,I553,Terrain de camping,2024-09,865.0,11340.69545370518
5757,240,I553,Terrain de camping,2024-10,865.0,9202.208028431998
5758,240,I553,Terrain de camping,2024-11,865.0,7105.668302327829
5759,240,I553,Terrain de camping,2024-12,865.0,6816.698535234488
5760,241,I551,Hôtel,2024-01,1333.0,16927.54096584399
5761,241,I551,Hôtel,2024-02,1333.0,20031.236045608646
5762,241,I551,Hôtel,2024-03,1333.0,24773.33165731139
5763,241,I551,Hôtel,2024-04,1333.0,27651.234386045184
5764,241,I551,Hôtel,2024-05,1333.0,36544.11435407184
5765,241,I551,Hôtel,2024-06,1333.0,35494.96395455594
5766,241,I551,Hôtel,2024-07,1333.0,40077.30718135627
5767,241,I551,Hôtel,2024-08,1333.0,39156.66682439141
5768,241,I551,Hôtel,2024-09,1333.0,35655.065941021065
5769,241,I551,Hôtel,2024-10,1333.0,30614.035054671505
5770,241,I551,Hôtel,2024-11,1333.0,23328.54432990043
5771,241,I551,Hôtel,2024-12,1333.0,20072.3127460197
5772,241,I553,Terrain de camping,2024-01,886.0,3891.2477684869104
5773,241,I553,Terrain de camping,2024-02,886.0,4606.59413735187
5774,241,I553,Terrain de camping,2024-03,886.0,5695.575964995882
5775,241,I553,Terrain de camping,2024-04,886.0,6355.3499713209185
5776,241,I553,Terrain de camping,2024-05,886.0,8402.068259759339
5777,241,I553,Terrain de camping,2024-06,886.0,8159.678167829892
5778,241,I553,Terrain de camping,2024-07,886.0,9215.553056088418
5779,241,I553,Terrain de camping,2024-08,886.0,8998.481906698305
5780,241,I553,Terrain de camping,2024-09,886.0,8195.87358217425
5781,241,I553,Terrain de camping,2024-10,886.0,7037.39351590798
5782,241,I553,Terrain de camping,2024-11,886.0,5363.017583940903
5783,241,I553,Terrain de camping,2024-12,886.0,4614.020434263844
5784,242,I551,Hôtel,2024-01,521.0,10720.516949369881
5785,242,I551,Hôtel,2024-02,521.0,11174.925531488592
5786,242,I551,Hôtel,2024-03,521.0,12863.67241847396
5787,242,I551,Hôtel,2024-04,521.0,12642.731804883288
5788,242,I551,Hôtel,2024-05,521.0,13885.383296914315
5789,242,I551,Hôtel,2024-06,521.0,13141.31105181305
5790,242,I551,Hôtel,2024-07,521.0,13730.134964722372
5791,242,I551,Hôtel,2024-08,521.0,13853.987872164675
5792,242,I551,Hôtel,2024-09,521.0,13294.316701716327
5793,242,I551,Hôtel,2024-10,521.0,13638.700332389768
5794,242,I551,Hôtel,2024-11,521.0,13194.692993090377
5795,242,I551,Hôtel,2024-12,521.0,12509.865190534187
5796,242,I553,Terrain de camping,2024-01,165.0,538.0714271322604
5797,242,I553,Terrain de camping,2024-02,165.0,581.3872925918458
5798,242,I553,Terrain de camping,2024-03,165.0,673.7489749648983
5799,242,I553,Terrain de camping,2024-04,165.0,674.3767694818539
5800,242,I553,Terrain de camping,2024-05,165.0,767.2840039927709
5801,242,I553,Terrain de camping,2024-06,165.0,725.2795990361699
5802,242,I553,Terrain de camping,2024-07,165.0,773.8963435403155
5803,242,I553,Terrain de camping,2024-08,165.0,821.5502419307827
5804,242,I553,Terrain de camping,2024-09,165.0,735.1323219376042
5805,242,I553,Terrain de camping,2024-10,165.0,715.9947072903433
5806,242,I553,Terrain de camping,2024-11,165.0,676.9720476212357
5807,242,I553,Terrain de camping,2024-12,165.0,640.5968699545573
5808,243,I551,Hôtel,2024-01,1344.0,27723.020375549335
5809,243,I551,Hôtel,2024-02,1344.0,28847.405513383943
5810,243,I551,Hôtel,2024-03,1344.0,33195.67239312825
5811,243,I551,Hôtel,2024-04,1344.0,32595.3559728326
5812,243,I551,Hôtel,2024-05,1344.0,35733.32481022773
5813,243,I551,Hôtel,2024-06,1344.0,33820.68877347183
5814,243,I551,Hôtel,2024-07,1344.0,35296.24290850979
5815,243,I551,Hôtel,2024-08,1344.0,35514.074135227165
5816,243,I551,Hôtel,2024-09,1344.0,34210.984914778106
5817,243,I551,Hôtel,2024-10,1344.0,35191.60376966393
5818,243,I551,Hôtel,2024-11,1344.0,34084.792267761884
5819,243,I551,Hôtel,2024-12,1344.0,32318.795143900916
5820,243,I553,Terrain de camping,2024-01,729.0,2567.86945450602
5821,243,I553,Terrain de camping,2024-02,729.0,2672.0166293604766
5822,243,I553,Terrain de camping,2024-03,729.0,3074.7787219924694
5823,243,I553,Terrain de camping,2024-04,729.0,3019.173878875333
5824,243,I553,Terrain de camping,2024-05,729.0,3309.8310373516683
5825,243,I553,Terrain de camping,2024-06,729.0,3132.6714209087
5826,243,I553,Terrain de camping,2024-07,729.0,3269.345936906813
5827,243,I553,Terrain de camping,2024-08,729.0,3289.522748298492
5828,243,I553,Terrain de camping,2024-09,729.0,3168.8229486244845
5829,243,I553,Terrain de camping,2024-10,729.0,3259.6536434716754
5830,243,I553,Terrain de camping,2024-11,729.0,3157.1342422978823
5831,243,I553,Terrain de camping,2024-12,729.0,2993.557185769524
5832,244,I551,Hôtel,2024-01,525.0,10829.30483419896
5833,244,I551,Hôtel,2024-02,525.0,11268.517778665602
5834,244,I551,Hôtel,2024-03,525.0,12967.059528565722
5835,244,I551,Hôtel,2024-04,525.0,12732.560926887734
5836,244,I551,Hôtel,2024-05,525.0,13958.330003995206
5837,244,I551,Hôtel,2024-06,525.0,13211.206552137435
5838,244,I551,Hôtel,2024-07,525.0,13787.594886136636
5839,244,I551,Hôtel,2024-08,525.0,13872.685209073112
5840,244,I551,Hôtel,2024-09,525.0,13363.665982335197
5841,244,I551,Hôtel,2024-10,525.0,13746.720222524971
5842,244,I551,Hôtel,2024-11,525.0,13314.371979594487
5843,244,I551,Hôtel,2024-12,525.0,12624.529353086295
5844,244,I553,Terrain de camping,2024-01,1211.0,4265.692605496283
5845,244,I553,Terrain de camping,2024-02,1211.0,4438.699777991135
5846,244,I553,Terrain de camping,2024-03,1211.0,5107.75998948269
5847,244,I553,Terrain de camping,2024-04,1211.0,5015.3903529739755
5848,244,I553,Terrain de camping,2024-05,1211.0,5498.224123776228
5849,244,I553,Terrain de camping,2024-06,1211.0,5203.930165597305
5850,244,I553,Terrain de camping,2024-07,1211.0,5430.971096836969
5851,244,I553,Terrain de camping,2024-08,1211.0,5464.488406295574
5852,244,I553,Terrain de camping,2024-09,1211.0,5263.984349498287
5853,244,I553,Terrain de camping,2024-10,1211.0,5414.870455753359
5854,244,I553,Terrain de camping,2024-11,1211.0,5244.567307850118
5855,244,I553,Terrain de camping,2024-12,1211.0,4972.836422451157
5856,245,I551,Hôtel,2024-01,6907.0,142472.39712345184
5857,245,I551,Hôtel,2024-02,6907.0,148250.76628046346
5858,245,I551,Hôtel,2024-03,6907.0,170597.1050739113
5859,245,I551,Hôtel,2024-04,6907.0,167511.99680383538
5860,245,I551,Hôtel,2024-05,6907.0,183638.4482620855
5861,245,I551,Hôtel,2024-06,6907.0,173809.14982021574
5862,245,I551,Hôtel,2024-07,6907.0,181392.2245305633
5863,245,I551,Hôtel,2024-08,6907.0,182511.68902679617
5864,245,I551,Hôtel,2024-09,6907.0,175814.93512378895
5865,245,I551,Hôtel,2024-10,6907.0,180854.46967043803
5866,245,I551,Hôtel,2024-11,6907.0,175166.41383439832
5867,245,I551,Hôtel,2024-12,6907.0,166090.71284146103
5868,245,I553,Terrain de camping,2024-01,952.0,3341.9332395177585
5869,245,I553,Terrain de camping,2024-02,952.0,3483.1769387285412
5870,245,I553,Terrain de camping,2024-03,952.0,4009.4621231369006
5871,245,I553,Terrain de camping,2024-04,952.0,3940.353399288051
5872,245,I553,Terrain de camping,2024-05,952.0,4327.117414436908
5873,245,I553,Terrain de camping,2024-06,952.0,4095.259119418987
5874,245,I553,Terrain de camping,2024-07,952.0,4278.433355110313
5875,245,I553,Terrain de camping,2024-08,952.0,4316.213502150159
5876,245,I553,Terrain de camping,2024-09,952.0,4142.912479987629
5877,245,I553,Terrain de camping,2024-10,952.0,4250.99655486718
5878,245,I553,Terrain de camping,2024-11,952.0,4112.919830919882
5879,245,I553,Terrain de camping,2024-12,952.0,3899.4768336513666
5880,246,I551,Hôtel,2024-01,505.0,10386.726864572942
5881,246,I551,Hôtel,2024-02,505.0,10830.398769620888
5882,246,I551,Hôtel,2024-03,505.0,12467.830061498918
5883,246,I551,Hôtel,2024-04,505.0,12255.717690827176
5884,246,I551,Hôtel,2024-05,505.0,13464.75835496902
5885,246,I551,Hôtel,2024-06,505.0,12743.078277581446
5886,246,I551,Hôtel,2024-07,505.0,13316.739942560402
5887,246,I551,Hôtel,2024-08,505.0,13443.629748502954
5888,246,I551,Hôtel,2024-09,505.0,12891.681518473575
5889,246,I551,Hôtel,2024-10,505.0,13219.283672157475
5890,246,I551,Hôtel,2024-11,505.0,12786.316491944566
5891,246,I551,Hôtel,2024-12,505.0,12122.478018976857
5892,246,I553,Terrain de camping,2024-01,846.0,2891.96890920425
5893,246,I553,Terrain de camping,2024-02,846.0,3053.1238374907452
5894,246,I553,Terrain de camping,2024-03,846.0,3522.9788780700756
5895,246,I553,Terrain de camping,2024-04,846.0,3485.4156229859805
5896,246,I553,Terrain de camping,2024-05,846.0,3878.069695617327
5897,246,I553,Terrain de camping,2024-06,846.0,3668.586137204795
5898,246,I553,Terrain de camping,2024-07,846.0,3863.282157656886
5899,246,I553,Terrain de camping,2024-08,846.0,3974.6301418715775
5900,246,I553,Terrain de camping,2024-09,846.0,3713.948493301608
5901,246,I553,Terrain de camping,2024-10,846.0,3738.34470425403
5902,246,I553,Terrain de camping,2024-11,846.0,3587.088551661192
5903,246,I553,Terrain de camping,2024-12,846.0,3398.5817259701557
5904,247,I551,Hôtel,2024-01,1622.0,33457.395125848976
5905,247,I551,Hôtel,2024-02,1622.0,34814.35397522973
5906,247,I551,Hôtel,2024-03,1622.0,40062.039153016376
5907,247,I551,Hôtel,2024-04,1622.0,39337.5501398322
5908,247,I551,Hôtel,2024-05,1622.0,43124.59288853376
5909,247,I551,Hôtel,2024-06,1622.0,40816.33719536556
5910,247,I551,Hôtel,2024-07,1622.0,42597.10267678785
5911,247,I551,Hôtel,2024-08,1622.0,42859.99125546017
5912,247,I551,Hôtel,2024-09,1622.0,41287.36423494798
5913,247,I551,Hôtel,2024-10,1622.0,42470.81943035334
5914,247,I551,Hôtel,2024-11,1622.0,41135.06923981383
5915,247,I551,Hôtel,2024-12,1622.0,39003.784020392326
5916,247,I553,Terrain de camping,2024-01,5405.0,18487.813828846774
5917,247,I553,Terrain de camping,2024-02,5405.0,19512.221468598054
5918,247,I553,Terrain de camping,2024-03,5405.0,22513.75706594509
5919,247,I553,Terrain de camping,2024-04,5405.0,22270.294008057623
5920,247,I553,Terrain de camping,2024-05,5405.0,24771.783477435285
5921,247,I553,Terrain de camping,2024-06,5405.0,23433.917794671404
5922,247,I553,Terrain de camping,2024-07,5405.0,24673.15794062253
5923,247,I553,Terrain de camping,2024-08,5405.0,25373.21426352687
5924,247,I553,Terrain de camping,2024-09,5405.0,23723.293499917192
5925,247,I553,Terrain de camping,2024-10,5405.0,23889.599759856774
5926,247,I553,Terrain de camping,2024-11,5405.0,22927.401929805317
5927,247,I553,Terrain de camping,2024-12,5405.0,21722.88220201667
5928,248,I551,Hôtel,2024-01,580.0,9929.0660895992
5929,248,I551,Hôtel,2024-02,580.0,11849.974092873907
5930,248,I551,Hôtel,2024-03,580.0,13970.080154366415
5931,248,I551,Hôtel,2024-04,580.0,14622.45245885479
5932,248,I551,Hôtel,2024-05,580.0,18006.937078915533
5933,248,I551,Hôtel,2024-06,580.0,16977.04211956685
5934,248,I551,Hôtel,2024-07,580.0,18916.71301018517
5935,248,I551,Hôtel,2024-08,580.0,22062.24660266983
5936,248,I551,Hôtel,2024-09,580.0,17277.707193981998
5937,248,I551,Hôtel,2024-10,580.0,14932.656818479833
5938,248,I551,Hôtel,2024-11,580.0,13297.211722223272
5939,248,I551,Hôtel,2024-12,580.0,12516.430301175136
5940,248,I553,Terrain de camping,2024-01,2246.0,6255.631367602521
5941,248,I553,Terrain de camping,2024-02,2246.0,7334.408906118239
5942,248,I553,Terrain de camping,2024-03,2246.0,8621.416186294005
5943,248,I553,Terrain de camping,2024-04,2246.0,8957.328516106098
5944,248,I553,Terrain de camping,2024-05,2246.0,10893.92397380065
5945,248,I553,Terrain de camping,2024-06,2246.0,10274.918952579894
5946,248,I553,Terrain de camping,2024-07,2246.0,11374.783270781147
5947,248,I553,Terrain de camping,2024-08,2246.0,13090.964879564533
5948,248,I553,Terrain de camping,2024-09,2246.0,10450.417616043747
5949,248,I553,Terrain de camping,2024-10,2246.0,9206.420464144936
5950,248,I553,Terrain de camping,2024-11,2246.0,8283.32146691416
5951,248,I553,Terrain de camping,2024-12,2246.0,7804.243551122243
5952,249,I551,Hôtel,2024-01,1024.0,21122.301238513777
5953,249,I551,Hôtel,2024-02,1024.0,21978.97562924491
5954,249,I551,Hôtel,2024-03,1024.0,25291.940870954855
5955,249,I551,Hôtel,2024-04,1024.0,24834.556931681982
5956,249,I551,Hôtel,2024-05,1024.0,27225.390331602073
5957,249,I551,Hôtel,2024-06,1024.0,25768.14382740711
5958,249,I551,Hôtel,2024-07,1024.0,26892.37554934079
5959,249,I551,Hôtel,2024-08,1024.0,27058.342198268318
5960,249,I551,Hôtel,2024-09,1024.0,26065.512316021413
5961,249,I551,Hôtel,2024-10,1024.0,26812.650491172513
5962,249,I551,Hôtel,2024-11,1024.0,25969.36553734239
5963,249,I551,Hôtel,2024-12,1024.0,24623.843919162602
5964,249,I553,Terrain de camping,2024-01,0.0,0.0
5965,249,I553,Terrain de camping,2024-02,0.0,0.0
5966,249,I553,Terrain de camping,2024-03,0.0,0.0
5967,249,I553,Terrain de camping,2024-04,0.0,0.0
5968,249,I553,Terrain de camping,2024-05,0.0,0.0
5969,249,I553,Terrain de camping,2024-06,0.0,0.0
5970,249,I553,Terrain de camping,2024-07,0.0,0.0
5971,249,I553,Terrain de camping,2024-08,0.0,0.0
5972,249,I553,Terrain de camping,2024-09,0.0,0.0
5973,249,I553,Terrain de camping,2024-10,0.0,0.0
5974,249,I553,Terrain de camping,2024-11,0.0,0.0
5975,249,I553,Terrain de camping,2024-12,0.0,0.0
5976,250,I551,Hôtel,2024-01,813.0,13883.027667701466
5977,250,I551,Hôtel,2024-02,813.0,16600.153843271724
5978,250,I551,Hôtel,2024-03,813.0,19576.122412282795
5979,250,I551,Hôtel,2024-04,813.0,20506.14948701478
5980,250,I551,Hôtel,2024-05,813.0,25284.97138198455
5981,250,I551,Hôtel,2024-06,813.0,23837.84679568069
5982,250,I551,Hôtel,2024-07,813.0,26579.00342688072
5983,250,I551,Hôtel,2024-08,813.0,31040.339832540216
5984,250,I551,Hôtel,2024-09,813.0,24261.556829735764
5985,250,I551,Hôtel,2024-10,813.0,20927.120012528278
5986,250,I551,Hôtel,2024-11,813.0,18614.8844404718
5987,250,I551,Hôtel,2024-12,813.0,17520.1251189543
5988,250,I553,Terrain de camping,2024-01,134.0,354.05175191065257
5989,250,I553,Terrain de camping,2024-02,134.0,427.1877208742143
5990,250,I553,Terrain de camping,2024-03,134.0,504.5066463360517
5991,250,I553,Terrain de camping,2024-04,134.0,530.4199303033568
5992,250,I553,Terrain de camping,2024-05,134.0,658.0132574520167
5993,250,I553,Terrain de camping,2024-06,134.0,620.2351094550114
5994,250,I553,Terrain de camping,2024-07,134.0,693.7130811511365
5995,250,I553,Terrain de camping,2024-08,134.0,815.2519619747119
5996,250,I553,Terrain de camping,2024-09,134.0,631.4479462326871
5997,250,I553,Terrain de camping,2024-10,134.0,539.5874343450844
5998,250,I553,Terrain de camping,2024-11,134.0,477.48374294251965
5999,250,I553,Terrain de camping,2024-12,134.0,449.18935479912113
6000,251,I551,Hôtel,2024-01,1388.0,23490.584317802324
6001,251,I551,Hôtel,2024-02,1388.0,20786.17124495534
6002,251,I551,Hôtel,2024-03,1388.0,27316.103017221998
6003,251,I551,Hôtel,2024-04,1388.0,36098.270601450626
6004,251,I551,Hôtel,2024-05,1388.0,39992.118006094075
6005,251,I551,Hôtel,2024-06,1388.0,41530.21181979303
6006,251,I551,Hôtel,2024-07,1388.0,41760.46541512102
6007,251,I551,Hôtel,2024-08,1388.0,44210.58445486576
6008,251,I551,Hôtel,2024-09,1388.0,35196.05332074237
6009,251,I551,Hôtel,2024-10,1388.0,36650.01783119094
6010,251,I551,Hôtel,2024-11,1388.0,27630.865157169374
6011,251,I551,Hôtel,2024-12,1388.0,26929.76198626096
6012,251,I553,Terrain de camping,2024-01,258.0,1323.4397256063698
6013,251,I553,Terrain de camping,2024-02,258.0,1151.1780171497367
6014,251,I553,Terrain de camping,2024-03,258.0,1517.7822530560804
6015,251,I553,Terrain de camping,2024-04,258.0,2035.1937846385495
6016,251,I553,Terrain de camping,2024-05,258.0,2229.379710535118
6017,251,I553,Terrain de camping,2024-06,258.0,2322.557634654842
6018,251,I553,Terrain de camping,2024-07,258.0,2324.1236501862663
6019,251,I553,Terrain de camping,2024-08,258.0,2430.0320716751166
6020,251,I553,Terrain de camping,2024-09,258.0,1949.1453182211183
6021,251,I553,Terrain de camping,2024-10,258.0,2059.5671303345416
6022,251,I553,Terrain de camping,2024-11,258.0,1540.4339785460124
6023,251,I553,Terrain de camping,2024-12,258.0,1519.8038368033174
6024,252,I551,Hôtel,2024-01,129.0,2205.946985026305
6025,252,I551,Hôtel,2024-02,129.0,1918.8162687171184
6026,252,I551,Hôtel,2024-03,129.0,2529.882638607851
6027,252,I551,Hôtel,2024-04,129.0,3392.318899231081
6028,252,I551,Hôtel,2024-05,129.0,3715.993524888709
6029,252,I551,Hôtel,2024-06,129.0,3871.305139619587
6030,252,I551,Hôtel,2024-07,129.0,3873.9154188587618
6031,252,I551,Hôtel,2024-08,129.0,4050.4465887729666
6032,252,I551,Hôtel,2024-09,129.0,3248.8908674235126
6033,252,I551,Hôtel,2024-10,129.0,3432.9450852316877
6034,252,I551,Hôtel,2024-11,129.0,2567.6391790708212
6035,252,I551,Hôtel,2024-12,129.0,2533.252271909551
6036,252,I553,Terrain de camping,2024-01,26.0,133.3698948285489
6037,252,I553,Terrain de camping,2024-02,26.0,116.01018777477967
6038,252,I553,Terrain de camping,2024-03,26.0,152.95480069557402
6039,252,I553,Terrain de camping,2024-04,26.0,205.09704806434996
6040,252,I553,Terrain de camping,2024-05,26.0,224.66617237950803
6041,252,I553,Terrain de camping,2024-06,26.0,234.0561957404104
6042,252,I553,Terrain de camping,2024-07,26.0,234.2140112590811
6043,252,I553,Terrain de camping,2024-08,26.0,244.88695295950788
6044,252,I553,Terrain de camping,2024-09,26.0,196.42549718507397
6045,252,I553,Terrain de camping,2024-10,26.0,207.55327670038017
6046,252,I553,Terrain de camping,2024-11,26.0,155.2375327216912
6047,252,I553,Terrain de camping,2024-12,26.0,153.1585261894816
6048,253,I551,Hôtel,2024-01,2476.0,42340.50182112505
6049,253,I551,Hôtel,2024-02,2476.0,36829.37272359369
6050,253,I551,Hôtel,2024-03,2476.0,48558.05746661271
6051,253,I551,Hôtel,2024-04,2476.0,65111.48522865238
6052,253,I551,Hôtel,2024-05,2476.0,71324.03075677864
6053,253,I551,Hôtel,2024-06,2476.0,74305.05058680696
6054,253,I551,Hôtel,2024-07,2476.0,74355.15176042088
6055,253,I551,Hôtel,2024-08,2476.0,77743.45545582841
6056,253,I551,Hôtel,2024-09,2476.0,62358.55649411331
6057,253,I551,Hôtel,2024-10,2476.0,65891.25605452449
6058,253,I551,Hôtel,2024-11,2476.0,49282.7488944136
6059,253,I551,Hôtel,2024-12,2476.0,48622.73352905464
6060,253,I553,Terrain de camping,2024-01,1011.0,5186.037064294728
6061,253,I553,Terrain de camping,2024-02,1011.0,4511.011532319317
6062,253,I553,Terrain de camping,2024-03,1011.0,5947.588596277897
6063,253,I553,Terrain de camping,2024-04,1011.0,7975.1198305022235
6064,253,I553,Terrain de camping,2024-05,1011.0,8736.05770291087
6065,253,I553,Terrain de camping,2024-06,1011.0,9101.185149752113
6066,253,I553,Terrain de camping,2024-07,1011.0,9107.321745497346
6067,253,I553,Terrain de camping,2024-08,1011.0,9522.334978540865
6068,253,I553,Terrain de camping,2024-09,1011.0,7637.929909773453
6069,253,I553,Terrain de camping,2024-10,1011.0,8070.629336310936
6070,253,I553,Terrain de camping,2024-11,1011.0,6036.351753139607
6071,253,I553,Terrain de camping,2024-12,1011.0,5955.510383752535
6072,254,I551,Hôtel,2024-01,1050.0,17955.382436260625
6073,254,I551,Hôtel,2024-02,1050.0,15618.271954674221
6074,254,I551,Hôtel,2024-03,1050.0,20592.067988668554
6075,254,I551,Hôtel,2024-04,1050.0,27611.89801699717
6076,254,I551,Hôtel,2024-05,1050.0,30246.45892351275
6077,254,I551,Hôtel,2024-06,1050.0,31510.62322946176
6078,254,I551,Hôtel,2024-07,1050.0,31531.869688385268
6079,254,I551,Hôtel,2024-08,1050.0,32968.751303966004
6080,254,I551,Hôtel,2024-09,1050.0,26444.460548796036
6081,254,I551,Hôtel,2024-10,1050.0,27942.576275141644
6082,254,I551,Hôtel,2024-11,1050.0,20899.388666855524
6083,254,I551,Hôtel,2024-12,1050.0,20619.49523647309
6084,254,I553,Terrain de camping,2024-01,488.0,2503.2503337050716
6085,254,I553,Terrain de camping,2024-02,488.0,2177.4219859266336
6086,254,I553,Terrain de camping,2024-03,488.0,2870.8439515169275
6087,254,I553,Terrain de camping,2024-04,488.0,3849.513825207799
6088,254,I553,Terrain de camping,2024-05,488.0,4216.811235430766
6089,254,I553,Terrain de camping,2024-06,488.0,4393.054750820011
6090,254,I553,Terrain de camping,2024-07,488.0,4396.016826708907
6091,254,I553,Terrain de camping,2024-08,488.0,4596.339732470764
6092,254,I553,Terrain de camping,2024-09,488.0,3686.755485627542
6093,254,I553,Terrain de camping,2024-10,488.0,3895.615347299443
6094,254,I553,Terrain de camping,2024-11,488.0,2913.6890756994344
6095,254,I553,Terrain de camping,2024-12,488.0,2874.6677223256547
6096,255,I551,Hôtel,2024-01,180.0,1934.308705193855
6097,255,I551,Hôtel,2024-02,180.0,2341.185076810534
6098,255,I551,Hôtel,2024-03,180.0,2994.294074615947
6099,255,I551,Hôtel,2024-04,180.0,3032.4798829553765
6100,255,I551,Hôtel,2024-05,180.0,4134.601316752012
6101,255,I551,Hôtel,2024-06,180.0,4351.865398683248
6102,255,I551,Hôtel,2024-07,180.0,3697.43964886613
6103,255,I551,Hôtel,2024-08,180.0,4110.704020336503
6104,255,I551,Hôtel,2024-09,180.0,4127.240182384785
6105,255,I551,Hôtel,2024-10,180.0,3631.589888207754
6106,255,I551,Hôtel,2024-11,180.0,2929.769215215801
6107,255,I551,Hôtel,2024-12,180.0,2262.705187812729
6108,255,I553,Terrain de camping,2024-01,85.0,340.1410894818865
6109,255,I553,Terrain de camping,2024-02,85.0,411.6888067384577
6110,255,I553,Terrain de camping,2024-03,85.0,526.5356279658338
6111,255,I553,Terrain de camping,2024-04,85.0,533.2504622714669
6112,255,I553,Terrain de camping,2024-05,85.0,727.0544730926642
6113,255,I553,Terrain de camping,2024-06,85.0,765.25956483161
6114,255,I553,Terrain de camping,2024-07,85.0,650.1811975936946
6115,255,I553,Terrain de camping,2024-08,85.0,722.8522211891202
6116,255,I553,Terrain de camping,2024-09,85.0,725.7600446197073
6117,255,I553,Terrain de camping,2024-10,85.0,638.6017587624885
6118,255,I553,Terrain de camping,2024-11,85.0,515.1891681602716
6119,255,I553,Terrain de camping,2024-12,85.0,397.8884061744455
6120,256,I551,Hôtel,2024-01,159.0,1708.639356254572
6121,256,I551,Hôtel,2024-02,159.0,2068.0468178493047
6122,256,I551,Hôtel,2024-03,159.0,2644.9597659107535
6123,256,I551,Hôtel,2024-04,159.0,2678.6905632772496
6124,256,I551,Hôtel,2024-05,159.0,3652.2311631309435
6125,256,I551,Hôtel,2024-06,159.0,3844.147768836869
6126,256,I551,Hôtel,2024-07,159.0,3266.0716898317482
6127,256,I551,Hôtel,2024-08,159.0,3631.121884630578
6128,256,I551,Hôtel,2024-09,159.0,3645.7288277732264
6129,256,I551,Hôtel,2024-10,159.0,3207.9044012501827
6130,256,I551,Hôtel,2024-11,159.0,2587.9628067739573
6131,256,I551,Hôtel,2024-12,159.0,1998.722915901244
6132,256,I553,Terrain de camping,2024-01,342.0,1368.567677680061
6133,256,I553,Terrain de camping,2024-02,342.0,1656.4420224065004
6134,256,I553,Terrain de camping,2024-03,342.0,2118.5315854625314
6135,256,I553,Terrain de camping,2024-04,342.0,2145.5489187863727
6136,256,I553,Terrain de camping,2024-05,342.0,2925.325056443425
6137,256,I553,Terrain de camping,2024-06,342.0,3079.0443667342424
6138,256,I553,Terrain de camping,2024-07,342.0,2616.0231714946303
6139,256,I553,Terrain de camping,2024-08,342.0,2908.417172313872
6140,256,I553,Terrain de camping,2024-09,342.0,2920.1168854110574
6141,256,I553,Terrain de camping,2024-10,342.0,2569.4329587855423
6142,256,I553,Terrain de camping,2024-11,342.0,2072.8787707154456
6143,256,I553,Terrain de camping,2024-12,342.0,1600.9157048430632
6144,257,I551,Hôtel,2024-01,106.0,1139.0929041697148
6145,257,I551,Hôtel,2024-02,106.0,1378.6978785662034
6146,257,I551,Hôtel,2024-03,106.0,1763.306510607169
6147,257,I551,Hôtel,2024-04,106.0,1785.7937088514996
6148,257,I551,Hôtel,2024-05,106.0,2434.820775420629
6149,257,I551,Hôtel,2024-06,106.0,2562.7651792245792
6150,257,I551,Hôtel,2024-07,106.0,2177.3811265544987
6151,257,I551,Hôtel,2024-08,106.0,2420.7479230870517
6152,257,I551,Hôtel,2024-09,106.0,2430.485885182151
6153,257,I551,Hôtel,2024-10,106.0,2138.6029341667886
6154,257,I551,Hôtel,2024-11,106.0,1725.308537849305
6155,257,I551,Hôtel,2024-12,106.0,1332.4819439341627
6156,257,I553,Terrain de camping,2024-01,91.0,364.1510487394315
6157,257,I553,Terrain de camping,2024-02,91.0,440.74919309646646
6158,257,I553,Terrain de camping,2024-03,91.0,563.7028487634221
6159,257,I553,Terrain de camping,2024-04,91.0,570.8916713729822
6160,257,I553,Terrain de camping,2024-05,91.0,778.3759653109698
6161,257,I553,Terrain de camping,2024-06,91.0,819.2778870550178
6162,257,I553,Terrain de camping,2024-07,91.0,696.0763409532495
6163,257,I553,Terrain de camping,2024-08,91.0,773.8770838612934
6164,257,I553,Terrain de camping,2024-09,91.0,776.9901654163925
6165,257,I553,Terrain de camping,2024-10,91.0,683.6795299692525
6166,257,I553,Terrain de camping,2024-11,91.0,551.5554623833495
6167,257,I553,Terrain de camping,2024-12,91.0,425.9746466102887
6168,258,I551,Hôtel,2024-01,13.0,139.70007315288953
6169,258,I551,Hôtel,2024-02,13.0,169.08558888076078
6170,258,I551,Hôtel,2024-03,13.0,216.25457205559619
6171,258,I551,Hôtel,2024-04,13.0,219.01243599122165
6172,258,I551,Hôtel,2024-05,13.0,298.6100950987564
6173,258,I551,Hôtel,2024-06,13.0,314.30138990490127
6174,258,I551,Hôtel,2024-07,13.0,267.03730797366495
6175,258,I551,Hôtel,2024-08,13.0,296.88417924652526
6176,258,I551,Hôtel,2024-09,13.0,298.07845761667886
6177,258,I551,Hôtel,2024-10,13.0,262.28149192611556
6178,258,I551,Hôtel,2024-11,13.0,211.59444332114117
6179,258,I551,Hôtel,2024-12,13.0,163.41759689758598
6180,258,I553,Terrain de camping,2024-01,42.0,168.0697148028145
6181,258,I553,Terrain de camping,2024-02,42.0,203.42270450606145
6182,258,I553,Terrain de camping,2024-03,42.0,260.17054558311787
6183,258,I553,Terrain de camping,2024-04,42.0,263.48846371060716
6184,258,I553,Terrain de camping,2024-05,42.0,359.2504455281399
6185,258,I553,Terrain de camping,2024-06,42.0,378.12825556385434
6186,258,I553,Terrain de camping,2024-07,42.0,321.2660035168844
6187,258,I553,Terrain de camping,2024-08,42.0,357.17403870521235
6188,258,I553,Terrain de camping,2024-09,42.0,358.6108455767965
6189,258,I553,Terrain de camping,2024-10,42.0,315.5443984473473
6190,258,I553,Terrain de camping,2024-11,42.0,254.56405956154595
6191,258,I553,Terrain de camping,2024-12,42.0,196.6036830509025
6192,259,I551,Hôtel,2024-01,1086.0,18324.207622868606
6193,259,I551,Hôtel,2024-02,1086.0,22109.413239719157
6194,259,I551,Hôtel,2024-03,1086.0,26111.110832497492
6195,259,I551,Hôtel,2024-04,1086.0,27452.27181544634
6196,259,I551,Hôtel,2024-05,1086.0,34055.957873620864
6197,259,I551,Hôtel,2024-06,1086.0,32100.7221664995
6198,259,I551,Hôtel,2024-07,1086.0,35903.62838515547
6199,259,I551,Hôtel,2024-08,1086.0,42193.96214129037
6200,259,I551,Hôtel,2024-09,1086.0,32681.05074289168
6201,259,I551,Hôtel,2024-10,1086.0,27926.74269869308
6202,259,I551,Hôtel,2024-11,1086.0,24712.520683787363
6203,259,I551,Hôtel,2024-12,1086.0,23248.123910988714
6204,259,I553,Terrain de camping,2024-01,0.0,0.0
6205,259,I553,Terrain de camping,2024-02,0.0,0.0
6206,259,I553,Terrain de camping,2024-03,0.0,0.0
6207,259,I553,Terrain de camping,2024-04,0.0,0.0
6208,259,I553,Terrain de camping,2024-05,0.0,0.0
6209,259,I553,Terrain de camping,2024-06,0.0,0.0
6210,259,I553,Terrain de camping,2024-07,0.0,0.0
6211,259,I553,Terrain de camping,2024-08,0.0,0.0
6212,259,I553,Terrain de camping,2024-09,0.0,0.0
6213,259,I553,Terrain de camping,2024-10,0.0,0.0
6214,259,I553,Terrain de camping,2024-11,0.0,0.0
6215,259,I553,Terrain de camping,2024-12,0.0,0.0
6216,260,I551,Hôtel,2024-01,1024.0,17278.074222668005
6217,260,I551,Hôtel,2024-02,1024.0,20847.181544633902
6218,260,I551,Hôtel,2024-03,1024.0,24620.421263791373
6219,260,I551,Hôtel,2024-04,1024.0,25885.015045135406
6220,260,I551,Hôtel,2024-05,1024.0,32111.695085255767
6221,260,I551,Hôtel,2024-06,1024.0,30268.084252758275
6222,260,I551,Hôtel,2024-07,1024.0,33853.8816449348
6223,260,I551,Hôtel,2024-08,1024.0,39785.09874095887
6224,260,I551,Hôtel,2024-09,1024.0,30815.281731787363
6225,260,I551,Hôtel,2024-10,1024.0,26332.398272064194
6226,260,I551,Hôtel,2024-11,1024.0,23301.676961508525
6227,260,I551,Hôtel,2024-12,1024.0,21920.882951061183
6228,260,I553,Terrain de camping,2024-01,612.0,1617.0124788755177
6229,260,I553,Terrain de camping,2024-02,612.0,1951.0364565299935
6230,260,I553,Terrain de camping,2024-03,612.0,2304.1646832661463
6231,260,I553,Terrain de camping,2024-04,612.0,2422.5149055645848
6232,260,I553,Terrain de camping,2024-05,612.0,3005.2545788107027
6233,260,I553,Terrain de camping,2024-06,612.0,2832.715574525873
6234,260,I553,Terrain de camping,2024-07,612.0,3168.3015348096687
6235,260,I553,Terrain de camping,2024-08,612.0,3723.38955767555
6236,260,I553,Terrain de camping,2024-09,612.0,2883.9264410030187
6237,260,I553,Terrain de camping,2024-10,612.0,2464.3844016357584
6238,260,I553,Terrain de camping,2024-11,612.0,2180.746646871806
6239,260,I553,Terrain de camping,2024-12,612.0,2051.521530873598
6240,261,I551,Hôtel,2024-01,2022.0,34117.44734202608
6241,261,I551,Hôtel,2024-02,2022.0,41165.04012036108
6242,261,I551,Hôtel,2024-03,2022.0,48615.714643931795
6243,261,I551,Hôtel,2024-04,2022.0,51112.79338014042
6244,261,I551,Hôtel,2024-05,2022.0,63408.05416248746
6245,261,I551,Hôtel,2024-06,2022.0,59767.64292878636
6246,261,I551,Hôtel,2024-07,2022.0,66848.19207622868
6247,261,I551,Hôtel,2024-08,2022.0,78560.02895919808
6248,261,I551,Hôtel,2024-09,2022.0,60848.14420085356
6249,261,I551,Hôtel,2024-10,2022.0,51996.20049425175
6250,261,I551,Hôtel,2024-11,2022.0,46011.70978141625
6251,261,I551,Hôtel,2024-12,2022.0,43285.180983443075
6252,261,I553,Terrain de camping,2024-01,9449.0,24965.932864207138
6253,261,I553,Terrain de camping,2024-02,9449.0,30123.110257764554
6254,261,I553,Terrain de camping,2024-03,9449.0,35575.24851663695
6255,261,I553,Terrain de camping,2024-04,9449.0,37402.52180176431
6256,261,I553,Terrain de camping,2024-05,9449.0,46399.755743761976
6257,261,I553,Terrain de camping,2024-06,9449.0,43735.83245701793
6258,261,I553,Terrain de camping,2024-07,9449.0,48917.12614773948
6259,261,I553,Terrain de camping,2024-08,9449.0,57487.431258948156
6260,261,I553,Terrain de camping,2024-09,9449.0,44526.50480561687
6261,261,I553,Terrain de camping,2024-10,9449.0,38048.96766512464
6262,261,I553,Terrain de camping,2024-11,9449.0,33669.73050047663
6263,261,I553,Terrain de camping,2024-12,9449.0,31674.553832066384
6264,262,I551,Hôtel,2024-01,1438.0,24263.54563691073
6265,262,I551,Hôtel,2024-02,1438.0,29275.63189568706
6266,262,I551,Hôtel,2024-03,1438.0,34574.38064192578
6267,262,I551,Hôtel,2024-04,1438.0,36350.24573721163
6268,262,I551,Hôtel,2024-05,1438.0,45094.353059177534
6269,262,I551,Hôtel,2024-06,1438.0,42505.376128385156
6270,262,I551,Hôtel,2024-07,1438.0,47540.900200601805
6271,262,I551,Hôtel,2024-08,1438.0,55870.08983349498
6272,262,I551,Hôtel,2024-09,1438.0,43273.80383819358
6273,262,I551,Hôtel,2024-10,1438.0,36978.50460471514
6274,262,I551,Hôtel,2024-11,1438.0,32722.47213930592
6275,262,I551,Hôtel,2024-12,1438.0,30783.427425415997
6276,262,I553,Terrain de camping,2024-01,2148.0,5675.396739582699
6277,262,I553,Terrain de camping,2024-02,2148.0,6847.7554062523295
6278,262,I553,Terrain de camping,2024-03,2148.0,8087.166241267454
6279,262,I553,Terrain de camping,2024-04,2148.0,8502.552315609033
6280,262,I553,Terrain de camping,2024-05,2148.0,10547.854306021878
6281,262,I553,Terrain de camping,2024-06,2148.0,9942.276232159436
6282,262,I553,Terrain de camping,2024-07,2148.0,11120.117151586875
6283,262,I553,Terrain de camping,2024-08,2148.0,13068.367271057321
6284,262,I553,Terrain de camping,2024-09,2148.0,10122.01633214785
6285,262,I553,Terrain de camping,2024-10,2148.0,8649.50603711374
6286,262,I553,Terrain de camping,2024-11,2148.0,7653.9931331382995
6287,262,I553,Terrain de camping,2024-12,2148.0,7200.438314242628
6288,263,I551,Hôtel,2024-01,1080.0,18222.96890672016
6289,263,I551,Hôtel,2024-02,1080.0,21987.26178535607
6290,263,I551,Hôtel,2024-03,1080.0,25966.850551654967
6291,263,I551,Hôtel,2024-04,1080.0,27300.60180541625
6292,263,I551,Hôtel,2024-05,1080.0,33867.80341023069
6293,263,I551,Hôtel,2024-06,1080.0,31923.370110330994
6294,263,I551,Hôtel,2024-07,1080.0,35705.265797392174
6295,263,I551,Hôtel,2024-08,1080.0,41960.84632835506
6296,263,I551,Hôtel,2024-09,1080.0,32500.492451494483
6297,263,I551,Hôtel,2024-10,1080.0,27772.451302567704
6298,263,I551,Hôtel,2024-11,1080.0,24575.987420341025
6299,263,I551,Hôtel,2024-12,1080.0,23119.68123744734
6300,263,I553,Terrain de camping,2024-01,3603.0,9519.764642791652
6301,263,I553,Terrain de camping,2024-02,3603.0,11486.248942610402
6302,263,I553,Terrain de camping,2024-03,3603.0,13565.204826483538
6303,263,I553,Terrain de camping,2024-04,3603.0,14261.96275285817
6304,263,I553,Terrain de camping,2024-05,3603.0,17692.699750743403
6305,263,I553,Terrain de camping,2024-06,3603.0,16676.918651988104
6306,263,I553,Terrain de camping,2024-07,3603.0,18652.598741698097
6307,263,I553,Terrain de camping,2024-08,3603.0,21920.543425334978
6308,263,I553,Terrain de camping,2024-09,3603.0,16978.410076689343
6309,263,I553,Terrain de camping,2024-10,3603.0,14508.459148845814
6310,263,I553,Terrain de camping,2024-11,3603.0,12838.611386730585
6311,263,I553,Terrain de camping,2024-12,3603.0,12077.830189113682
6312,264,I551,Hôtel,2024-01,4933.0,73972.52278250303
6313,264,I551,Hôtel,2024-02,4933.0,95722.97691373025
6314,264,I551,Hôtel,2024-03,4933.0,98787.37089914945
6315,264,I551,Hôtel,2024-04,4933.0,99971.17102065614
6316,264,I551,Hôtel,2024-05,4933.0,134923.24422843257
6317,264,I551,Hôtel,2024-06,4933.0,128352.40431348725
6318,264,I551,Hôtel,2024-07,4933.0,164076.1953219927
6319,264,I551,Hôtel,2024-08,4933.0,200414.02338159658
6320,264,I551,Hôtel,2024-09,4933.0,121600.75806933249
6321,264,I551,Hôtel,2024-10,4933.0,115907.37155991053
6322,264,I551,Hôtel,2024-11,4933.0,83838.62301740675
6323,264,I551,Hôtel,2024-12,4933.0,84470.31198858672
6324,264,I553,Terrain de camping,2024-01,3817.0,27517.72675420939
6325,264,I553,Terrain de camping,2024-02,3817.0,35608.88048331603
6326,264,I553,Terrain de camping,2024-03,3817.0,36748.83290329695
6327,264,I553,Terrain de camping,2024-04,3817.0,37189.2057207957
6328,264,I553,Terrain de camping,2024-05,3817.0,50191.35251593262
6329,264,I553,Terrain de camping,2024-06,3817.0,47747.004661841485
6330,264,I553,Terrain de camping,2024-07,3817.0,61036.22993927189
6331,264,I553,Terrain de camping,2024-08,3817.0,74553.87657038207
6332,264,I553,Terrain de camping,2024-09,3817.0,45235.39697970252
6333,264,I553,Terrain de camping,2024-10,3817.0,43117.46117895905
6334,264,I553,Terrain de camping,2024-11,3817.0,31187.909143310473
6335,264,I553,Terrain de camping,2024-12,3817.0,31422.896998918528
6336,265,I551,Hôtel,2024-01,437.0,6553.008809234508
6337,265,I551,Hôtel,2024-02,437.0,8479.817739975699
6338,265,I551,Hôtel,2024-03,437.0,8751.283414337788
6339,265,I551,Hôtel,2024-04,437.0,8856.152794653706
6340,265,I551,Hôtel,2024-05,437.0,11952.454434993924
6341,265,I551,Hôtel,2024-06,437.0,11370.363001215068
6342,265,I551,Hôtel,2024-07,437.0,14535.028857837182
6343,265,I551,Hôtel,2024-08,437.0,17754.09045565735
6344,265,I551,Hôtel,2024-09,437.0,10772.25446509189
6345,265,I551,Hôtel,2024-10,437.0,10267.89405466874
6346,265,I551,Hôtel,2024-11,437.0,7427.017688750608
6347,265,I551,Hôtel,2024-12,437.0,7482.977161770201
6348,265,I553,Terrain de camping,2024-01,1242.0,8953.894846405046
6349,265,I553,Terrain de camping,2024-02,1242.0,11586.64646588381
6350,265,I553,Terrain de camping,2024-03,1242.0,11957.571513202729
6351,265,I553,Terrain de camping,2024-04,1242.0,12100.862851775806
6352,265,I553,Terrain de camping,2024-05,1242.0,16331.584968506237
6353,265,I553,Terrain de camping,2024-06,1242.0,15536.227348705037
6354,265,I553,Terrain de camping,2024-07,1242.0,19860.360907669816
6355,265,I553,Terrain de camping,2024-08,1242.0,24258.819675246144
6356,265,I553,Terrain de camping,2024-09,1242.0,14718.984293631262
6357,265,I553,Terrain de camping,2024-10,1242.0,14029.83672629477
6358,265,I553,Terrain de camping,2024-11,1242.0,10148.122388260836
6359,265,I553,Terrain de camping,2024-12,1242.0,10224.58424748672
6360,266,I551,Hôtel,2024-01,1057.0,15850.183778857836
6361,266,I551,Hôtel,2024-02,1057.0,20510.680437424056
6362,266,I551,Hôtel,2024-03,1057.0,21167.29191980559
6363,266,I551,Hôtel,2024-04,1057.0,21420.94623329283
6364,266,I551,Hôtel,2024-05,1057.0,28910.170109356015
6365,266,I551,Hôtel,2024-06,1057.0,27502.228128797084
6366,266,I551,Hôtel,2024-07,1057.0,35156.808930741194
6367,266,I551,Hôtel,2024-08,1057.0,42942.960209679215
6368,266,I551,Hôtel,2024-09,1057.0,26055.54455286528
6369,266,I551,Hôtel,2024-10,1057.0,24835.615596761694
6370,266,I551,Hôtel,2024-11,1057.0,17964.2052563144
6371,266,I551,Hôtel,2024-12,1057.0,18099.55803201625
6372,266,I553,Terrain de camping,2024-01,2895.0,20870.793542948963
6373,266,I553,Terrain de camping,2024-02,2895.0,27007.521351637384
6374,266,I553,Terrain de camping,2024-03,2895.0,27872.11717449428
6375,266,I553,Terrain de camping,2024-04,2895.0,28206.117516820417
6376,266,I553,Terrain de camping,2024-05,2895.0,38067.583320310434
6377,266,I553,Terrain de camping,2024-06,2895.0,36213.67002777865
6378,266,I553,Terrain de camping,2024-07,2895.0,46292.87023164583
6379,266,I553,Terrain de camping,2024-08,2895.0,56545.31639278388
6380,266,I553,Terrain de camping,2024-09,2895.0,34308.743582981086
6381,266,I553,Terrain de camping,2024-10,2895.0,32702.39720017984
6382,266,I553,Terrain de camping,2024-11,2895.0,23654.439866356777
6383,266,I553,Terrain de camping,2024-12,2895.0,23832.666180735956
6384,267,I551,Hôtel,2024-01,46.0,689.7904009720535
6385,267,I551,Hôtel,2024-02,46.0,892.6123936816524
6386,267,I551,Hôtel,2024-03,46.0,921.1877278250304
6387,267,I551,Hôtel,2024-04,46.0,932.2266099635481
6388,267,I551,Hôtel,2024-05,46.0,1258.153098420413
6389,267,I551,Hôtel,2024-06,46.0,1196.8803159173754
6390,267,I551,Hôtel,2024-07,46.0,1530.0030376670716
6391,267,I551,Hôtel,2024-08,46.0,1868.8516269113002
6392,267,I551,Hôtel,2024-09,46.0,1133.9215226412516
6393,267,I551,Hôtel,2024-10,46.0,1080.8309531230254
6394,267,I551,Hôtel,2024-11,46.0,781.7913356579587
6395,267,I551,Hôtel,2024-12,46.0,787.6818065021264
6396,267,I553,Terrain de camping,2024-01,423.0,3049.514911456791
6397,267,I553,Terrain de camping,2024-02,423.0,3946.1766949024573
6398,267,I553,Terrain de camping,2024-03,423.0,4072.5062400038278
6399,267,I553,Terrain de camping,2024-04,423.0,4121.308362561325
6400,267,I553,Terrain de camping,2024-05,423.0,5562.206474781109
6401,267,I553,Terrain de camping,2024-06,423.0,5291.323807167658
6402,267,I553,Terrain de camping,2024-07,423.0,6764.035961307835
6403,267,I553,Terrain de camping,2024-08,423.0,8262.061773453397
6404,267,I553,Terrain de camping,2024-09,423.0,5012.987404352676
6405,267,I553,Terrain de camping,2024-10,423.0,4778.277725622132
6406,267,I553,Terrain de camping,2024-11,423.0,3456.244581509125
6407,267,I553,Terrain de camping,2024-12,423.0,3482.285939361419
6408,268,I551,Hôtel,2024-01,90.0,1349.589914945322
6409,268,I551,Hôtel,2024-02,90.0,1746.415552855407
6410,268,I551,Hôtel,2024-03,90.0,1802.323815309842
6411,268,I551,Hôtel,2024-04,90.0,1823.9216281895506
6412,268,I551,Hôtel,2024-05,90.0,2461.603888213852
6413,268,I551,Hôtel,2024-06,90.0,2341.7223572296475
6414,268,I551,Hôtel,2024-07,90.0,2993.484204131227
6415,268,I551,Hôtel,2024-08,90.0,3656.4488352612393
6416,268,I551,Hôtel,2024-09,90.0,2218.5421095154925
6417,268,I551,Hôtel,2024-10,90.0,2114.6692561102673
6418,268,I551,Hôtel,2024-11,90.0,1529.5917436786149
6419,268,I551,Hôtel,2024-12,90.0,1541.1165779389428
6420,268,I553,Terrain de camping,2024-01,719.0,5183.4544239655625
6421,268,I553,Terrain de camping,2024-02,719.0,6707.567479042238
6422,268,I553,Terrain de camping,2024-03,719.0,6922.297840573882
6423,268,I553,Terrain de camping,2024-04,719.0,7005.249911776816
6424,268,I553,Terrain de camping,2024-05,719.0,9454.43606469886
6425,268,I553,Terrain de camping,2024-06,719.0,8993.999568211693
6426,268,I553,Terrain de camping,2024-07,719.0,11497.262071348308
6427,268,I553,Terrain de camping,2024-08,719.0,14043.55180877776
6428,268,I553,Terrain de camping,2024-09,719.0,8520.893483994265
6429,268,I553,Terrain de camping,2024-10,719.0,8121.942517074025
6430,268,I553,Terrain de camping,2024-11,719.0,5874.798709468229
6431,268,I553,Terrain de camping,2024-12,719.0,5919.062861467755
6432,269,I551,Hôtel,2024-01,21.0,314.9043134872418
6433,269,I551,Hôtel,2024-02,21.0,407.4969623329283
6434,269,I551,Hôtel,2024-03,21.0,420.54222357229645
6435,269,I551,Hôtel,2024-04,21.0,425.5817132442284
6436,269,I551,Hôtel,2024-05,21.0,574.3742405832321
6437,269,I551,Hôtel,2024-06,21.0,546.4018833535845
6438,269,I551,Hôtel,2024-07,21.0,698.4796476306196
6439,269,I551,Hôtel,2024-08,21.0,853.1713948942892
6440,269,I551,Hôtel,2024-09,21.0,517.6598255536148
6441,269,I551,Hôtel,2024-10,21.0,493.422826425729
6442,269,I551,Hôtel,2024-11,21.0,356.90474019167686
6443,269,I551,Hôtel,2024-12,21.0,359.5938681857533
6444,269,I553,Terrain de camping,2024-01,0.0,0.0
6445,269,I553,Terrain de camping,2024-02,0.0,0.0
6446,269,I553,Terrain de camping,2024-03,0.0,0.0
6447,269,I553,Terrain de camping,2024-04,0.0,0.0
6448,269,I553,Terrain de camping,2024-05,0.0,0.0
6449,269,I553,Terrain de camping,2024-06,0.0,0.0
6450,269,I553,Terrain de camping,2024-07,0.0,0.0
6451,269,I553,Terrain de camping,2024-08,0.0,0.0
6452,269,I553,Terrain de camping,2024-09,0.0,0.0
6453,269,I553,Terrain de camping,2024-10,0.0,0.0
6454,269,I553,Terrain de camping,2024-11,0.0,0.0
6455,269,I553,Terrain de camping,2024-12,0.0,0.0
6456,270,I551,Hôtel,2024-01,2032.0,27460.585488096593
6457,270,I551,Hôtel,2024-02,2032.0,30018.23442305502
6458,270,I551,Hôtel,2024-03,2032.0,41838.97026996241
6459,270,I551,Hôtel,2024-04,2032.0,50185.46987128375
6460,270,I551,Hôtel,2024-05,2032.0,60365.14409386035
6461,270,I551,Hôtel,2024-06,2032.0,60311.90796218248
6462,270,I551,Hôtel,2024-07,2032.0,77546.52693928694
6463,270,I551,Hôtel,2024-08,2032.0,94602.203004231
6464,270,I551,Hôtel,2024-09,2032.0,67797.68242641029
6465,270,I551,Hôtel,2024-10,2032.0,54165.19817219638
6466,270,I551,Hôtel,2024-11,2032.0,37370.68990195877
6467,270,I551,Hôtel,2024-12,2032.0,31658.38781282424
6468,270,I553,Terrain de camping,2024-01,666.0,5335.248683301118
6469,270,I553,Terrain de camping,2024-02,666.0,5832.167917543174
6470,270,I553,Terrain de camping,2024-03,666.0,8128.789211003966
6471,270,I553,Terrain de camping,2024-04,666.0,9750.40980709161
6472,270,I553,Terrain de camping,2024-05,666.0,11728.193329441438
6473,270,I553,Terrain de camping,2024-06,666.0,11717.850214158569
6474,270,I553,Terrain de camping,2024-07,666.0,15066.321361820414
6475,270,I553,Terrain de camping,2024-08,666.0,18380.026137261117
6476,270,I553,Terrain de camping,2024-09,666.0,13172.242669522378
6477,270,I553,Terrain de camping,2024-10,666.0,10523.621295482642
6478,270,I553,Terrain de camping,2024-11,666.0,7260.658159670576
6479,270,I553,Terrain de camping,2024-12,666.0,6150.829230025796
6480,271,I551,Hôtel,2024-01,554.0,7486.793484451532
6481,271,I551,Hôtel,2024-02,554.0,8184.105251167559
6482,271,I551,Hôtel,2024-03,554.0,11406.884611003532
6483,271,I551,Hôtel,2024-04,554.0,13682.455860576376
6484,271,I551,Hôtel,2024-05,554.0,16457.81979724342
6485,271,I551,Hôtel,2024-06,554.0,16443.305615673766
6486,271,I551,Hôtel,2024-07,554.0,21142.114136006378
6487,271,I551,Hôtel,2024-08,554.0,25792.136055287392
6488,271,I551,Hôtel,2024-09,554.0,18484.210661531153
6489,271,I551,Hôtel,2024-10,554.0,14767.480210333068
6490,271,I551,Hôtel,2024-11,554.0,10188.662502797813
6491,271,I551,Hôtel,2024-12,554.0,8631.273055268026
6492,271,I553,Terrain de camping,2024-01,2017.0,16157.952844171705
6493,271,I553,Terrain de camping,2024-02,2017.0,17662.88692144832
6494,271,I553,Terrain de camping,2024-03,2017.0,24618.27002792042
6495,271,I553,Terrain de camping,2024-04,2017.0,29529.394265621286
6496,271,I553,Terrain de camping,2024-05,2017.0,35519.16808631138
6497,271,I553,Terrain de camping,2024-06,2017.0,35487.84366660335
6498,271,I553,Terrain de camping,2024-07,2017.0,45628.784064251915
6499,271,I553,Terrain de camping,2024-08,2017.0,55664.43351179531
6500,271,I553,Terrain de camping,2024-09,2017.0,39892.51270934931
6501,271,I553,Terrain de camping,2024-10,2017.0,31871.087316799534
6502,271,I553,Terrain de camping,2024-11,2017.0,21989.110372455787
6503,271,I553,Terrain de camping,2024-12,2017.0,18627.96179724029
6504,272,I551,Hôtel,2024-01,6193.0,83692.62102745187
6505,272,I551,Hôtel,2024-02,6193.0,91487.66032577743
6506,272,I551,Hôtel,2024-03,6193.0,127514.14511903406
6507,272,I551,Hôtel,2024-04,6193.0,152952.07426813987
6508,272,I551,Hôtel,2024-05,6193.0,183977.03610889622
6509,272,I551,Hôtel,2024-06,6193.0,183814.78642214375
6510,272,I551,Hôtel,2024-07,6193.0,236341.35892470667
6511,272,I551,Hôtel,2024-08,6193.0,288322.5606324816
6512,272,I551,Hôtel,2024-09,6193.0,206629.45239505853
6513,272,I551,Hôtel,2024-10,6193.0,165081.23635847057
6514,272,I551,Hôtel,2024-11,6193.0,113896.00519824344
6515,272,I551,Hôtel,2024-12,6193.0,96486.41521890774
6516,272,I553,Terrain de camping,2024-01,9967.0,79844.47991961299
6517,272,I553,Terrain de camping,2024-02,9967.0,87281.10755878802
6518,272,I553,Terrain de camping,2024-03,9967.0,121651.11421332811
6519,272,I553,Terrain de camping,2024-04,9967.0,145919.4212421653
6520,272,I553,Terrain de camping,2024-05,9967.0,175517.87224405826
6521,272,I553,Terrain de camping,2024-06,9967.0,175363.08270948718
6522,272,I553,Terrain de camping,2024-07,9967.0,225474.51203192805
6523,272,I553,Terrain de camping,2024-08,9967.0,275065.6464115339
6524,272,I553,Terrain de camping,2024-09,9967.0,197128.7427734678
6525,272,I553,Terrain de camping,2024-10,9967.0,157490.89106918243
6526,272,I553,Terrain de camping,2024-11,9967.0,108659.12894510005
6527,272,I553,Terrain de camping,2024-12,9967.0,92050.0224259266
6528,273,I551,Hôtel,2024-01,0.0,0.0
6529,273,I551,Hôtel,2024-02,0.0,0.0
6530,273,I551,Hôtel,2024-03,0.0,0.0
6531,273,I551,Hôtel,2024-04,0.0,0.0
6532,273,I551,Hôtel,2024-05,0.0,0.0
6533,273,I551,Hôtel,2024-06,0.0,0.0
6534,273,I551,Hôtel,2024-07,0.0,0.0
6535,273,I551,Hôtel,2024-08,0.0,0.0
6536,273,I551,Hôtel,2024-09,0.0,0.0
6537,273,I551,Hôtel,2024-10,0.0,0.0
6538,273,I551,Hôtel,2024-11,0.0,0.0
6539,273,I551,Hôtel,2024-12,0.0,0.0
6540,273,I553,Terrain de camping,2024-01,0.0,0.0
6541,273,I553,Terrain de camping,2024-02,0.0,0.0
6542,273,I553,Terrain de camping,2024-03,0.0,0.0
6543,273,I553,Terrain de camping,2024-04,0.0,0.0
6544,273,I553,Terrain de camping,2024-05,0.0,0.0
6545,273,I553,Terrain de camping,2024-06,0.0,0.0
6546,273,I553,Terrain de camping,2024-07,0.0,0.0
6547,273,I553,Terrain de camping,2024-08,0.0,0.0
6548,273,I553,Terrain de camping,2024-09,0.0,0.0
6549,273,I553,Terrain de camping,2024-10,0.0,0.0
6550,273,I553,Terrain de camping,2024-11,0.0,0.0
6551,273,I553,Terrain de camping,2024-12,0.0,0.0
6552,274,I551,Hôtel,2024-01,0.0,0.0
6553,274,I551,Hôtel,2024-02,0.0,0.0
6554,274,I551,Hôtel,2024-03,0.0,0.0
6555,274,I551,Hôtel,2024-04,0.0,0.0
6556,274,I551,Hôtel,2024-05,0.0,0.0
6557,274,I551,Hôtel,2024-06,0.0,0.0
6558,274,I551,Hôtel,2024-07,0.0,0.0
6559,274,I551,Hôtel,2024-08,0.0,0.0
6560,274,I551,Hôtel,2024-09,0.0,0.0
6561,274,I551,Hôtel,2024-10,0.0,0.0
6562,274,I551,Hôtel,2024-11,0.0,0.0
6563,274,I551,Hôtel,2024-12,0.0,0.0
6564,274,I553,Terrain de camping,2024-01,0.0,0.0
6565,274,I553,Terrain de camping,2024-02,0.0,0.0
6566,274,I553,Terrain de camping,2024-03,0.0,0.0
6567,274,I553,Terrain de camping,2024-04,0.0,0.0
6568,274,I553,Terrain de camping,2024-05,0.0,0.0
6569,274,I553,Terrain de camping,2024-06,0.0,0.0
6570,274,I553,Terrain de camping,2024-07,0.0,0.0
6571,274,I553,Terrain de camping,2024-08,0.0,0.0
6572,274,I553,Terrain de camping,2024-09,0.0,0.0
6573,274,I553,Terrain de camping,2024-10,0.0,0.0
6574,274,I553,Terrain de camping,2024-11,0.0,0.0
6575,274,I553,Terrain de camping,2024-12,0.0,0.0
6576,275,I551,Hôtel,2024-01,11608.0,61264.99913985894
6577,275,I551,Hôtel,2024-02,11608.0,93255.39308446586
6578,275,I551,Hôtel,2024-03,11608.0,90140.22363667643
6579,275,I551,Hôtel,2024-04,11608.0,251959.2981248925
6580,275,I551,Hôtel,2024-05,11608.0,325365.4704971615
6581,275,I551,Hôtel,2024-06,11608.0,273915.25202133146
6582,275,I551,Hôtel,2024-07,11608.0,343247.74126956816
6583,275,I551,Hôtel,2024-08,11608.0,374316.536948876
6584,275,I551,Hôtel,2024-09,11608.0,327565.35295803816
6585,275,I551,Hôtel,2024-10,11608.0,297198.37335232267
6586,275,I551,Hôtel,2024-11,11608.0,62297.90658405436
6587,275,I551,Hôtel,2024-12,11608.0,68542.16675554102
6588,275,I553,Terrain de camping,2024-01,7762.0,21961.76232655741
6589,275,I553,Terrain de camping,2024-02,7762.0,33429.41006030741
6590,275,I553,Terrain de camping,2024-03,7762.0,32312.710280990927
6591,275,I553,Terrain de camping,2024-04,7762.0,90320.25298413892
6592,275,I553,Terrain de camping,2024-05,7762.0,116634.28111726312
6593,275,I553,Terrain de camping,2024-06,7762.0,98190.83892874446
6594,275,I553,Terrain de camping,2024-07,7762.0,123044.56735045482
6595,275,I553,Terrain de camping,2024-08,7762.0,134181.84827856979
6596,275,I553,Terrain de camping,2024-09,7762.0,117422.87650501204
6597,275,I553,Terrain de camping,2024-10,7762.0,106537.17670840099
6598,275,I553,Terrain de camping,2024-11,7762.0,22332.030311756702
6599,275,I553,Terrain de camping,2024-12,7762.0,24570.420252452204
6600,276,I551,Hôtel,2024-01,18.0,95.00086014106313
6601,276,I551,Hôtel,2024-02,18.0,144.60691553414762
6602,276,I551,Hôtel,2024-03,18.0,139.77636332358506
6603,276,I551,Hôtel,2024-04,18.0,390.70187510751765
6604,276,I551,Hôtel,2024-05,18.0,504.52950283846553
6605,276,I551,Hôtel,2024-06,18.0,424.7479786685017
6606,276,I551,Hôtel,2024-07,18.0,532.2587304317908
6607,276,I551,Hôtel,2024-08,18.0,580.4357051240324
6608,276,I551,Hôtel,2024-09,18.0,507.9407609618097
6609,276,I551,Hôtel,2024-10,18.0,460.85206067727506
6610,276,I551,Hôtel,2024-11,18.0,96.60254294563907
6611,276,I551,Hôtel,2024-12,18.0,106.28523445897127
6612,276,I553,Terrain de camping,2024-01,250.0,707.3486964235187
6613,276,I553,Terrain de camping,2024-02,250.0,1076.7009166550956
6614,276,I553,Terrain de camping,2024-03,250.0,1040.734033786103
6615,276,I553,Terrain de camping,2024-04,250.0,2909.0522089712354
6616,276,I553,Terrain de camping,2024-05,250.0,3756.5795258072376
6617,276,I553,Terrain de camping,2024-06,250.0,3162.5495661151913
6618,276,I553,Terrain de camping,2024-07,250.0,3963.043266891742
6619,276,I553,Terrain de camping,2024-08,250.0,4321.754969034069
6620,276,I553,Terrain de camping,2024-09,250.0,3781.978758857641
6621,276,I553,Terrain de camping,2024-10,250.0,3431.3700305462835
6622,276,I553,Terrain de camping,2024-11,250.0,719.2743594356062
6623,276,I553,Terrain de camping,2024-12,250.0,791.3688563660205
6624,277,I551,Hôtel,2024-01,0.0,0.0
6625,277,I551,Hôtel,2024-02,0.0,0.0
6626,277,I551,Hôtel,2024-03,0.0,0.0
6627,277,I551,Hôtel,2024-04,0.0,0.0
6628,277,I551,Hôtel,2024-05,0.0,0.0
6629,277,I551,Hôtel,2024-06,0.0,0.0
6630,277,I551,Hôtel,2024-07,0.0,0.0
6631,277,I551,Hôtel,2024-08,0.0,0.0
6632,277,I551,Hôtel,2024-09,0.0,0.0
6633,277,I551,Hôtel,2024-10,0.0,0.0
6634,277,I551,Hôtel,2024-11,0.0,0.0
6635,277,I551,Hôtel,2024-12,0.0,0.0
6636,277,I553,Terrain de camping,2024-01,0.0,0.0
6637,277,I553,Terrain de camping,2024-02,0.0,0.0
6638,277,I553,Terrain de camping,2024-03,0.0,0.0
6639,277,I553,Terrain de camping,2024-04,0.0,0.0
6640,277,I553,Terrain de camping,2024-05,0.0,0.0
6641,277,I553,Terrain de camping,2024-06,0.0,0.0
6642,277,I553,Terrain de camping,2024-07,0.0,0.0
6643,277,I553,Terrain de camping,2024-08,0.0,0.0
6644,277,I553,Terrain de camping,2024-09,0.0,0.0
6645,277,I553,Terrain de camping,2024-10,0.0,0.0
6646,277,I553,Terrain de camping,2024-11,0.0,0.0
6647,277,I553,Terrain de camping,2024-12,0.0,0.0
6648,278,I551,Hôtel,2024-01,6078.0,67780.0
6649,278,I551,Hôtel,2024-02,6078.0,74250.0
6650,278,I551,Hôtel,2024-03,6078.0,91820.0
6651,278,I551,Hôtel,2024-04,6078.0,108320.0
6652,278,I551,Hôtel,2024-05,6078.0,147200.0
6653,278,I551,Hôtel,2024-06,6078.0,156930.0
6654,278,I551,Hôtel,2024-07,6078.0,207130.0
6655,278,I551,Hôtel,2024-08,6078.0,277818.70259
6656,278,I551,Hôtel,2024-09,6078.0,174240.98986
6657,278,I551,Hôtel,2024-10,6078.0,120899.950628
6658,278,I551,Hôtel,2024-11,6078.0,88565.209364
6659,278,I551,Hôtel,2024-12,6078.0,113579.290849
6660,278,I553,Terrain de camping,2024-01,33429.0,317360.0946755342
6661,278,I553,Terrain de camping,2024-02,33429.0,347653.98391352047
6662,278,I553,Terrain de camping,2024-03,33429.0,429920.38791837636
6663,278,I553,Terrain de camping,2024-04,33429.0,507176.8287880475
6664,278,I553,Terrain de camping,2024-05,33429.0,689221.0967282181
6665,278,I553,Terrain de camping,2024-06,33429.0,734778.9857986365
6666,278,I553,Terrain de camping,2024-07,33429.0,969825.8543839393
6667,278,I553,Terrain de camping,2024-08,33429.0,1300805.1011595821
6668,278,I553,Terrain de camping,2024-09,33429.0,815832.650314671
6669,278,I553,Terrain de camping,2024-10,33429.0,566078.7810205001
6670,278,I553,Terrain de camping,2024-11,33429.0,414680.7794145404
6671,278,I553,Terrain de camping,2024-12,33429.0,531801.9253027246
6672,279,I551,Hôtel,2024-01,10290.0,176816.43380934003
6673,279,I551,Hôtel,2024-02,10290.0,193258.1937475878
6674,279,I551,Hôtel,2024-03,10290.0,261686.09803164803
6675,279,I551,Hôtel,2024-04,10290.0,273671.90274025477
6676,279,I551,Hôtel,2024-05,10290.0,317206.82362022385
6677,279,I551,Hôtel,2024-06,10290.0,297929.4558085681
6678,279,I551,Hôtel,2024-07,10290.0,312782.63990737166
6679,279,I551,Hôtel,2024-08,10290.0,352348.5007283944
6680,279,I551,Hôtel,2024-09,10290.0,303320.4317493786
6681,279,I551,Hôtel,2024-10,10290.0,312273.6007369001
6682,279,I551,Hôtel,2024-11,10290.0,279973.67269407486
6683,279,I551,Hôtel,2024-12,10290.0,433261.4817657105
6684,279,I553,Terrain de camping,2024-01,1959.0,12400.318434401295
6685,279,I553,Terrain de camping,2024-02,1959.0,13553.39597625524
6686,279,I553,Terrain de camping,2024-03,1959.0,18352.315311072507
6687,279,I553,Terrain de camping,2024-04,1959.0,19192.89212781531
6688,279,I553,Terrain de camping,2024-05,1959.0,22246.04092341989
6689,279,I553,Terrain de camping,2024-06,1959.0,20894.099283767944
6690,279,I553,Terrain de camping,2024-07,1959.0,21935.76836747175
6691,279,I553,Terrain de camping,2024-08,1959.0,24710.562897266
6692,279,I553,Terrain de camping,2024-09,1959.0,21272.173973422246
6693,279,I553,Terrain de camping,2024-10,1959.0,21900.068926681997
6694,279,I553,Terrain de camping,2024-11,1959.0,19634.841738743296
6695,279,I553,Terrain de camping,2024-12,1959.0,30385.073511032228
6696,280,I551,Hôtel,2024-01,863.0,14670.575463731477
6697,280,I551,Hôtel,2024-02,863.0,16071.80209642374
6698,280,I551,Hôtel,2024-03,863.0,21722.08622963795
6699,280,I551,Hôtel,2024-04,863.0,22860.045682931377
6700,280,I551,Hôtel,2024-05,863.0,26705.124413894784
6701,280,I551,Hôtel,2024-06,863.0,25166.89783239561
6702,280,I551,Hôtel,2024-07,863.0,26534.626569568958
6703,280,I551,Hôtel,2024-08,863.0,29844.247151847692
6704,280,I551,Hôtel,2024-09,863.0,25655.592498799077
6705,280,I551,Hôtel,2024-10,863.0,26252.92221381698
6706,280,I551,Hôtel,2024-11,863.0,23375.74251009425
6707,280,I551,Hôtel,2024-12,863.0,36344.53207686635
6708,280,I553,Terrain de camping,2024-01,1176.0,7359.995358231729
6709,280,I553,Terrain de camping,2024-02,1176.0,8119.278851549634
6710,280,I553,Terrain de camping,2024-03,1176.0,10912.552908980066
6711,280,I553,Terrain de camping,2024-04,1176.0,11701.571902304157
6712,280,I553,Terrain de camping,2024-05,1176.0,13984.713548675983
6713,280,I553,Terrain de camping,2024-06,1176.0,13306.086188903297
6714,280,I553,Terrain de camping,2024-07,1176.0,14198.004342502705
6715,280,I553,Terrain de camping,2024-08,1176.0,15899.151153310271
6716,280,I553,Terrain de camping,2024-09,1176.0,13614.192841357204
6717,280,I553,Terrain de camping,2024-10,1176.0,13692.653232955443
6718,280,I553,Terrain de camping,2024-11,1176.0,11949.396848061595
6719,280,I553,Terrain de camping,2024-12,1176.0,18836.273447692005
6720,281,I551,Hôtel,2024-01,1388.0,23850.45773832497
6721,281,I551,Hôtel,2024-02,1388.0,26068.257815515244
6722,281,I551,Hôtel,2024-03,1388.0,35298.37746043999
6723,281,I551,Hôtel,2024-04,1388.0,36915.12157468159
6724,281,I551,Hôtel,2024-05,1388.0,42787.47047472018
6725,281,I551,Hôtel,2024-06,1388.0,40187.18023928985
6726,281,I551,Hôtel,2024-07,1388.0,42190.70011578541
6727,281,I551,Hôtel,2024-08,1388.0,47527.66948600695
6728,281,I551,Hôtel,2024-09,1388.0,40914.359501276725
6729,281,I551,Hôtel,2024-10,1388.0,42122.036717474955
6730,281,I551,Hôtel,2024-11,1388.0,37765.1562390064
6731,281,I551,Hôtel,2024-12,1388.0,58441.87917306183
6732,281,I553,Terrain de camping,2024-01,1447.0,9159.39804725813
6733,281,I553,Terrain de camping,2024-02,1447.0,10011.109738459078
6734,281,I553,Terrain de camping,2024-03,1447.0,13555.793902563511
6735,281,I553,Terrain de camping,2024-04,1447.0,14176.679381801305
6736,281,I553,Terrain de camping,2024-05,1447.0,16431.863816329034
6737,281,I553,Terrain de camping,2024-06,1447.0,15433.262717515168
6738,281,I553,Terrain de camping,2024-07,1447.0,16202.683424059018
6739,281,I553,Terrain de camping,2024-08,1447.0,18252.26366122711
6740,281,I553,Terrain de camping,2024-09,1447.0,15712.524624574777
6741,281,I553,Terrain de camping,2024-10,1447.0,16176.314311847294
6742,281,I553,Terrain de camping,2024-11,1447.0,14503.121998959443
6743,281,I553,Terrain de camping,2024-12,1447.0,22443.696462717526
6744,282,I551,Hôtel,2024-01,4773.0,67455.09688581315
6745,282,I551,Hôtel,2024-02,4773.0,77127.71626297578
6746,282,I551,Hôtel,2024-03,4773.0,100733.9723183391
6747,282,I551,Hôtel,2024-04,4773.0,118477.20069204152
6748,282,I551,Hôtel,2024-05,4773.0,156468.51903114186
6749,282,I551,Hôtel,2024-06,4773.0,154734.38408304498
6750,282,I551,Hôtel,2024-07,4773.0,172824.43944636677
6751,282,I551,Hôtel,2024-08,4773.0,190380.05461392525
6752,282,I551,Hôtel,2024-09,4773.0,160591.24283616987
6753,282,I551,Hôtel,2024-10,4773.0,150649.747127373
6754,282,I551,Hôtel,2024-11,4773.0,120223.63378276747
6755,282,I551,Hôtel,2024-12,4773.0,201686.3972533692
6756,282,I553,Terrain de camping,2024-01,2890.0,17314.679364457254
6757,282,I553,Terrain de camping,2024-02,2890.0,19797.491054929087
6758,282,I553,Terrain de camping,2024-03,2890.0,25856.851629057273
6759,282,I553,Terrain de camping,2024-04,2890.0,30411.26373969514
6760,282,I553,Terrain de camping,2024-05,2890.0,40163.0471636827
6761,282,I553,Terrain de camping,2024-06,2890.0,39717.92156180528
6762,282,I553,Terrain de camping,2024-07,2890.0,44361.35879281862
6763,282,I553,Terrain de camping,2024-08,2890.0,48867.61349713892
6764,282,I553,Terrain de camping,2024-09,2890.0,41221.28655681724
6765,282,I553,Terrain de camping,2024-10,2890.0,38669.458473428225
6766,282,I553,Terrain de camping,2024-11,2890.0,30859.546084446432
6767,282,I553,Terrain de camping,2024-12,2890.0,51769.77666381634
6768,283,I551,Hôtel,2024-01,3181.0,44955.93194925029
6769,283,I551,Hôtel,2024-02,3181.0,51402.31833910035
6770,283,I551,Hôtel,2024-03,3181.0,67134.87658592849
6771,283,I551,Hôtel,2024-04,3181.0,78959.97808535179
6772,283,I551,Hôtel,2024-05,3181.0,104279.56401384082
6773,283,I551,Hôtel,2024-06,3181.0,103123.83737024221
6774,283,I551,Hôtel,2024-07,3181.0,115180.08419838524
6775,283,I551,Hôtel,2024-08,3181.0,126880.14953423344
6776,283,I551,Hôtel,2024-09,3181.0,107027.18279108661
6777,283,I551,Hôtel,2024-10,3181.0,100401.60184625466
6778,283,I551,Hôtel,2024-11,3181.0,80123.90091409665
6779,283,I551,Hôtel,2024-12,3181.0,134415.34248124185
6780,283,I553,Terrain de camping,2024-01,2246.0,13456.32174829446
6781,283,I553,Terrain de camping,2024-02,2246.0,15385.870210854924
6782,283,I553,Terrain de camping,2024-03,2246.0,20094.978809295033
6783,283,I553,Terrain de camping,2024-04,2246.0,23634.49770219906
6784,283,I553,Terrain de camping,2024-05,2246.0,31213.21935281361
6785,283,I553,Terrain de camping,2024-06,2246.0,30867.284369486035
6786,283,I553,Terrain de camping,2024-07,2246.0,34475.99025905558
6787,283,I553,Terrain de camping,2024-08,2246.0,37978.08301542354
6788,283,I553,Terrain de camping,2024-09,2246.0,32035.64346249534
6789,283,I553,Terrain de camping,2024-10,2246.0,30052.45803851896
6790,283,I553,Terrain de camping,2024-11,2246.0,23982.88598811996
6791,283,I553,Terrain de camping,2024-12,2246.0,40233.535774024735
6792,284,I551,Hôtel,2024-01,664.0,9384.073817762399
6793,284,I551,Hôtel,2024-02,664.0,10729.688581314878
6794,284,I551,Hôtel,2024-03,664.0,14013.693194925028
6795,284,I551,Hôtel,2024-04,664.0,16482.057670126873
6796,284,I551,Hôtel,2024-05,664.0,21767.25259515571
6797,284,I551,Hôtel,2024-06,664.0,21526.006920415224
6798,284,I551,Hôtel,2024-07,664.0,24042.620530565167
6799,284,I551,Hôtel,2024-08,664.0,26484.88503323829
6800,284,I551,Hôtel,2024-09,664.0,22340.78886302468
6801,284,I551,Hôtel,2024-10,664.0,20957.769137350864
6802,284,I551,Hôtel,2024-11,664.0,16725.01421155617
6803,284,I551,Hôtel,2024-12,664.0,28057.776613500344
6804,284,I553,Terrain de camping,2024-01,302.0,1809.3540373931107
6805,284,I553,Terrain de camping,2024-02,302.0,2068.803563525462
6806,284,I553,Terrain de camping,2024-03,302.0,2701.9962601990646
6807,284,I553,Terrain de camping,2024-04,302.0,3177.9244461549943
6808,284,I553,Terrain de camping,2024-05,302.0,4196.968942364074
6809,284,I553,Terrain de camping,2024-06,302.0,4150.454087081382
6810,284,I553,Terrain de camping,2024-07,302.0,4635.685244093849
6811,284,I553,Terrain de camping,2024-08,302.0,5106.581064406904
6812,284,I553,Terrain de camping,2024-09,302.0,4307.553128082633
6813,284,I553,Terrain de camping,2024-10,302.0,4040.8915082959597
6814,284,I553,Terrain de camping,2024-11,302.0,3224.769175606513
6815,284,I553,Terrain de camping,2024-12,302.0,5409.852094281154
6816,285,I551,Hôtel,2024-01,117.0,2693.5470737913483
6817,285,I551,Hôtel,2024-02,117.0,2797.0178117048345
6818,285,I551,Hôtel,2024-03,117.0,3558.0305343511454
6819,285,I551,Hôtel,2024-04,117.0,3087.5826972010177
6820,285,I551,Hôtel,2024-05,117.0,3621.5419847328244
6821,285,I551,Hôtel,2024-06,117.0,4008.961832061069
6822,285,I551,Hôtel,2024-07,117.0,3874.6615776081426
6823,285,I551,Hôtel,2024-08,117.0,3597.1088090249364
6824,285,I551,Hôtel,2024-09,117.0,3684.99083905598
6825,285,I551,Hôtel,2024-10,117.0,3587.4999928554707
6826,285,I551,Hôtel,2024-11,117.0,3413.725213738931
6827,285,I551,Hôtel,2024-12,117.0,3228.4322461852416
6828,285,I553,Terrain de camping,2024-01,375.0,3709.38403383729
6829,285,I553,Terrain de camping,2024-02,375.0,3851.8774422206848
6830,285,I553,Terrain de camping,2024-03,375.0,4899.896417050726
6831,285,I553,Terrain de camping,2024-04,375.0,4252.025172156663
6832,285,I553,Terrain de camping,2024-05,375.0,4987.360401736187
6833,285,I553,Terrain de camping,2024-06,375.0,5520.890708317489
6834,285,I553,Terrain de camping,2024-07,375.0,5335.940824034695
6835,285,I553,Terrain de camping,2024-08,375.0,4953.712565116346
6836,285,I553,Terrain de camping,2024-09,375.0,5074.738183057194
6837,285,I553,Terrain de camping,2024-10,375.0,4940.479906355746
6838,285,I553,Terrain de camping,2024-11,375.0,4701.168183382521
6839,285,I553,Terrain de camping,2024-12,375.0,4445.994333957818
6840,286,I551,Hôtel,2024-01,1030.0,23712.422957308452
6841,286,I551,Hôtel,2024-02,1030.0,24623.319197059653
6842,286,I551,Hôtel,2024-03,1030.0,31322.832909245124
6843,286,I551,Hôtel,2024-04,1030.0,27181.283573649987
6844,286,I551,Hôtel,2024-05,1030.0,31881.9508057676
6845,286,I551,Hôtel,2024-06,1030.0,35292.56997455471
6846,286,I551,Hôtel,2024-07,1030.0,34110.268589199884
6847,286,I551,Hôtel,2024-08,1030.0,31666.855327313544
6848,286,I551,Hôtel,2024-09,1030.0,32440.51764297145
6849,286,I551,Hôtel,2024-10,1030.0,31582.264894368673
6850,286,I551,Hôtel,2024-11,1030.0,30052.45273633418
6851,286,I551,Hôtel,2024-12,1030.0,28421.24114163076
6852,286,I553,Terrain de camping,2024-01,245.0,2423.464235440363
6853,286,I553,Terrain de camping,2024-02,245.0,2516.5599289175143
6854,286,I553,Terrain de camping,2024-03,245.0,3201.265659139808
6855,286,I553,Terrain de camping,2024-04,245.0,2777.9897791423527
6856,286,I553,Terrain de camping,2024-05,245.0,3258.408795800975
6857,286,I553,Terrain de camping,2024-06,245.0,3606.981929434093
6858,286,I553,Terrain de camping,2024-07,245.0,3486.148005036001
6859,286,I553,Terrain de camping,2024-08,245.0,3236.425542542679
6860,286,I553,Terrain de camping,2024-09,245.0,3315.4956129307
6861,286,I553,Terrain de camping,2024-10,245.0,3227.7802054857543
6862,286,I553,Terrain de camping,2024-11,245.0,3071.4298798099144
6863,286,I553,Terrain de camping,2024-12,245.0,2904.7162981857746
6864,287,I551,Hôtel,2024-01,16474.0,379260.63669776643
6865,287,I551,Hôtel,2024-02,16474.0,393829.6703420979
6866,287,I551,Hôtel,2024-03,16474.0,500982.8634435963
6867,287,I551,Hôtel,2024-04,16474.0,434742.1996041843
6868,287,I551,Hôtel,2024-05,16474.0,509925.4927905004
6869,287,I551,Hôtel,2024-06,16474.0,564475.5318066158
6870,287,I551,Hôtel,2024-07,16474.0,545565.5968334747
6871,287,I551,Hôtel,2024-08,16474.0,506485.21811860515
6872,287,I551,Hôtel,2024-09,16474.0,518859.3083983608
6873,287,I551,Hôtel,2024-10,16474.0,505132.2639512908
6874,287,I551,Hôtel,2024-11,16474.0,480664.1809498731
6875,287,I551,Hôtel,2024-12,16474.0,454574.29763808264
6876,287,I553,Terrain de camping,2024-01,1061.0,10495.083893070307
6877,287,I553,Terrain de camping,2024-02,1061.0,10898.245243189725
6878,287,I553,Terrain de camping,2024-03,1061.0,13863.440262642189
6879,287,I553,Terrain de camping,2024-04,1061.0,12030.39655375525
6880,287,I553,Terrain de camping,2024-05,1061.0,14110.905029978916
6881,287,I553,Terrain de camping,2024-06,1061.0,15620.44011073295
6882,287,I553,Terrain de camping,2024-07,1061.0,15097.155238135498
6883,287,I553,Terrain de camping,2024-08,1061.0,14015.704084235847
6884,287,I553,Terrain de camping,2024-09,1061.0,14358.125899263156
6885,287,I553,Terrain de camping,2024-10,1061.0,13978.264481715858
6886,287,I553,Terrain de camping,2024-11,1061.0,13301.171846850282
6887,287,I553,Terrain de camping,2024-12,1061.0,12579.199968877985
6888,288,I551,Hôtel,2024-01,46.0,1059.0014136273678
6889,288,I551,Hôtel,2024-02,46.0,1099.6822165677127
6890,288,I551,Hôtel,2024-03,46.0,1398.8837998303648
6891,288,I551,Hôtel,2024-04,46.0,1213.921402318349
6892,288,I551,Hôtel,2024-05,46.0,1423.8541136556405
6893,288,I551,Hôtel,2024-06,46.0,1576.1730279898218
6894,288,I551,Hôtel,2024-07,46.0,1523.3712185467912
6895,288,I551,Hôtel,2024-08,46.0,1414.2479078217698
6896,288,I551,Hôtel,2024-09,46.0,1448.7998170647443
6897,288,I551,Hôtel,2024-10,46.0,1410.4700826611252
6898,288,I551,Hôtel,2024-11,46.0,1342.1483746324002
6899,288,I551,Hôtel,2024-12,46.0,1269.29814807283
6900,288,I553,Terrain de camping,2024-01,252.0,2492.706070738659
6901,288,I553,Terrain de camping,2024-02,252.0,2588.4616411723005
6902,288,I553,Terrain de camping,2024-03,252.0,3292.730392258088
6903,288,I553,Terrain de camping,2024-04,252.0,2857.360915689277
6904,288,I553,Terrain de camping,2024-05,252.0,3351.506189966717
6905,288,I553,Terrain de camping,2024-06,252.0,3710.0385559893534
6906,288,I553,Terrain de camping,2024-07,252.0,3585.752233751315
6907,288,I553,Terrain de camping,2024-08,252.0,3328.8948437581844
6908,288,I553,Terrain de camping,2024-09,252.0,3410.2240590144347
6909,288,I553,Terrain de camping,2024-10,252.0,3320.0024970710615
6910,288,I553,Terrain de camping,2024-11,252.0,3159.185019233055
6911,288,I553,Terrain de camping,2024-12,252.0,2987.7081924196536
6912,289,I551,Hôtel,2024-01,18.0,414.3918575063613
6913,289,I551,Hôtel,2024-02,18.0,430.3104325699746
6914,289,I551,Hôtel,2024-03,18.0,547.3893129770993
6915,289,I551,Hôtel,2024-04,18.0,475.0127226463104
6916,289,I551,Hôtel,2024-05,18.0,557.1603053435115
6917,289,I551,Hôtel,2024-06,18.0,616.763358778626
6918,289,I551,Hôtel,2024-07,18.0,596.1017811704835
6919,289,I551,Hôtel,2024-08,18.0,553.4013552346056
6920,289,I551,Hôtel,2024-09,18.0,566.9216675470739
6921,289,I551,Hôtel,2024-10,18.0,551.9230758239186
6922,289,I551,Hôtel,2024-11,18.0,525.188494421374
6923,289,I551,Hôtel,2024-12,18.0,496.68188402849876
6924,289,I553,Terrain de camping,2024-01,142.0,1404.6200874797205
6925,289,I553,Terrain de camping,2024-02,142.0,1458.5775914542326
6926,289,I553,Terrain de camping,2024-03,142.0,1855.427443256542
6927,289,I553,Terrain de camping,2024-04,142.0,1610.100198523323
6928,289,I553,Terrain de camping,2024-05,142.0,1888.5471387907692
6929,289,I553,Terrain de camping,2024-06,142.0,2090.577281549556
6930,289,I553,Terrain de camping,2024-07,142.0,2020.5429253678044
6931,289,I553,Terrain de camping,2024-08,142.0,1875.8058246573898
6932,289,I553,Terrain de camping,2024-09,142.0,1921.6341919843242
6933,289,I553,Terrain de camping,2024-10,142.0,1870.795057873376
6934,289,I553,Terrain de camping,2024-11,142.0,1780.1756854408484
6935,289,I553,Terrain de camping,2024-12,142.0,1683.5498544586937
6936,290,I551,Hôtel,2024-01,437.0,5192.514367816092
6937,290,I551,Hôtel,2024-02,437.0,5876.896551724138
6938,290,I551,Hôtel,2024-03,437.0,5525.287356321839
6939,290,I551,Hôtel,2024-04,437.0,6642.902298850575
6940,290,I551,Hôtel,2024-05,437.0,7741.681034482759
6941,290,I551,Hôtel,2024-06,437.0,8438.620689655172
6942,290,I551,Hôtel,2024-07,437.0,7697.729885057471
6943,290,I551,Hôtel,2024-08,437.0,6908.121607823276
6944,290,I551,Hôtel,2024-09,437.0,7716.786462389367
6945,290,I551,Hôtel,2024-10,437.0,6920.463533860632
6946,290,I551,Hôtel,2024-11,437.0,5534.454940102011
6947,290,I551,Hôtel,2024-12,437.0,4827.252744280172
6948,290,I553,Terrain de camping,2024-01,679.0,6256.649727115893
6949,290,I553,Terrain de camping,2024-02,679.0,7081.286752817989
6950,290,I553,Terrain de camping,2024-03,679.0,6657.620024016914
6951,290,I553,Terrain de camping,2024-04,679.0,8004.274983420332
6952,290,I553,Terrain de camping,2024-05,679.0,9328.233510923697
6953,290,I553,Terrain de camping,2024-06,679.0,10168.001491225832
6954,290,I553,Terrain de camping,2024-07,679.0,9275.275169823562
6955,290,I553,Terrain de camping,2024-08,679.0,8323.847390844952
6956,290,I553,Terrain de camping,2024-09,679.0,9298.237134089348
6957,290,I553,Terrain de camping,2024-10,679.0,8338.71862714857
6958,290,I553,Terrain de camping,2024-11,679.0,6668.666379692314
6959,290,I553,Terrain de camping,2024-12,679.0,5816.532690293308
6960,291,I551,Hôtel,2024-01,134.0,1592.212643678161
6961,291,I551,Hôtel,2024-02,134.0,1802.0689655172414
6962,291,I551,Hôtel,2024-03,134.0,1694.2528735632184
6963,291,I551,Hôtel,2024-04,134.0,2036.9540229885058
6964,291,I551,Hôtel,2024-05,134.0,2373.8793103448274
6965,291,I551,Hôtel,2024-06,134.0,2587.5862068965516
6966,291,I551,Hôtel,2024-07,134.0,2360.4022988505744
6967,291,I551,Hôtel,2024-08,134.0,2118.279852284483
6968,291,I551,Hôtel,2024-09,134.0,2366.2457344626437
6969,291,I551,Hôtel,2024-10,134.0,2122.0643330373564
6970,291,I551,Hôtel,2024-11,134.0,1697.06398620977
6971,291,I551,Hôtel,2024-12,134.0,1480.2102236465516
6972,291,I553,Terrain de camping,2024-01,435.0,4008.3102080933927
6973,291,I553,Terrain de camping,2024-02,435.0,4536.612279051289
6974,291,I553,Terrain de camping,2024-03,435.0,4265.191031586683
6975,291,I553,Terrain de camping,2024-04,435.0,5127.9228538848965
6976,291,I553,Terrain de camping,2024-05,435.0,5976.114252211794
6977,291,I553,Terrain de camping,2024-06,435.0,6514.1099391505695
6978,291,I553,Terrain de camping,2024-07,435.0,5942.186596278718
6979,291,I553,Terrain de camping,2024-08,435.0,5332.656281321877
6980,291,I553,Terrain de camping,2024-09,435.0,5956.897133032205
6981,291,I553,Terrain de camping,2024-10,435.0,5342.183509292529
6982,291,I553,Terrain de camping,2024-11,435.0,4272.267857387565
6983,291,I553,Terrain de camping,2024-12,435.0,3726.350103501604
6984,292,I551,Hôtel,2024-01,1134.0,18215.272988505745
6985,292,I551,Hôtel,2024-02,1134.0,19691.034482758623
6986,292,I551,Hôtel,2024-03,1134.0,22450.459770114943
6987,292,I551,Hôtel,2024-04,1134.0,23680.14367816092
6988,292,I551,Hôtel,2024-05,1134.0,30134.439655172413
6989,292,I551,Hôtel,2024-06,1134.0,30503.793103448275
6990,292,I551,Hôtel,2024-07,1134.0,31011.867816091955
6991,292,I551,Hôtel,2024-08,1134.0,31800.130181892244
6992,292,I551,Hôtel,2024-09,1134.0,25983.82508414799
6993,292,I551,Hôtel,2024-10,1134.0,25931.04769110201
6994,292,I551,Hôtel,2024-11,1134.0,20364.44695368822
6995,292,I551,Hôtel,2024-12,1134.0,26299.618623073275
6996,292,I553,Terrain de camping,2024-01,680.0,114243.62182582956
6997,292,I553,Terrain de camping,2024-02,680.0,123218.68385354138
6998,292,I553,Terrain de camping,2024-03,680.0,141737.05244839936
6999,292,I553,Terrain de camping,2024-04,680.0,148632.8993480688
7000,292,I553,Terrain de camping,2024-05,680.0,189902.24542554177
7001,292,I553,Terrain de camping,2024-06,680.0,191588.9632334978
7002,292,I553,Terrain de camping,2024-07,680.0,195718.39447792154
7003,292,I553,Terrain de camping,2024-08,680.0,201742.0066154931
7004,292,I553,Terrain de camping,2024-09,680.0,162637.16519082632
7005,292,I553,Terrain de camping,2024-10,680.0,163137.8273363999
7006,292,I553,Terrain de camping,2024-11,680.0,128011.11099693037
7007,292,I553,Terrain de camping,2024-12,680.0,167789.5295399435
7008,293,I551,Hôtel,2024-01,0.0,0.0
7009,293,I551,Hôtel,2024-02,0.0,0.0
7010,293,I551,Hôtel,2024-03,0.0,0.0
7011,293,I551,Hôtel,2024-04,0.0,0.0
7012,293,I551,Hôtel,2024-05,0.0,0.0
7013,293,I551,Hôtel,2024-06,0.0,0.0
7014,293,I551,Hôtel,2024-07,0.0,0.0
7015,293,I551,Hôtel,2024-08,0.0,0.0
7016,293,I551,Hôtel,2024-09,0.0,0.0
7017,293,I551,Hôtel,2024-10,0.0,0.0
7018,293,I551,Hôtel,2024-11,0.0,0.0
7019,293,I551,Hôtel,2024-12,0.0,0.0
7020,293,I553,Terrain de camping,2024-01,0.0,0.0
7021,293,I553,Terrain de camping,2024-02,0.0,0.0
7022,293,I553,Terrain de camping,2024-03,0.0,0.0
7023,293,I553,Terrain de camping,2024-04,0.0,0.0
7024,293,I553,Terrain de camping,2024-05,0.0,0.0
7025,293,I553,Terrain de camping,2024-06,0.0,0.0
7026,293,I553,Terrain de camping,2024-07,0.0,0.0
7027,293,I553,Terrain de camping,2024-08,0.0,0.0
7028,293,I553,Terrain de camping,2024-09,0.0,0.0
7029,293,I553,Terrain de camping,2024-10,0.0,0.0
7030,293,I553,Terrain de camping,2024-11,0.0,0.0
7031,293,I553,Terrain de camping,2024-12,0.0,0.0
7032,294,I551,Hôtel,2024-01,0.0,0.0
7033,294,I551,Hôtel,2024-02,0.0,0.0
7034,294,I551,Hôtel,2024-03,0.0,0.0
7035,294,I551,Hôtel,2024-04,0.0,0.0
7036,294,I551,Hôtel,2024-05,0.0,0.0
7037,294,I551,Hôtel,2024-06,0.0,0.0
7038,294,I551,Hôtel,2024-07,0.0,0.0
7039,294,I551,Hôtel,2024-08,0.0,0.0
7040,294,I551,Hôtel,2024-09,0.0,0.0
7041,294,I551,Hôtel,2024-10,0.0,0.0
7042,294,I551,Hôtel,2024-11,0.0,0.0
7043,294,I551,Hôtel,2024-12,0.0,0.0
7044,294,I553,Terrain de camping,2024-01,0.0,0.0
7045,294,I553,Terrain de camping,2024-02,0.0,0.0
7046,294,I553,Terrain de camping,2024-03,0.0,0.0
7047,294,I553,Terrain de camping,2024-04,0.0,0.0
7048,294,I553,Terrain de camping,2024-05,0.0,0.0
7049,294,I553,Terrain de camping,2024-06,0.0,0.0
7050,294,I553,Terrain de camping,2024-07,0.0,0.0
7051,294,I553,Terrain de camping,2024-08,0.0,0.0
7052,294,I553,Terrain de camping,2024-09,0.0,0.0
7053,294,I553,Terrain de camping,2024-10,0.0,0.0
7054,294,I553,Terrain de camping,2024-11,0.0,0.0
7055,294,I553,Terrain de camping,2024-12,0.0,0.0
7056,295,I551,Hôtel,2024-01,1848.0,28924.51795429815
7057,295,I551,Hôtel,2024-02,1848.0,33215.73884657236
7058,295,I551,Hôtel,2024-03,1848.0,39815.451577801956
7059,295,I551,Hôtel,2024-04,1848.0,39911.973884657236
7060,295,I551,Hôtel,2024-05,1848.0,52170.30685527748
7061,295,I551,Hôtel,2024-06,1848.0,55452.06528835691
7062,295,I551,Hôtel,2024-07,1848.0,66889.9586507073
7063,295,I551,Hôtel,2024-08,1848.0,67433.68933069162
7064,295,I551,Hôtel,2024-09,1848.0,53245.393509754074
7065,295,I551,Hôtel,2024-10,1848.0,42754.148225539066
7066,295,I551,Hôtel,2024-11,1848.0,33268.836392957564
7067,295,I551,Hôtel,2024-12,1848.0,32496.044445550382
7068,295,I553,Terrain de camping,2024-01,1434.0,10718.120896943385
7069,295,I553,Terrain de camping,2024-02,1434.0,12308.253682960985
7070,295,I553,Terrain de camping,2024-03,1434.0,14753.809354802486
7071,295,I553,Terrain de camping,2024-04,1434.0,14789.576165359584
7072,295,I553,Terrain de camping,2024-05,1434.0,19331.961106110895
7073,295,I553,Terrain de camping,2024-06,1434.0,20548.032665052193
7074,295,I553,Terrain de camping,2024-07,1434.0,24786.399716068176
7075,295,I553,Terrain de camping,2024-08,1434.0,24987.88176574857
7076,295,I553,Terrain de camping,2024-09,1434.0,19730.33969812675
7077,295,I553,Terrain de camping,2024-10,1434.0,15842.757699582353
7078,295,I553,Terrain de camping,2024-11,1434.0,12327.92923718757
7079,295,I553,Terrain de camping,2024-12,1434.0,12041.567420075122
7080,296,I551,Hôtel,2024-01,1278.0,20002.99455930359
7081,296,I551,Hôtel,2024-02,1278.0,22970.62459194777
7082,296,I551,Hôtel,2024-03,1278.0,27534.711643090315
7083,296,I551,Hôtel,2024-04,1278.0,27601.46245919478
7084,296,I551,Hôtel,2024-05,1278.0,36078.81610446137
7085,296,I551,Hôtel,2024-06,1278.0,38348.34385201306
7086,296,I551,Hôtel,2024-07,1278.0,46258.31556039173
7087,296,I551,Hôtel,2024-08,1278.0,46634.33710206921
7088,296,I551,Hôtel,2024-09,1278.0,36822.30135577149
7089,296,I551,Hôtel,2024-10,1278.0,29566.992117012403
7090,296,I551,Hôtel,2024-11,1278.0,23007.344648376496
7091,296,I551,Hôtel,2024-12,1278.0,22472.913853578673
7092,296,I553,Terrain de camping,2024-01,957.0,7152.888213650502
7093,296,I553,Terrain de camping,2024-02,957.0,8214.085616871453
7094,296,I553,Terrain de camping,2024-03,957.0,9846.161473184087
7095,296,I553,Terrain de camping,2024-04,957.0,9870.03095554332
7096,296,I553,Terrain de camping,2024-05,957.0,12901.455215166057
7097,296,I553,Terrain de camping,2024-06,957.0,13713.017615380018
7098,296,I553,Terrain de camping,2024-07,957.0,16541.551274949266
7099,296,I553,Terrain de camping,2024-08,957.0,16676.013144924254
7100,296,I553,Terrain de camping,2024-09,957.0,13167.318752515552
7101,296,I553,Terrain de camping,2024-10,957.0,10572.886414574834
7102,296,I553,Terrain de camping,2024-11,957.0,8227.216373771622
7103,296,I553,Terrain de camping,2024-12,957.0,8036.108801263522
7104,297,I551,Hôtel,2024-01,10.0,156.51795429815016
7105,297,I551,Hôtel,2024-02,10.0,179.73884657236127
7106,297,I551,Hôtel,2024-03,10.0,215.45157780195865
7107,297,I551,Hôtel,2024-04,10.0,215.9738846572361
7108,297,I551,Hôtel,2024-05,10.0,282.3068552774755
7109,297,I551,Hôtel,2024-06,10.0,300.06528835690966
7110,297,I551,Hôtel,2024-07,10.0,361.95865070729053
7111,297,I551,Hôtel,2024-08,10.0,364.9009162916213
7112,297,I551,Hôtel,2024-09,10.0,288.1244237540805
7113,297,I551,Hôtel,2024-10,10.0,231.35361593906418
7114,297,I551,Hôtel,2024-11,10.0,180.02617095756256
7115,297,I551,Hôtel,2024-12,10.0,175.84439635038086
7116,297,I553,Terrain de camping,2024-01,74.0,553.0968942634662
7117,297,I553,Terrain de camping,2024-02,74.0,635.153955745546
7118,297,I553,Terrain de camping,2024-03,74.0,761.35417869971
7119,297,I553,Terrain de camping,2024-04,74.0,763.199885799588
7120,297,I553,Terrain de camping,2024-05,74.0,997.6046874841048
7121,297,I553,Terrain de camping,2024-06,74.0,1060.3587288799597
7122,297,I553,Terrain de camping,2024-07,74.0,1279.0750202155125
7123,297,I553,Terrain de camping,2024-08,74.0,1289.4722807987407
7124,297,I553,Terrain de camping,2024-09,74.0,1018.162578564421
7125,297,I553,Terrain de camping,2024-10,74.0,817.5481658082944
7126,297,I553,Terrain de camping,2024-11,74.0,636.1692911798327
7127,297,I553,Terrain de camping,2024-12,74.0,621.3919031280049
7128,298,I551,Hôtel,2024-01,438.0,6855.486398258978
7129,298,I551,Hôtel,2024-02,438.0,7872.561479869424
7130,298,I551,Hôtel,2024-03,438.0,9436.77910772579
7131,298,I551,Hôtel,2024-04,438.0,9459.656147986942
7132,298,I551,Hôtel,2024-05,438.0,12365.040261153426
7133,298,I551,Hôtel,2024-06,438.0,13142.859630032644
7134,298,I551,Hôtel,2024-07,438.0,15853.788900979325
7135,298,I551,Hôtel,2024-08,438.0,15982.660133573012
7136,298,I551,Hôtel,2024-09,438.0,12619.849760428726
7137,298,I551,Hôtel,2024-10,438.0,10133.288378131012
7138,298,I551,Hôtel,2024-11,438.0,7885.14628794124
7139,298,I551,Hôtel,2024-12,438.0,7701.984560146682
7140,298,I553,Terrain de camping,2024-01,81.0,605.416870747848
7141,298,I553,Terrain de camping,2024-02,81.0,695.236086694449
7142,298,I553,Terrain de camping,2024-03,81.0,833.3741685767095
7143,298,I553,Terrain de camping,2024-04,81.0,835.394469591441
7144,298,I553,Terrain de camping,2024-05,81.0,1091.972698462331
7145,298,I553,Terrain de camping,2024-06,81.0,1160.6629329631992
7146,298,I553,Terrain de camping,2024-07,81.0,1400.0686032088718
7147,298,I553,Terrain de camping,2024-08,81.0,1411.4493884418648
7148,298,I553,Terrain de camping,2024-09,81.0,1114.4752549151094
7149,298,I553,Terrain de camping,2024-10,81.0,894.8838031144843
7150,298,I553,Terrain de camping,2024-11,81.0,696.3474673725196
7151,298,I553,Terrain de camping,2024-12,81.0,680.1722182887621
7152,299,I551,Hôtel,2024-01,205.0,3208.6180631120783
7153,299,I551,Hôtel,2024-02,205.0,3684.646354733406
7154,299,I551,Hôtel,2024-03,205.0,4416.7573449401525
7155,299,I551,Hôtel,2024-04,205.0,4427.46463547334
7156,299,I551,Hôtel,2024-05,205.0,5787.290533188248
7157,299,I551,Hôtel,2024-06,205.0,6151.3384113166485
7158,299,I551,Hôtel,2024-07,205.0,7420.1523394994565
7159,299,I551,Hôtel,2024-08,205.0,7480.468783978237
7160,299,I551,Hôtel,2024-09,205.0,5906.550686958651
7161,299,I551,Hôtel,2024-10,205.0,4742.749126750816
7162,299,I551,Hôtel,2024-11,205.0,3690.536504630033
7163,299,I551,Hôtel,2024-12,205.0,3604.8101251828075
7164,299,I553,Terrain de camping,2024-01,275.0,2055.427647600719
7165,299,I553,Terrain de camping,2024-02,275.0,2360.369430135475
7166,299,I553,Terrain de camping,2024-03,275.0,2829.356745167841
7167,299,I553,Terrain de camping,2024-04,275.0,2836.215791822793
7168,299,I553,Terrain de camping,2024-05,275.0,3707.314717001741
7169,299,I553,Terrain de camping,2024-06,275.0,3940.5223032701206
7170,299,I553,Terrain de camping,2024-07,275.0,4753.319331881973
7171,299,I553,Terrain de camping,2024-08,275.0,4791.957800265591
7172,299,I553,Terrain de camping,2024-09,275.0,3783.712285205618
7173,299,I553,Terrain de camping,2024-10,275.0,3038.1857513146074
7174,299,I553,Terrain de camping,2024-11,275.0,2364.1426361412705
7175,299,I553,Terrain de camping,2024-12,275.0,2309.2266670297477
7176,300,I551,Hôtel,2024-01,19.0,297.3841131664853
7177,300,I551,Hôtel,2024-02,19.0,341.5038084874864
7178,300,I551,Hôtel,2024-03,19.0,409.35799782372146
7179,300,I551,Hôtel,2024-04,19.0,410.3503808487486
7180,300,I551,Hôtel,2024-05,19.0,536.3830250272035
7181,300,I551,Hôtel,2024-06,19.0,570.1240478781284
7182,300,I551,Hôtel,2024-07,19.0,687.721436343852
7183,300,I551,Hôtel,2024-08,19.0,693.3117409540805
7184,300,I551,Hôtel,2024-09,19.0,547.436405132753
7185,300,I551,Hôtel,2024-10,19.0,439.571870284222
7186,300,I551,Hôtel,2024-11,19.0,342.0497248193689
7187,300,I551,Hôtel,2024-12,19.0,334.1043530657236
7188,300,I553,Terrain de camping,2024-01,0.0,0.0
7189,300,I553,Terrain de camping,2024-02,0.0,0.0
7190,300,I553,Terrain de camping,2024-03,0.0,0.0
7191,300,I553,Terrain de camping,2024-04,0.0,0.0
7192,300,I553,Terrain de camping,2024-05,0.0,0.0
7193,300,I553,Terrain de camping,2024-06,0.0,0.0
7194,300,I553,Terrain de camping,2024-07,0.0,0.0
7195,300,I553,Terrain de camping,2024-08,0.0,0.0
7196,300,I553,Terrain de camping,2024-09,0.0,0.0
7197,300,I553,Terrain de camping,2024-10,0.0,0.0
7198,300,I553,Terrain de camping,2024-11,0.0,0.0
7199,300,I553,Terrain de camping,2024-12,0.0,0.0
7200,301,I551,Hôtel,2024-01,2764.0,39364.09504253447
7201,301,I551,Hôtel,2024-02,2764.0,40831.63391023761
7202,301,I551,Hôtel,2024-03,2764.0,50163.883836902314
7203,301,I551,Hôtel,2024-04,2764.0,56763.75476679378
7204,301,I551,Hôtel,2024-05,2764.0,64968.99970665884
7205,301,I551,Hôtel,2024-06,2764.0,76701.20269873863
7206,301,I551,Hôtel,2024-07,2764.0,70060.79202112056
7207,301,I551,Hôtel,2024-08,2764.0,65080.15009835612
7208,301,I551,Hôtel,2024-09,2764.0,66498.6191681232
7209,301,I551,Hôtel,2024-10,2764.0,55177.840623010845
7210,301,I551,Hôtel,2024-11,2764.0,48555.70275750073
7211,301,I551,Hôtel,2024-12,2764.0,38404.22896384629
7212,301,I553,Terrain de camping,2024-01,1496.0,10354.852621901538
7213,301,I553,Terrain de camping,2024-02,1496.0,10740.89347145132
7214,301,I553,Terrain de camping,2024-03,1496.0,13195.772023008203
7215,301,I553,Terrain de camping,2024-04,1496.0,14931.88943479561
7216,301,I553,Terrain de camping,2024-05,1496.0,17090.30567647725
7217,301,I553,Terrain de camping,2024-06,1496.0,20176.49965050228
7218,301,I553,Terrain de camping,2024-07,1496.0,18429.71812684886
7219,301,I553,Terrain de camping,2024-08,1496.0,17119.5441468053
7220,301,I553,Terrain de camping,2024-09,1496.0,17492.67702716983
7221,301,I553,Terrain de camping,2024-10,1496.0,14514.709585694114
7222,301,I553,Terrain de camping,2024-11,1496.0,12772.734784414497
7223,301,I553,Terrain de camping,2024-12,1496.0,10102.356742831058
7224,302,I551,Hôtel,2024-01,247.0,3517.7031387503666
7225,302,I551,Hôtel,2024-02,247.0,3648.847169257847
7226,302,I551,Hôtel,2024-03,247.0,4482.807274860663
7227,302,I551,Hôtel,2024-04,247.0,5072.593135816955
7228,302,I551,Hôtel,2024-05,247.0,5805.840422411265
7229,302,I551,Hôtel,2024-06,247.0,6854.268113816368
7230,302,I551,Hôtel,2024-07,247.0,6260.859489586389
7231,302,I551,Hôtel,2024-08,247.0,5815.773181727192
7232,302,I551,Hôtel,2024-09,247.0,5942.532176022587
7233,302,I551,Hôtel,2024-10,247.0,4930.87070690437
7234,302,I551,Hôtel,2024-11,247.0,4339.095000398944
7235,302,I551,Hôtel,2024-12,247.0,3431.9263943813435
7236,302,I553,Terrain de camping,2024-01,512.0,3543.906779688227
7237,302,I553,Terrain de camping,2024-02,512.0,3676.0277121544623
7238,302,I553,Terrain de camping,2024-03,512.0,4516.200050655214
7239,302,I553,Terrain de camping,2024-04,512.0,5110.379271801707
7240,302,I553,Terrain de camping,2024-05,512.0,5849.088573767614
7241,302,I553,Terrain de camping,2024-06,512.0,6905.326083594363
7242,302,I553,Terrain de camping,2024-07,512.0,6307.497112932229
7243,302,I553,Terrain de camping,2024-08,512.0,5859.0953229707975
7244,302,I553,Terrain de camping,2024-09,512.0,5986.79855475331
7245,302,I553,Terrain de camping,2024-10,512.0,4967.6011416279325
7246,302,I553,Terrain de camping,2024-11,512.0,4371.417252419935
7247,302,I553,Terrain de camping,2024-12,512.0,3457.4910777603623
7248,303,I551,Hôtel,2024-01,2954.0,111648.79586630911
7249,303,I551,Hôtel,2024-02,2954.0,129176.88010988291
7250,303,I551,Hôtel,2024-03,2954.0,119357.90699195501
7251,303,I551,Hôtel,2024-04,2954.0,44641.35653083916
7252,303,I551,Hôtel,2024-05,2954.0,24885.551703839366
7253,303,I551,Hôtel,2024-06,2954.0,29626.944862319313
7254,303,I551,Hôtel,2024-07,2954.0,44907.98744195173
7255,303,I551,Hôtel,2024-08,2954.0,61705.71908763425
7256,303,I551,Hôtel,2024-09,2954.0,31137.108687084306
7257,303,I551,Hôtel,2024-10,2954.0,21780.7402484326
7258,303,I551,Hôtel,2024-11,2954.0,21018.57144003532
7259,303,I551,Hôtel,2024-12,2954.0,84433.7406663332
7260,303,I553,Terrain de camping,2024-01,2776.0,55286.41981278045
7261,303,I553,Terrain de camping,2024-02,2776.0,63966.00311222225
7262,303,I553,Terrain de camping,2024-03,2776.0,59103.8291342942
7263,303,I553,Terrain de camping,2024-04,2776.0,22105.57452971814
7264,303,I553,Terrain de camping,2024-05,2776.0,12322.865178219847
7265,303,I553,Terrain de camping,2024-06,2776.0,14670.715422579437
7266,303,I553,Terrain de camping,2024-07,2776.0,22237.605228056207
7267,303,I553,Terrain de camping,2024-08,2776.0,30555.531422062468
7268,303,I553,Terrain de camping,2024-09,2776.0,15418.520632247857
7269,303,I553,Terrain de camping,2024-10,2776.0,10785.419939950638
7270,303,I553,Terrain de camping,2024-11,2776.0,10408.008035215766
7271,303,I553,Terrain de camping,2024-12,2776.0,41810.02756565283
7272,304,I551,Hôtel,2024-01,10487.0,396364.56406566815
7273,304,I551,Hôtel,2024-02,10487.0,458591.0432336974
7274,304,I551,Hôtel,2024-03,10487.0,423732.69147753285
7275,304,I551,Hôtel,2024-04,10487.0,158481.34933612403
7276,304,I551,Hôtel,2024-05,10487.0,88346.23585584409
7277,304,I551,Hôtel,2024-06,10487.0,105178.66309111126
7278,304,I551,Hôtel,2024-07,10487.0,159427.9161488652
7279,304,I551,Hôtel,2024-08,10487.0,219061.56942180786
7280,304,I551,Hôtel,2024-09,10487.0,110539.89803705252
7281,304,I551,Hôtel,2024-10,10487.0,77323.83987315933
7282,304,I551,Hôtel,2024-11,10487.0,74618.06319961084
7283,304,I551,Hôtel,2024-12,10487.0,299748.3542206622
7284,304,I553,Terrain de camping,2024-01,1890.0,37640.97026158323
7285,304,I553,Terrain de camping,2024-02,1890.0,43550.34073562682
7286,304,I553,Terrain de camping,2024-03,1890.0,40239.99894229684
7287,304,I553,Terrain de camping,2024-04,1890.0,15050.265079671211
7288,304,I553,Terrain de camping,2024-05,1890.0,8389.84696932115
7289,304,I553,Terrain de camping,2024-06,1890.0,9988.347315805166
7290,304,I553,Terrain de camping,2024-07,1890.0,15140.156297199652
7291,304,I553,Terrain de camping,2024-08,1890.0,20803.297690092964
7292,304,I553,Terrain de camping,2024-09,1890.0,10497.479825269615
7293,304,I553,Terrain de camping,2024-10,1890.0,7343.099310701263
7294,304,I553,Terrain de camping,2024-11,1890.0,7086.14379919229
7295,304,I553,Terrain de camping,2024-12,1890.0,28465.760842609452
7296,305,I551,Hôtel,2024-01,4740.0,142882.10775786245
7297,305,I551,Hôtel,2024-02,4740.0,171427.86727405863
7298,305,I551,Hôtel,2024-03,4740.0,147271.5927466568
7299,305,I551,Hôtel,2024-04,4740.0,86956.38419609361
7300,305,I551,Hôtel,2024-05,4740.0,104139.06728343846
7301,305,I551,Hôtel,2024-06,4740.0,128522.46674430941
7302,305,I551,Hôtel,2024-07,4740.0,174915.00698803226
7303,305,I551,Hôtel,2024-08,4740.0,212588.1028614009
7304,305,I551,Hôtel,2024-09,4740.0,119024.09259468783
7305,305,I551,Hôtel,2024-10,4740.0,86076.4323748384
7306,305,I551,Hôtel,2024-11,4740.0,68394.68684105542
7307,305,I551,Hôtel,2024-12,4740.0,127161.72555944031
7308,305,I553,Terrain de camping,2024-01,5082.0,82692.06625703422
7309,305,I553,Terrain de camping,2024-02,5082.0,98942.0120753536
7310,305,I553,Terrain de camping,2024-03,5082.0,85474.92267602513
7311,305,I553,Terrain de camping,2024-04,5082.0,49004.782695145856
7312,305,I553,Terrain de camping,2024-05,5082.0,57068.913348761125
7313,305,I553,Terrain de camping,2024-06,5082.0,70369.67999706302
7314,305,I553,Terrain de camping,2024-07,5082.0,96030.80166232235
7315,305,I553,Terrain de camping,2024-08,5082.0,117117.61592425876
7316,305,I553,Terrain de camping,2024-09,5082.0,65378.691212988124
7317,305,I553,Terrain de camping,2024-10,5082.0,47239.11611579044
7318,305,I553,Terrain de camping,2024-11,5082.0,37745.63366385766
7319,305,I553,Terrain de camping,2024-12,5082.0,72747.9536100104
7320,306,I551,Hôtel,2024-01,1634.0,61758.33867486428
7321,306,I551,Hôtel,2024-02,1634.0,71453.96821244032
7322,306,I551,Hôtel,2024-03,1634.0,66022.62018444634
7323,306,I551,Hôtel,2024-04,1634.0,24693.28929295572
7324,306,I551,Hôtel,2024-05,1634.0,13765.399960756102
7325,306,I551,Hôtel,2024-06,1634.0,16388.09340048401
7326,306,I551,Hôtel,2024-07,1634.0,24840.77572110668
7327,306,I551,Hôtel,2024-08,1634.0,34132.41198009288
7328,306,I551,Hôtel,2024-09,1634.0,17223.43791289633
7329,306,I551,Hôtel,2024-10,1634.0,12047.978864569692
7330,306,I551,Hôtel,2024-11,1634.0,11626.386504068285
7331,306,I551,Hôtel,2024-12,1634.0,46704.37787704416
7332,306,I553,Terrain de camping,2024-01,1635.0,32562.426654861683
7333,306,I553,Terrain de camping,2024-02,1635.0,37674.50111256606
7334,306,I553,Terrain de camping,2024-03,1635.0,34810.79273579648
7335,306,I553,Terrain de camping,2024-04,1635.0,13019.673759398112
7336,306,I553,Terrain de camping,2024-05,1635.0,7257.883489333376
7337,306,I553,Terrain de camping,2024-06,1635.0,8640.71315414891
7338,306,I553,Terrain de camping,2024-07,1635.0,13097.436796783824
7339,306,I553,Terrain de camping,2024-08,1635.0,17996.503557302643
7340,306,I553,Terrain de camping,2024-09,1635.0,9081.153182177683
7341,306,I553,Terrain de camping,2024-10,1635.0,6352.363689416172
7342,306,I553,Terrain de camping,2024-11,1635.0,6130.076778666346
7343,306,I553,Terrain de camping,2024-12,1635.0,24625.14231622564
7344,307,I551,Hôtel,2024-01,18.0,680.3244162469749
7345,307,I551,Hôtel,2024-02,18.0,787.1306167833083
7346,307,I551,Hôtel,2024-03,18.0,727.2993655569363
7347,307,I551,Hôtel,2024-04,18.0,272.01909869841063
7348,307,I551,Hôtel,2024-05,18.0,151.63843286022635
7349,307,I551,Hôtel,2024-06,18.0,180.52979266139053
7350,307,I551,Hôtel,2024-07,18.0,273.64379619334164
7351,307,I551,Hôtel,2024-08,18.0,375.9996423755641
7352,307,I551,Hôtel,2024-09,18.0,189.73187419347244
7353,307,I551,Hôtel,2024-10,18.0,132.71947341631238
7354,307,I551,Hôtel,2024-11,18.0,128.07524912682322
7355,307,I551,Hôtel,2024-12,18.0,514.4913107630323
7356,307,I553,Terrain de camping,2024-01,164.0,3266.2005941267985
7357,307,I553,Terrain de camping,2024-02,164.0,3778.97136541947
7358,307,I553,Terrain de camping,2024-03,164.0,3491.724775945335
7359,307,I553,Terrain de camping,2024-04,164.0,1305.9489275481899
7360,307,I553,Terrain de camping,2024-05,164.0,728.0078851686078
7361,307,I553,Terrain de camping,2024-06,164.0,866.7137353397075
7362,307,I553,Terrain de camping,2024-07,164.0,1313.749012032139
7363,307,I553,Terrain de camping,2024-08,164.0,1805.153873637696
7364,307,I553,Terrain de camping,2024-09,164.0,910.8924292826546
7365,307,I553,Terrain de camping,2024-10,164.0,637.1789878068821
7366,307,I553,Terrain de camping,2024-11,164.0,614.8823190833522
7367,307,I553,Terrain de camping,2024-12,164.0,2470.044856184101
7368,308,I551,Hôtel,2024-01,52.0,1965.3816469357052
7369,308,I551,Hôtel,2024-02,52.0,2273.932892929557
7370,308,I551,Hôtel,2024-03,52.0,2101.0870560533717
7371,308,I551,Hôtel,2024-04,52.0,785.8329517954085
7372,308,I551,Hôtel,2024-05,52.0,438.0665838184317
7373,308,I551,Hôtel,2024-06,52.0,521.5305121329061
7374,308,I551,Hôtel,2024-07,52.0,790.5265223363202
7375,308,I551,Hôtel,2024-08,52.0,1086.221189084963
7376,308,I551,Hôtel,2024-09,52.0,548.114303225587
7377,308,I551,Hôtel,2024-10,52.0,383.4118120915691
7378,308,I551,Hôtel,2024-11,52.0,369.995164144156
7379,308,I551,Hôtel,2024-12,52.0,1486.3082310932043
7380,308,I553,Terrain de camping,2024-01,513.0,10216.834785286876
7381,308,I553,Terrain de camping,2024-02,513.0,11820.806771098709
7382,308,I553,Terrain de camping,2024-03,513.0,10922.285427194858
7383,308,I553,Terrain de camping,2024-04,513.0,4085.071950196472
7384,308,I553,Terrain de camping,2024-05,513.0,2277.244177387169
7385,308,I553,Terrain de camping,2024-06,513.0,2711.1228428614018
7386,308,I553,Terrain de camping,2024-07,513.0,4109.470994954191
7387,308,I553,Terrain de camping,2024-08,513.0,5646.609373025232
7388,308,I553,Terrain de camping,2024-09,513.0,2849.315952573181
7389,308,I553,Terrain de camping,2024-10,513.0,1993.1269557617713
7390,308,I553,Terrain de camping,2024-11,513.0,1923.381888352193
7391,308,I553,Terrain de camping,2024-12,513.0,7726.4208001368515
7392,309,I551,Hôtel,2024-01,4589.0,139074.57862491134
7393,309,I551,Hôtel,2024-02,4589.0,166702.34870035958
7394,309,I551,Hôtel,2024-03,4589.0,143487.97827643921
7395,309,I551,Hôtel,2024-04,4589.0,83871.81728144814
7396,309,I551,Hôtel,2024-05,4589.0,99504.12237988597
7397,309,I551,Hôtel,2024-06,4589.0,122766.54870732
7398,309,I551,Hôtel,2024-07,4589.0,167232.3950413311
7399,309,I551,Hôtel,2024-08,4589.0,203485.41219427195
7400,309,I551,Hôtel,2024-09,4589.0,113815.37127564501
7401,309,I551,Hôtel,2024-10,4589.0,82285.29377122526
7402,309,I551,Hôtel,2024-11,4589.0,65504.53426790224
7403,309,I551,Hôtel,2024-12,4589.0,123281.52589308633
7404,309,I553,Terrain de camping,2024-01,2215.0,35459.085947902364
7405,309,I553,Terrain de camping,2024-02,2215.0,42552.98848416015
7406,309,I553,Terrain de camping,2024-03,2215.0,36539.74238675906
7407,309,I553,Terrain de camping,2024-04,2215.0,21627.279343872986
7408,309,I553,Terrain de camping,2024-05,2215.0,25958.84229934547
7409,309,I553,Terrain de camping,2024-06,2215.0,32039.117397089154
7410,309,I553,Terrain de camping,2024-07,2215.0,43594.91705615225
7411,309,I553,Terrain de camping,2024-08,2215.0,52969.90705303781
7412,309,I553,Terrain de camping,2024-09,2215.0,29663.778722954074
7413,309,I553,Terrain de camping,2024-10,2215.0,21453.894105161948
7414,309,I553,Terrain de camping,2024-11,2215.0,17039.32165477735
7415,309,I553,Terrain de camping,2024-12,2215.0,31588.05257341159
7416,310,I551,Hôtel,2024-01,3811.0,114730.01644008853
7417,310,I551,Hôtel,2024-02,3811.0,137682.76699336074
7418,310,I551,Hôtel,2024-03,3811.0,118226.54568447676
7419,310,I551,Hôtel,2024-04,3811.0,69976.36990199178
7420,310,I551,Hôtel,2024-05,3811.0,83991.40373063547
7421,310,I551,Hôtel,2024-06,3811.0,103664.50142269996
7422,310,I551,Hôtel,2024-07,3811.0,141053.98988302244
7423,310,I551,Hôtel,2024-08,3811.0,171387.33682965953
7424,310,I551,Hôtel,2024-09,3811.0,95978.94952960564
7425,310,I551,Hôtel,2024-10,3811.0,69415.37147927404
7426,310,I551,Hôtel,2024-11,3811.0,55131.75541108972
7427,310,I551,Hôtel,2024-12,3811.0,102205.05391432071
7428,310,I553,Terrain de camping,2024-01,2056.0,32913.71589566016
7429,310,I553,Terrain de camping,2024-02,2056.0,39498.39472841231
7430,310,I553,Terrain de camping,2024-03,2056.0,33916.79925380435
7431,310,I553,Terrain de camping,2024-04,2056.0,20074.80195530603
7432,310,I553,Terrain de camping,2024-05,2056.0,24095.431046254755
7433,310,I553,Terrain de camping,2024-06,2056.0,29739.243958652503
7434,310,I553,Terrain de camping,2024-07,2056.0,40465.530233611295
7435,310,I553,Terrain de camping,2024-08,2056.0,49167.55255126219
7436,310,I553,Terrain de camping,2024-09,2056.0,27534.414922976783
7437,310,I553,Terrain de camping,2024-10,2056.0,19913.86288045732
7438,310,I553,Terrain de camping,2024-11,2056.0,15816.182989716583
7439,310,I553,Terrain de camping,2024-12,2056.0,29320.55805459785
7440,311,I551,Hôtel,2024-01,2040.0,61414.12582990831
7441,311,I551,Hôtel,2024-02,2040.0,73700.56275687639
7442,311,I551,Hôtel,2024-03,2040.0,63285.79196964907
7443,311,I551,Hôtel,2024-04,2040.0,37457.83117293708
7444,311,I551,Hôtel,2024-05,2040.0,44959.97470755612
7445,311,I551,Hôtel,2024-06,2040.0,55490.83781220361
7446,311,I551,Hôtel,2024-07,2040.0,75505.15333544103
7447,311,I551,Hôtel,2024-08,2040.0,91742.36870440973
7448,311,I551,Hôtel,2024-09,2040.0,51376.81895575846
7449,311,I551,Hôtel,2024-10,2040.0,37157.53288315902
7450,311,I551,Hôtel,2024-11,2040.0,29511.61927017135
7451,311,I551,Hôtel,2024-12,2040.0,54709.60639863927
7452,311,I553,Terrain de camping,2024-01,1151.0,18425.917799564613
7453,311,I553,Terrain de camping,2024-02,1151.0,22112.18498657713
7454,311,I553,Terrain de camping,2024-03,1151.0,18987.46884296148
7455,311,I553,Terrain de camping,2024-04,1151.0,11238.374051827452
7456,311,I553,Terrain de camping,2024-05,1151.0,13489.222341556042
7457,311,I553,Terrain de camping,2024-06,1151.0,16648.769356230074
7458,311,I553,Terrain de camping,2024-07,1151.0,22653.61152669582
7459,311,I553,Terrain de camping,2024-08,1151.0,27525.2203241745
7460,311,I553,Terrain de camping,2024-09,1151.0,15414.451155810446
7461,311,I553,Terrain de camping,2024-10,1151.0,11148.276349905824
7462,311,I553,Terrain de camping,2024-11,1151.0,8854.293103678885
7463,311,I553,Terrain de camping,2024-12,1151.0,16414.378560720877
7464,312,I551,Hôtel,2024-01,779.0,23451.766677205185
7465,312,I551,Hôtel,2024-02,779.0,28143.499209611127
7466,312,I551,Hôtel,2024-03,779.0,24166.48624723364
7467,312,I551,Hôtel,2024-04,779.0,14303.750237116661
7468,312,I551,Hôtel,2024-05,779.0,17168.53936136579
7469,312,I551,Hôtel,2024-06,779.0,21189.88365475814
7470,312,I551,Hôtel,2024-07,779.0,28832.605121719887
7471,312,I551,Hôtel,2024-08,779.0,35032.99275526234
7472,312,I551,Hôtel,2024-09,779.0,19618.893120850902
7473,312,I551,Hôtel,2024-10,779.0,14189.077507833765
7474,312,I551,Hôtel,2024-11,779.0,11269.387946795825
7475,312,I551,Hôtel,2024-12,779.0,20891.560482617642
7476,312,I553,Terrain de camping,2024-01,743.0,11894.402193811042
7477,312,I553,Terrain de camping,2024-02,743.0,14273.982141639275
7478,312,I553,Terrain de camping,2024-03,743.0,12256.897784813536
7479,312,I553,Terrain de camping,2024-04,743.0,7254.658488712247
7480,312,I553,Terrain de camping,2024-05,743.0,8707.638748719495
7481,312,I553,Terrain de camping,2024-06,743.0,10747.207325524714
7482,312,I553,Terrain de camping,2024-07,743.0,14623.486849986963
7483,312,I553,Terrain de camping,2024-08,743.0,17768.235187542705
7484,312,I553,Terrain de camping,2024-09,743.0,9950.423291717776
7485,312,I553,Terrain de camping,2024-10,743.0,7196.498112927912
7486,312,I553,Terrain de camping,2024-11,743.0,5715.6731329569175
7487,312,I553,Terrain de camping,2024-12,743.0,10595.90205961391
7488,313,I551,Hôtel,2024-01,119842.0,3480116.742058392
7489,313,I551,Hôtel,2024-02,119842.0,3372076.098417729
7490,313,I551,Hôtel,2024-03,119842.0,4239681.619208624
7491,313,I551,Hôtel,2024-04,119842.0,4193358.777105868
7492,313,I551,Hôtel,2024-05,119842.0,4530464.025533506
7493,313,I551,Hôtel,2024-06,119842.0,4235202.915268275
7494,313,I551,Hôtel,2024-07,119842.0,3958332.827189071
7495,313,I551,Hôtel,2024-08,119842.0,4069301.934610978
7496,313,I551,Hôtel,2024-09,119842.0,4379673.820213649
7497,313,I551,Hôtel,2024-10,119842.0,4708825.887722465
7498,313,I551,Hôtel,2024-11,119842.0,4085283.309728657
7499,313,I551,Hôtel,2024-12,119842.0,4371778.620671865
7500,313,I553,Terrain de camping,2024-01,981.0,415614.99965453334
7501,313,I553,Terrain de camping,2024-02,981.0,380640.74536271166
7502,313,I553,Terrain de camping,2024-03,981.0,494691.15046356595
7503,313,I553,Terrain de camping,2024-04,981.0,481055.8151620467
7504,313,I553,Terrain de camping,2024-05,981.0,531473.5050405854
7505,313,I553,Terrain de camping,2024-06,981.0,496485.8545452208
7506,313,I553,Terrain de camping,2024-07,981.0,481245.7806859599
7507,313,I553,Terrain de camping,2024-08,981.0,481565.1150915454
7508,313,I553,Terrain de camping,2024-09,981.0,550402.626606097
7509,313,I553,Terrain de camping,2024-10,981.0,563640.1296179661
7510,313,I553,Terrain de camping,2024-11,981.0,461996.04377056385
7511,313,I553,Terrain de camping,2024-12,981.0,471710.2956745011
7512,314,I551,Hôtel,2024-01,243.0,3566.603773584906
7513,314,I551,Hôtel,2024-02,243.0,3952.0754716981132
7514,314,I551,Hôtel,2024-03,243.0,4995.0
7515,314,I551,Hôtel,2024-04,243.0,5422.924528301887
7516,314,I551,Hôtel,2024-05,243.0,7021.981132075472
7517,314,I551,Hôtel,2024-06,243.0,6994.528301886792
7518,314,I551,Hôtel,2024-07,243.0,7485.8490566037735
7519,314,I551,Hôtel,2024-08,243.0,9143.332127349055
7520,314,I551,Hôtel,2024-09,243.0,6695.011487943396
7521,314,I551,Hôtel,2024-10,243.0,5775.226805886792
7522,314,I551,Hôtel,2024-11,243.0,4846.0116340471695
7523,314,I551,Hôtel,2024-12,243.0,3984.6035930660373
7524,314,I553,Terrain de camping,2024-01,164.0,1089.7694479743764
7525,314,I553,Terrain de camping,2024-02,164.0,1207.5496406534035
7526,314,I553,Terrain de camping,2024-03,164.0,1526.2133778209623
7527,314,I553,Terrain de camping,2024-04,164.0,1656.9649573589131
7528,314,I553,Terrain de camping,2024-05,164.0,2145.5538623783727
7529,314,I553,Terrain de camping,2024-06,164.0,2137.165698876268
7530,314,I553,Terrain de camping,2024-07,164.0,2287.2878827902114
7531,314,I553,Terrain de camping,2024-08,164.0,2793.72889101508
7532,314,I553,Terrain de camping,2024-09,164.0,2045.6488683812283
7533,314,I553,Terrain de camping,2024-10,164.0,1764.610292511441
7534,314,I553,Terrain de camping,2024-11,164.0,1480.690247239001
7535,314,I553,Terrain de camping,2024-12,164.0,1217.4885503605328
7536,315,I551,Hôtel,2024-01,1227.0,18009.14744933613
7537,315,I551,Hôtel,2024-02,1227.0,19955.541579315162
7538,315,I551,Hôtel,2024-03,1227.0,25221.666666666668
7539,315,I551,Hôtel,2024-04,1227.0,27382.421383647797
7540,315,I551,Hôtel,2024-05,1227.0,35456.67016072677
7541,315,I551,Hôtel,2024-06,1227.0,35318.05031446541
7542,315,I551,Hôtel,2024-07,1227.0,37798.91684136967
7543,315,I551,Hôtel,2024-08,1227.0,46168.183210935356
7544,315,I551,Hôtel,2024-09,1227.0,33805.67529097344
7545,315,I551,Hôtel,2024-10,1227.0,29161.33041490985
7546,315,I551,Hôtel,2024-11,1227.0,24469.367386732003
7547,315,I551,Hôtel,2024-12,1227.0,20119.788513135918
7548,315,I553,Terrain de camping,2024-01,2338.0,15535.859569293241
7549,315,I553,Terrain de camping,2024-02,2338.0,17214.945486875957
7550,315,I553,Terrain de camping,2024-03,2338.0,21757.846813081764
7551,315,I553,Terrain de camping,2024-04,2338.0,23621.854087226453
7552,315,I553,Terrain de camping,2024-05,2338.0,30587.225184394116
7553,315,I553,Terrain de camping,2024-06,2338.0,30467.6427071507
7554,315,I553,Terrain de camping,2024-07,2338.0,32607.7992070946
7555,315,I553,Terrain de camping,2024-08,2338.0,39827.67162922718
7556,315,I553,Terrain de camping,2024-09,2338.0,29162.969843142146
7557,315,I553,Terrain de camping,2024-10,2338.0,25156.45648714481
7558,315,I553,Terrain de camping,2024-11,2338.0,21108.864622224297
7559,315,I553,Terrain de camping,2024-12,2338.0,17356.635553310523
7560,316,I551,Hôtel,2024-01,4110.0,60324.039133473096
7561,316,I551,Hôtel,2024-02,4110.0,66843.74563242488
7562,316,I551,Hôtel,2024-03,4110.0,84483.33333333333
7563,316,I551,Hôtel,2024-04,4110.0,91721.06918238994
7564,316,I551,Hôtel,2024-05,4110.0,118766.84136967156
7565,316,I551,Hôtel,2024-06,4110.0,118302.51572327044
7566,316,I551,Hôtel,2024-07,4110.0,126612.50873515024
7567,316,I551,Hôtel,2024-08,4110.0,154646.4816601013
7568,316,I551,Hôtel,2024-09,4110.0,113236.61405533893
7569,316,I551,Hôtel,2024-10,4110.0,97679.76202549266
7570,316,I551,Hôtel,2024-11,4110.0,81963.4066499336
7571,316,I551,Hôtel,2024-12,4110.0,67393.91262346262
7572,316,I553,Terrain de camping,2024-01,517.0,3435.4317353826373
7573,316,I553,Terrain de camping,2024-02,517.0,3806.7266110842047
7574,316,I553,Terrain de camping,2024-03,517.0,4811.2946117892525
7575,316,I553,Terrain de camping,2024-04,517.0,5223.480993625354
7576,316,I553,Terrain de camping,2024-05,517.0,6763.727724692797
7577,316,I553,Terrain de camping,2024-06,517.0,6737.284550725795
7578,316,I553,Terrain de camping,2024-07,517.0,7210.535581722801
7579,316,I553,Terrain de camping,2024-08,517.0,8807.059979602418
7580,316,I553,Terrain de camping,2024-09,517.0,6448.783322884726
7581,316,I553,Terrain de camping,2024-10,517.0,5562.826348953749
7582,316,I553,Terrain de camping,2024-11,517.0,4667.785718430266
7583,316,I553,Terrain de camping,2024-12,517.0,3838.05841790485
7584,317,I551,Hôtel,2024-01,2516.0,36928.29256929886
7585,317,I551,Hôtel,2024-02,2516.0,40919.43163289075
7586,317,I551,Hôtel,2024-03,2516.0,51717.777777777774
7587,317,I551,Hôtel,2024-04,2516.0,56148.46960167715
7588,317,I551,Hôtel,2024-05,2516.0,72704.95690659212
7589,317,I551,Hôtel,2024-06,2516.0,72420.71278825996
7590,317,I551,Hôtel,2024-07,2516.0,77507.80340088515
7591,317,I551,Hôtel,2024-08,2516.0,94669.2330551861
7592,317,I551,Hôtel,2024-09,2516.0,69319.54281343862
7593,317,I551,Hôtel,2024-10,2516.0,59796.1754881118
7594,317,I551,Hôtel,2024-11,2516.0,50175.165725360814
7595,317,I551,Hôtel,2024-12,2516.0,41256.224856601446
7596,317,I553,Terrain de camping,2024-01,1707.0,11342.905168855246
7597,317,I553,Terrain de camping,2024-02,1707.0,12568.82461338634
7598,317,I553,Terrain de camping,2024-03,1707.0,15885.647780124282
7599,317,I553,Terrain de camping,2024-04,1707.0,17246.58037933942
7600,317,I553,Terrain de camping,2024-05,1707.0,22332.075872438305
7601,317,I553,Terrain de camping,2024-06,1707.0,22244.76736574262
7602,317,I553,Terrain de camping,2024-07,1707.0,23807.31960928592
7603,317,I553,Terrain de camping,2024-08,1707.0,29078.629371724037
7604,317,I553,Terrain de camping,2024-09,1707.0,21292.21108735827
7605,317,I553,Terrain de camping,2024-10,1707.0,18367.010788518473
7606,317,I553,Terrain de camping,2024-11,1707.0,15411.818609981554
7607,317,I553,Terrain de camping,2024-12,1707.0,12672.274118691643
7608,318,I551,Hôtel,2024-01,646.0,9145.704358866982
7609,318,I551,Hôtel,2024-02,646.0,9975.750980908213
7610,318,I551,Hôtel,2024-03,646.0,12878.634302205732
7611,318,I551,Hôtel,2024-04,646.0,14304.308915104062
7612,318,I551,Hôtel,2024-05,646.0,18349.375317371723
7613,318,I551,Hôtel,2024-06,646.0,18574.030544178793
7614,318,I551,Hôtel,2024-07,646.0,19591.005768548446
7615,318,I551,Hôtel,2024-08,646.0,23331.238890428198
7616,318,I551,Hôtel,2024-09,646.0,17466.33235253186
7617,318,I551,Hôtel,2024-10,646.0,14851.18573991211
7618,318,I551,Hôtel,2024-11,646.0,12396.909932079412
7619,318,I551,Hôtel,2024-12,646.0,10695.076134599454
7620,318,I553,Terrain de camping,2024-01,2158.0,13164.264526655224
7621,318,I553,Terrain de camping,2024-02,2158.0,14332.14399319548
7622,318,I553,Terrain de camping,2024-03,2158.0,18549.323956304077
7623,318,I553,Terrain de camping,2024-04,2158.0,20657.15970253226
7624,318,I553,Terrain de camping,2024-05,2158.0,26470.20974148283
7625,318,I553,Terrain de camping,2024-06,2158.0,26843.65257540431
7626,318,I553,Terrain de camping,2024-07,2158.0,28266.255272962204
7627,318,I553,Terrain de camping,2024-08,2158.0,33563.36726017927
7628,318,I553,Terrain de camping,2024-09,2158.0,25191.59303568429
7629,318,I553,Terrain de camping,2024-10,2158.0,21383.822797495184
7630,318,I553,Terrain de camping,2024-11,2158.0,17839.015787313765
7631,318,I553,Terrain de camping,2024-12,2158.0,15475.46205191524
7632,319,I551,Hôtel,2024-01,1199.0,54976.027798098025
7633,319,I551,Hôtel,2024-02,1199.0,54684.98902706657
7634,319,I551,Hôtel,2024-03,1199.0,65667.11777615215
7635,319,I551,Hôtel,2024-04,1199.0,60803.97951719093
7636,319,I551,Hôtel,2024-05,1199.0,68377.36649597659
7637,319,I551,Hôtel,2024-06,1199.0,63407.381126554494
7638,319,I551,Hôtel,2024-07,1199.0,63102.78712509145
7639,319,I551,Hôtel,2024-08,1199.0,67698.95832468032
7640,319,I551,Hôtel,2024-09,1199.0,61806.036103302846
7641,319,I551,Hôtel,2024-10,1199.0,66695.45949721434
7642,319,I551,Hôtel,2024-11,1199.0,58058.34792343453
7643,319,I551,Hôtel,2024-12,1199.0,62844.736293387716
7644,319,I553,Terrain de camping,2024-01,1392.0,18034.630740733024
7645,319,I553,Terrain de camping,2024-02,1392.0,17939.156822790726
7646,319,I553,Terrain de camping,2024-03,1392.0,21541.79318393937
7647,319,I553,Terrain de camping,2024-04,1392.0,19946.463250980276
7648,319,I553,Terrain de camping,2024-05,1392.0,22430.877696503394
7649,319,I553,Terrain de camping,2024-06,1392.0,20800.497064902473
7650,319,I553,Terrain de camping,2024-07,1392.0,20700.576416535463
7651,319,I553,Terrain de camping,2024-08,1392.0,22208.32904483003
7652,319,I553,Terrain de camping,2024-09,1392.0,20275.183262877417
7653,319,I553,Terrain de camping,2024-10,1392.0,21879.13591235105
7654,319,I553,Terrain de camping,2024-11,1392.0,19045.77155085712
7655,319,I553,Terrain de camping,2024-12,1392.0,20615.92403897179
7656,320,I551,Hôtel,2024-01,60.0,2751.0939682117446
7657,320,I551,Hôtel,2024-02,60.0,2736.5298929307705
7658,320,I551,Hôtel,2024-03,60.0,3286.094300724879
7659,320,I551,Hôtel,2024-04,60.0,3042.7345880162266
7660,320,I551,Hôtel,2024-05,60.0,3421.7197579304384
7661,320,I551,Hôtel,2024-06,60.0,3173.0132340227437
7662,320,I551,Hôtel,2024-07,60.0,3157.7708319478616
7663,320,I551,Hôtel,2024-08,60.0,3387.771058783002
7664,320,I551,Hôtel,2024-09,60.0,3092.8792045022274
7665,320,I551,Hôtel,2024-10,60.0,3337.5542700857886
7666,320,I551,Hôtel,2024-11,60.0,2905.338511598058
7667,320,I551,Hôtel,2024-12,60.0,3144.8575292771166
7668,320,I553,Terrain de camping,2024-01,681.0,8822.976677039647
7669,320,I553,Terrain de camping,2024-02,681.0,8776.268531839429
7670,320,I553,Terrain de camping,2024-03,681.0,10538.765199901372
7671,320,I553,Terrain de camping,2024-04,681.0,9758.291288733886
7672,320,I553,Terrain de camping,2024-05,681.0,10973.72680410834
7673,320,I553,Terrain de camping,2024-06,681.0,10176.105245113924
7674,320,I553,Terrain de camping,2024-07,681.0,10127.221652055065
7675,320,I553,Terrain de camping,2024-08,681.0,10864.850631845724
7676,320,I553,Terrain de camping,2024-09,681.0,9919.109053174943
7677,320,I553,Terrain de camping,2024-10,681.0,10703.801405395878
7678,320,I553,Terrain de camping,2024-11,681.0,9317.651168199496
7679,320,I553,Terrain de camping,2024-12,681.0,10085.807665617664
7680,321,I551,Hôtel,2024-01,336.0,15406.126221985767
7681,321,I551,Hôtel,2024-02,336.0,15324.567400412318
7682,321,I551,Hôtel,2024-03,336.0,18402.12808405932
7683,321,I551,Hôtel,2024-04,336.0,17039.313692890868
7684,321,I551,Hôtel,2024-05,336.0,19161.630644410456
7685,321,I551,Hôtel,2024-06,336.0,17768.874110527366
7686,321,I551,Hôtel,2024-07,336.0,17683.516658908025
7687,321,I551,Hôtel,2024-08,336.0,18971.51792918481
7688,321,I551,Hôtel,2024-09,336.0,17320.123545212475
7689,321,I551,Hôtel,2024-10,336.0,18690.303912480416
7690,321,I551,Hôtel,2024-11,336.0,16269.895664949125
7691,321,I551,Hôtel,2024-12,336.0,17611.202163951853
7692,321,I553,Terrain de camping,2024-01,178.0,2306.152494145458
7693,321,I553,Terrain de camping,2024-02,178.0,2293.9439040637567
7694,321,I553,Terrain de camping,2024-03,178.0,2754.625852543971
7695,321,I553,Terrain de camping,2024-04,178.0,2550.6253295075353
7696,321,I553,Terrain de camping,2024-05,178.0,2868.3162571678195
7697,321,I553,Terrain de camping,2024-06,178.0,2659.8336764027586
7698,321,I553,Terrain de camping,2024-07,178.0,2647.0564670569775
7699,321,I553,Terrain de camping,2024-08,178.0,2839.8581680888974
7700,321,I553,Terrain de camping,2024-09,178.0,2592.6599287300146
7701,321,I553,Terrain de camping,2024-10,178.0,2797.7630692517864
7702,321,I553,Terrain de camping,2024-11,178.0,2435.450672451557
7703,321,I553,Terrain de camping,2024-12,178.0,2636.2316659030016
7704,322,I551,Hôtel,2024-01,532.0,24393.0331848108
7705,322,I551,Hôtel,2024-02,532.0,24263.89838398617
7706,322,I551,Hôtel,2024-03,532.0,29136.70279976059
7707,322,I551,Hôtel,2024-04,532.0,26978.91334707721
7708,322,I551,Hôtel,2024-05,532.0,30339.248520316552
7709,322,I551,Hôtel,2024-06,532.0,28134.050675001665
7710,322,I551,Hôtel,2024-07,532.0,27998.901376604375
7711,322,I551,Hôtel,2024-08,532.0,30038.236721209283
7712,322,I551,Hôtel,2024-09,532.0,27423.52894658642
7713,322,I551,Hôtel,2024-10,532.0,29592.981194760658
7714,322,I551,Hôtel,2024-11,532.0,25760.668136169446
7715,322,I551,Hôtel,2024-12,532.0,27884.4034262571
7716,322,I553,Terrain de camping,2024-01,1324.0,17153.6286643179
7717,322,I553,Terrain de camping,2024-02,1324.0,17062.818702137156
7718,322,I553,Terrain de camping,2024-03,1324.0,20489.46420656302
7719,322,I553,Terrain de camping,2024-04,1324.0,18972.067057685264
7720,322,I553,Terrain de camping,2024-05,1324.0,21335.116429720183
7721,322,I553,Terrain de camping,2024-06,1324.0,19784.380828973328
7722,322,I553,Terrain de camping,2024-07,1324.0,19689.341361704708
7723,322,I553,Terrain de camping,2024-08,1324.0,21123.439407582584
7724,322,I553,Terrain de camping,2024-09,1324.0,19284.72890808168
7725,322,I553,Terrain de camping,2024-10,1324.0,20810.327548816655
7726,322,I553,Terrain de camping,2024-11,1324.0,18115.37466475203
7727,322,I553,Terrain de camping,2024-12,1324.0,19608.824301435812
7728,323,I551,Hôtel,2024-01,141.0,6465.070825297599
7729,323,I551,Hôtel,2024-02,141.0,6430.845248387312
7730,323,I551,Hôtel,2024-03,141.0,7722.321606703465
7731,323,I551,Hôtel,2024-04,141.0,7150.426281838133
7732,323,I551,Hôtel,2024-05,141.0,8041.04143113653
7733,323,I551,Hôtel,2024-06,141.0,7456.581099953449
7734,323,I551,Hôtel,2024-07,141.0,7420.761455077476
7735,323,I551,Hôtel,2024-08,141.0,7961.261988140054
7736,323,I551,Hôtel,2024-09,141.0,7268.266130580235
7737,323,I551,Hôtel,2024-10,141.0,7843.252534701603
7738,323,I551,Hôtel,2024-11,141.0,6827.545502255436
7739,323,I551,Hôtel,2024-12,141.0,7390.415193801224
7740,323,I553,Terrain de camping,2024-01,1336.0,17309.099618979395
7741,323,I553,Terrain de camping,2024-02,1336.0,17217.466605781905
7742,323,I553,Terrain de camping,2024-03,1336.0,20675.169320217672
7743,323,I553,Terrain de camping,2024-04,1336.0,19144.019327090267
7744,323,I553,Terrain de camping,2024-05,1336.0,21528.486065034867
7745,323,I553,Terrain de camping,2024-06,1336.0,19963.695458843176
7746,323,I553,Terrain de camping,2024-07,1336.0,19867.79460667484
7747,323,I553,Terrain de camping,2024-08,1336.0,21314.890520038014
7748,323,I553,Terrain de camping,2024-09,1336.0,19459.514970692693
7749,323,I553,Terrain de camping,2024-10,1336.0,20998.940789440374
7750,323,I553,Terrain de camping,2024-11,1336.0,18279.56235053528
7751,323,I553,Terrain de camping,2024-12,1336.0,19786.547784530394
7752,324,I551,Hôtel,2024-01,11177.0,511852.47525096097
7753,324,I551,Hôtel,2024-02,11177.0,509140.069160865
7754,324,I551,Hôtel,2024-03,11177.0,611401.2436143525
7755,324,I551,Hôtel,2024-04,11177.0,566155.3763242945
7756,324,I551,Hôtel,2024-05,11177.0,636642.8876952807
7757,324,I551,Hôtel,2024-06,11177.0,590463.7317495096
7758,324,I551,Hôtel,2024-07,11177.0,587593.1846715651
7759,324,I551,Hôtel,2024-08,11177.0,630273.3331383634
7760,324,I551,Hôtel,2024-09,11177.0,575517.0383519987
7761,324,I551,Hôtel,2024-10,11177.0,621003.3540761494
7762,324,I551,Hôtel,2024-11,11177.0,540577.9840786459
7763,324,I551,Hôtel,2024-12,11177.0,585071.2999119046
7764,324,I553,Terrain de camping,2024-01,1268.0,16428.09754256428
7765,324,I553,Terrain de camping,2024-02,1268.0,16341.128485128333
7766,324,I553,Terrain de camping,2024-03,1268.0,19622.840342841322
7767,324,I553,Terrain de camping,2024-04,1268.0,18169.62313379525
7768,324,I553,Terrain de camping,2024-05,1268.0,20432.724798251656
7769,324,I553,Terrain de camping,2024-06,1268.0,18947.579222914035
7770,324,I553,Terrain de camping,2024-07,1268.0,18856.559551844086
7771,324,I553,Terrain de camping,2024-08,1268.0,20230.000882790573
7772,324,I553,Terrain de camping,2024-09,1268.0,18469.06061589696
7773,324,I553,Terrain de camping,2024-10,1268.0,19930.132425905984
7774,324,I553,Terrain de camping,2024-11,1268.0,17349.165464430193
7775,324,I553,Terrain de camping,2024-12,1268.0,18779.448046994417
7776,325,I551,Hôtel,2024-01,2048.0,48484.267095852294
7777,325,I551,Hôtel,2024-02,2048.0,48033.13700722222
7778,325,I551,Hôtel,2024-03,2048.0,58613.95906753491
7779,325,I551,Hôtel,2024-04,2048.0,56646.166370785
7780,325,I551,Hôtel,2024-05,2048.0,61577.874882912925
7781,325,I551,Hôtel,2024-06,2048.0,63946.87433821632
7782,325,I551,Hôtel,2024-07,2048.0,61183.15866007662
7783,325,I551,Hôtel,2024-08,2048.0,57142.87785701382
7784,325,I551,Hôtel,2024-09,2048.0,59838.60334683942
7785,325,I551,Hôtel,2024-10,2048.0,61521.35858160346
7786,325,I551,Hôtel,2024-11,2048.0,53195.96223432305
7787,325,I551,Hôtel,2024-12,2048.0,52360.40857337726
7788,325,I553,Terrain de camping,2024-01,645.0,2557.3203164473607
7789,325,I553,Terrain de camping,2024-02,645.0,2530.3992274672864
7790,325,I553,Terrain de camping,2024-03,645.0,3102.884425778261
7791,325,I553,Terrain de camping,2024-04,645.0,3036.4058182968524
7792,325,I553,Terrain de camping,2024-05,645.0,3268.4399661727334
7793,325,I553,Terrain de camping,2024-06,645.0,3501.9392073264435
7794,325,I553,Terrain de camping,2024-07,645.0,3316.055497702117
7795,325,I553,Terrain de camping,2024-08,645.0,2972.8365029616302
7796,325,I553,Terrain de camping,2024-09,645.0,3241.906344002063
7797,325,I553,Terrain de camping,2024-10,645.0,3288.3956879969205
7798,325,I553,Terrain de camping,2024-11,645.0,2837.88499711372
7799,325,I553,Terrain de camping,2024-12,645.0,2712.522205822193
7800,326,I551,Hôtel,2024-01,14344.0,385640.04844985215
7801,326,I551,Hôtel,2024-02,14344.0,351167.4306532785
7802,326,I551,Hôtel,2024-03,14344.0,437132.30755278916
7803,326,I551,Hôtel,2024-04,14344.0,433909.35338779766
7804,326,I551,Hôtel,2024-05,14344.0,490289.8246689196
7805,326,I551,Hôtel,2024-06,14344.0,481983.4586127236
7806,326,I551,Hôtel,2024-07,14344.0,477189.3352968985
7807,326,I551,Hôtel,2024-08,14344.0,462043.37473146594
7808,326,I551,Hôtel,2024-09,14344.0,477033.9093860594
7809,326,I551,Hôtel,2024-10,14344.0,493512.24553559936
7810,326,I551,Hôtel,2024-11,14344.0,405283.69659905176
7811,326,I551,Hôtel,2024-12,14344.0,410369.28558043984
7812,326,I553,Terrain de camping,2024-01,237.0,1272.6424656394202
7813,326,I553,Terrain de camping,2024-02,237.0,1196.222419675203
7814,326,I553,Terrain de camping,2024-03,237.0,1450.774338927918
7815,326,I553,Terrain de camping,2024-04,237.0,1413.8614938781277
7816,326,I553,Terrain de camping,2024-05,237.0,1599.5649836492425
7817,326,I553,Terrain de camping,2024-06,237.0,1568.3068095719573
7818,326,I553,Terrain de camping,2024-07,237.0,1559.9995891258586
7819,326,I553,Terrain de camping,2024-08,237.0,1547.2413231404876
7820,326,I553,Terrain de camping,2024-09,237.0,1481.5165750581912
7821,326,I553,Terrain de camping,2024-10,237.0,1566.7405717159684
7822,326,I553,Terrain de camping,2024-11,237.0,1315.1877766781288
7823,326,I553,Terrain de camping,2024-12,237.0,1363.9241461987294
7824,327,I551,Hôtel,2024-01,502.0,8632.99432043323
7825,327,I551,Hôtel,2024-02,502.0,8658.19046361115
7826,327,I551,Hôtel,2024-03,502.0,11401.917844406287
7827,327,I551,Hôtel,2024-04,502.0,10852.907145687492
7828,327,I551,Hôtel,2024-05,502.0,12265.21727644961
7829,327,I551,Hôtel,2024-06,502.0,12909.045040285298
7830,327,I551,Hôtel,2024-07,502.0,12147.856293752477
7831,327,I551,Hôtel,2024-08,502.0,12234.829829203012
7832,327,I551,Hôtel,2024-09,502.0,12035.430886205784
7833,327,I551,Hôtel,2024-10,502.0,12560.792543684587
7834,327,I551,Hôtel,2024-11,502.0,10535.300845672435
7835,327,I551,Hôtel,2024-12,502.0,10084.708489455024
7836,327,I553,Terrain de camping,2024-01,184.0,2205.054894330969
7837,327,I553,Terrain de camping,2024-02,184.0,2211.4905384158064
7838,327,I553,Terrain de camping,2024-03,184.0,2912.298307443575
7839,327,I553,Terrain de camping,2024-04,184.0,2772.0690100160755
7840,327,I553,Terrain de camping,2024-05,184.0,3132.8037968766725
7841,327,I553,Terrain de camping,2024-06,184.0,3297.251439149742
7842,327,I553,Terrain de camping,2024-07,184.0,3102.8272441657214
7843,327,I553,Terrain de camping,2024-08,184.0,3125.042180594968
7844,327,I553,Terrain de camping,2024-09,184.0,3074.1113449126397
7845,327,I553,Terrain de camping,2024-10,184.0,3208.3001618073235
7846,327,I553,Terrain de camping,2024-11,184.0,2690.945439175662
7847,327,I553,Terrain de camping,2024-12,184.0,2575.8543313228934
7848,328,I551,Hôtel,2024-01,2132.0,37804.14396984385
7849,328,I551,Hôtel,2024-02,2132.0,37378.56045739545
7850,328,I551,Hôtel,2024-03,2132.0,48867.34423111634
7851,328,I551,Hôtel,2024-04,2132.0,46893.92139600797
7852,328,I551,Hôtel,2024-05,2132.0,53037.23098687606
7853,328,I551,Hôtel,2024-06,2132.0,55718.35474062446
7854,328,I551,Hôtel,2024-07,2132.0,52745.94428514561
7855,328,I551,Hôtel,2024-08,2132.0,52602.37033953965
7856,328,I551,Hôtel,2024-09,2132.0,51859.176276899976
7857,328,I551,Hôtel,2024-10,2132.0,54085.14966652098
7858,328,I551,Hôtel,2024-11,2132.0,45192.704085336365
7859,328,I551,Hôtel,2024-12,2132.0,43398.27536263071
7860,328,I553,Terrain de camping,2024-01,1076.0,12894.7775342398
7861,328,I553,Terrain de camping,2024-02,1076.0,12932.412061605479
7862,328,I553,Terrain de camping,2024-03,1076.0,17030.614015267864
7863,328,I553,Terrain de camping,2024-04,1076.0,16210.577471615747
7864,328,I553,Terrain de camping,2024-05,1076.0,18320.091768691844
7865,328,I553,Terrain de camping,2024-06,1076.0,19281.752981114798
7866,328,I553,Terrain de camping,2024-07,1076.0,18144.794101751722
7867,328,I553,Terrain de camping,2024-08,1076.0,18274.703186522747
7868,328,I553,Terrain de camping,2024-09,1076.0,17976.868516989132
7869,328,I553,Terrain de camping,2024-10,1076.0,18761.581381003696
7870,328,I553,Terrain de camping,2024-11,1076.0,15736.180937788113
7871,328,I553,Terrain de camping,2024-12,1076.0,15063.148154909964
7872,329,I551,Hôtel,2024-01,5139.0,88403.89148839371
7873,329,I551,Hôtel,2024-02,5139.0,88659.68659027091
7874,329,I551,Hôtel,2024-03,5139.0,116740.59150834668
7875,329,I551,Hôtel,2024-04,5139.0,111124.79894508503
7876,329,I551,Hôtel,2024-05,5139.0,125575.16032621678
7877,329,I551,Hôtel,2024-06,5139.0,132170.86920884188
7878,329,I551,Hôtel,2024-07,5139.0,124378.67344848593
7879,329,I551,Hôtel,2024-08,5139.0,125245.4873542206
7880,329,I551,Hôtel,2024-09,5139.0,123224.77450242674
7881,329,I551,Hôtel,2024-10,5139.0,128597.55730033277
7882,329,I551,Hôtel,2024-11,5139.0,107865.69497429056
7883,329,I551,Hôtel,2024-12,5139.0,103252.04705339379
7884,329,I553,Terrain de camping,2024-01,170.0,2037.2789784579609
7885,329,I553,Terrain de camping,2024-02,170.0,2043.2249539711256
7886,329,I553,Terrain de camping,2024-03,170.0,2690.7103927467815
7887,329,I553,Terrain de camping,2024-04,170.0,2561.150715775722
7888,329,I553,Terrain de camping,2024-05,170.0,2894.4382905925777
7889,329,I553,Terrain de camping,2024-06,170.0,3046.3736122579144
7890,329,I553,Terrain de camping,2024-07,170.0,2866.742562544417
7891,329,I553,Terrain de camping,2024-08,170.0,2887.267232071438
7892,329,I553,Terrain de camping,2024-09,170.0,2840.211568669287
7893,329,I553,Terrain de camping,2024-10,170.0,2964.190366887201
7894,329,I553,Terrain de camping,2024-11,170.0,2486.1995905427316
7895,329,I553,Terrain de camping,2024-12,170.0,2379.865414809195
7896,330,I551,Hôtel,2024-01,2303.0,53134.84777921518
7897,330,I551,Hôtel,2024-02,2303.0,46927.96981457525
7898,330,I551,Hôtel,2024-03,2303.0,57570.03449762829
7899,330,I551,Hôtel,2024-04,2303.0,59303.9879258301
7900,330,I551,Hôtel,2024-05,2303.0,67506.99784389824
7901,330,I551,Hôtel,2024-06,2303.0,69828.86675291073
7902,330,I551,Hôtel,2024-07,2303.0,69427.65416127641
7903,330,I551,Hôtel,2024-08,2303.0,63737.34117599025
7904,330,I551,Hôtel,2024-09,2303.0,64053.07862812317
7905,330,I551,Hôtel,2024-10,2303.0,66401.00328884718
7906,330,I551,Hôtel,2024-11,2303.0,53664.25145464363
7907,330,I551,Hôtel,2024-12,2303.0,53012.634208886324
7908,330,I553,Terrain de camping,2024-01,643.0,2148.5374654664934
7909,330,I553,Terrain de camping,2024-02,643.0,1897.5588627607972
7910,330,I553,Terrain de camping,2024-03,643.0,2327.876735815876
7911,330,I553,Terrain de camping,2024-04,643.0,2397.99011826774
7912,330,I553,Terrain de camping,2024-05,643.0,2729.683439603588
7913,330,I553,Terrain de camping,2024-06,643.0,2823.569515303735
7914,330,I553,Terrain de camping,2024-07,643.0,2807.3462584248387
7915,330,I553,Terrain de camping,2024-08,643.0,2577.255251296741
7916,330,I553,Terrain de camping,2024-09,643.0,2590.02227281861
7917,330,I553,Terrain de camping,2024-10,643.0,2684.9619274990846
7918,330,I553,Terrain de camping,2024-11,643.0,2169.9442009433697
7919,330,I553,Terrain de camping,2024-12,643.0,2143.5956909886404
7920,331,I551,Hôtel,2024-01,310.0,4608.985667034179
7921,331,I551,Hôtel,2024-02,310.0,4221.058434399118
7922,331,I551,Hôtel,2024-03,310.0,5564.277839029769
7923,331,I551,Hôtel,2024-04,310.0,5395.093715545755
7924,331,I551,Hôtel,2024-05,310.0,6929.713340683572
7925,331,I551,Hôtel,2024-06,310.0,6957.056229327453
7926,331,I551,Hôtel,2024-07,310.0,8474.586549062844
7927,331,I551,Hôtel,2024-08,310.0,7665.552548814774
7928,331,I551,Hôtel,2024-09,310.0,6447.803631576627
7929,331,I551,Hôtel,2024-10,310.0,5729.1242787982355
7930,331,I551,Hôtel,2024-11,310.0,4714.99879115215
7931,331,I551,Hôtel,2024-12,310.0,4069.6559978996693
7932,331,I553,Terrain de camping,2024-01,522.0,3950.7780451035114
7933,331,I553,Terrain de camping,2024-02,522.0,3618.2505641103726
7934,331,I553,Terrain de camping,2024-03,522.0,4769.645278033754
7935,331,I553,Terrain de camping,2024-04,522.0,4624.6222797151595
7936,331,I553,Terrain de camping,2024-05,522.0,5940.083415978769
7937,331,I553,Terrain de camping,2024-06,522.0,5963.521476313088
7938,331,I553,Terrain de camping,2024-07,522.0,7264.333824867748
7939,331,I553,Terrain de camping,2024-08,522.0,6570.837685623051
7940,331,I553,Terrain de camping,2024-09,522.0,5526.995062921015
7941,331,I553,Terrain de camping,2024-10,522.0,4910.950055722469
7942,331,I553,Terrain de camping,2024-11,522.0,4041.6514722555708
7943,331,I553,Terrain de camping,2024-12,522.0,3488.4698563126617
7944,332,I551,Hôtel,2024-01,1374.0,20428.213891951487
7945,332,I551,Hôtel,2024-02,1374.0,18708.820286659316
7946,332,I551,Hôtel,2024-03,1374.0,24662.315325248073
7947,332,I551,Hôtel,2024-04,1374.0,23912.44762954796
7948,332,I551,Hôtel,2024-05,1374.0,30714.277839029764
7949,332,I551,Hôtel,2024-06,1374.0,30835.468577728774
7950,332,I551,Hôtel,2024-07,1374.0,37561.5545755237
7951,332,I551,Hôtel,2024-08,1374.0,33975.70710345645
7952,332,I551,Hôtel,2024-09,1374.0,28578.329644471884
7953,332,I551,Hôtel,2024-10,1374.0,25392.957287318637
7954,332,I551,Hôtel,2024-11,1374.0,20898.09141626792
7955,332,I551,Hôtel,2024-12,1374.0,18037.765616497243
7956,332,I553,Terrain de camping,2024-01,963.0,7288.504324587513
7957,332,I553,Terrain de camping,2024-02,963.0,6675.04845447948
7958,332,I553,Terrain de camping,2024-03,963.0,8799.173185338133
7959,332,I553,Terrain de camping,2024-04,963.0,8531.630757405554
7960,332,I553,Terrain de camping,2024-05,963.0,10958.429750167728
7961,332,I553,Terrain de camping,2024-06,963.0,11001.66893043966
7962,332,I553,Terrain de camping,2024-07,963.0,13401.44343553188
7963,332,I553,Terrain de camping,2024-08,963.0,12122.062626925283
7964,332,I553,Terrain de camping,2024-09,963.0,10196.35296090601
7965,332,I553,Terrain de camping,2024-10,963.0,9059.856137281107
7966,332,I553,Terrain de camping,2024-11,963.0,7456.150129850795
7967,332,I553,Terrain de camping,2024-12,963.0,6435.625424576807
7968,333,I551,Hôtel,2024-01,217.0,3378.013139427031
7969,333,I551,Hôtel,2024-02,217.0,3783.733977354264
7970,333,I551,Hôtel,2024-03,217.0,4965.686200801527
7971,333,I551,Hôtel,2024-04,217.0,5346.585639033268
7972,333,I551,Hôtel,2024-05,217.0,5995.84374092158
7973,333,I551,Hôtel,2024-06,217.0,5714.548208816786
7974,333,I551,Hôtel,2024-07,217.0,7171.401732556308
7975,333,I551,Hôtel,2024-08,217.0,8004.464445749729
7976,333,I551,Hôtel,2024-09,217.0,4854.5445730251395
7977,333,I551,Hôtel,2024-10,217.0,5433.633596241227
7978,333,I551,Hôtel,2024-11,217.0,3959.338719294855
7979,333,I551,Hôtel,2024-12,217.0,3865.9069671884836
7980,333,I553,Terrain de camping,2024-01,352.0,2435.0705937910598
7981,333,I553,Terrain de camping,2024-02,352.0,2630.2850025510015
7982,333,I553,Terrain de camping,2024-03,352.0,3454.4730420083515
7983,333,I553,Terrain de camping,2024-04,352.0,3657.8883681915277
7984,333,I553,Terrain de camping,2024-05,352.0,4192.927061630325
7985,333,I553,Terrain de camping,2024-06,352.0,4032.622413094453
7986,333,I553,Terrain de camping,2024-07,352.0,5034.237050067737
7987,333,I553,Terrain de camping,2024-08,352.0,5433.777028289267
7988,333,I553,Terrain de camping,2024-09,352.0,3481.2846866665554
7989,333,I553,Terrain de camping,2024-10,352.0,3742.8733976295007
7990,333,I553,Terrain de camping,2024-11,352.0,2783.1440270141575
7991,333,I553,Terrain de camping,2024-12,352.0,2662.299496167668
7992,334,I551,Hôtel,2024-01,4090.0,67941.60846560847
7993,334,I551,Hôtel,2024-02,4090.0,94662.9417989418
7994,334,I551,Hôtel,2024-03,4090.0,123747.38624338625
7995,334,I551,Hôtel,2024-04,4090.0,144989.417989418
7996,334,I551,Hôtel,2024-05,4090.0,145257.75661375662
7997,334,I551,Hôtel,2024-06,4090.0,131494.58201058203
7998,334,I551,Hôtel,2024-07,4090.0,170066.09523809524
7999,334,I551,Hôtel,2024-08,4090.0,225179.31703972063
8000,334,I551,Hôtel,2024-09,4090.0,101104.1851401291
8001,334,I551,Hôtel,2024-10,4090.0,142496.4277952254
8002,334,I551,Hôtel,2024-11,4090.0,93180.59714268995
8003,334,I551,Hôtel,2024-12,4090.0,101510.83980775025
8004,334,I553,Terrain de camping,2024-01,1673.0,9944.366426532162
8005,334,I553,Terrain de camping,2024-02,1673.0,13855.470918659157
8006,334,I553,Terrain de camping,2024-03,1673.0,18112.45539988582
8007,334,I553,Terrain de camping,2024-04,1673.0,21221.57442278172
8008,334,I553,Terrain de camping,2024-05,1673.0,21260.850172459704
8009,334,I553,Terrain de camping,2024-06,1673.0,19246.384301879232
8010,334,I553,Terrain de camping,2024-07,1673.0,24891.95657817268
8011,334,I553,Terrain de camping,2024-08,1673.0,32958.67864907465
8012,334,I553,Terrain de camping,2024-09,1673.0,14798.25230805842
8013,334,I553,Terrain de camping,2024-10,1673.0,20856.68450408997
8014,334,I553,Terrain de camping,2024-11,1673.0,13638.505516086418
8015,334,I553,Terrain de camping,2024-12,1673.0,14857.772874545028
8016,335,I551,Hôtel,2024-01,856.0,11445.095856524427
8017,335,I551,Hôtel,2024-02,856.0,12154.458874458875
8018,335,I551,Hôtel,2024-03,856.0,16262.411873840445
8019,335,I551,Hôtel,2024-04,856.0,18729.301175015462
8020,335,I551,Hôtel,2024-05,856.0,23676.314162028448
8021,335,I551,Hôtel,2024-06,856.0,24570.95856524428
8022,335,I551,Hôtel,2024-07,856.0,25338.552875695732
8023,335,I551,Hôtel,2024-08,856.0,28958.720181053803
8024,335,I551,Hôtel,2024-09,856.0,22478.50562335436
8025,335,I551,Hôtel,2024-10,856.0,18672.356257805815
8026,335,I551,Hôtel,2024-11,856.0,15452.308260883117
8027,335,I551,Hôtel,2024-12,856.0,14376.905954624615
8028,335,I553,Terrain de camping,2024-01,10345.0,56689.712679680764
8029,335,I553,Terrain de camping,2024-02,10345.0,60203.321143638765
8030,335,I553,Terrain de camping,2024-03,10345.0,80550.78508417173
8031,335,I553,Terrain de camping,2024-04,10345.0,92769.75183196603
8032,335,I553,Terrain de camping,2024-05,10345.0,117273.23772427022
8033,335,I553,Terrain de camping,2024-06,10345.0,121704.5797422471
8034,335,I553,Terrain de camping,2024-07,10345.0,125506.61875175392
8035,335,I553,Terrain de camping,2024-08,10345.0,143437.98839389905
8036,335,I553,Terrain de camping,2024-09,10345.0,111340.26671608134
8037,335,I553,Terrain de camping,2024-10,10345.0,92487.69294529074
8038,335,I553,Terrain de camping,2024-11,10345.0,76538.18950305719
8039,335,I553,Terrain de camping,2024-12,10345.0,71211.51958948832
8040,336,I551,Hôtel,2024-01,118.0,1577.7118119975262
8041,336,I551,Hôtel,2024-02,118.0,1675.4978354978355
8042,336,I551,Hôtel,2024-03,118.0,2241.7810760667903
8043,336,I551,Hôtel,2024-04,118.0,2581.842918985776
8044,336,I551,Hôtel,2024-05,118.0,3263.790970933828
8045,336,I551,Hôtel,2024-06,118.0,3387.1181199752627
8046,336,I551,Hôtel,2024-07,118.0,3492.9313543599255
8047,336,I551,Hôtel,2024-08,118.0,3991.9731090705004
8048,336,I551,Hôtel,2024-09,118.0,3098.672504153989
8049,336,I551,Hôtel,2024-10,118.0,2573.9930355386523
8050,336,I551,Hôtel,2024-11,118.0,2130.1079144675327
8051,336,I551,Hôtel,2024-12,118.0,1981.8632040253558
8052,336,I553,Terrain de camping,2024-01,444.0,2433.081916846618
8053,336,I553,Terrain de camping,2024-02,444.0,2583.88347876033
8054,336,I553,Terrain de camping,2024-03,444.0,3457.1820761113822
8055,336,I553,Terrain de camping,2024-04,444.0,3981.611388438175
8056,336,I553,Terrain de camping,2024-05,444.0,5033.283475067759
8057,336,I553,Terrain de camping,2024-06,444.0,5223.473504645501
8058,336,I553,Terrain de camping,2024-07,444.0,5386.654299253625
8059,336,I553,Terrain de camping,2024-08,444.0,6156.255857601854
8060,336,I553,Terrain de camping,2024-09,444.0,4778.644603377488
8061,336,I553,Terrain de camping,2024-10,444.0,3969.505622784832
8062,336,I553,Terrain de camping,2024-11,444.0,3284.9643440654804
8063,336,I553,Terrain de camping,2024-12,444.0,3056.3474816561443
8064,337,I551,Hôtel,2024-01,2003.0,26780.989486703773
8065,337,I551,Hôtel,2024-02,2003.0,28440.865800865802
8066,337,I551,Hôtel,2024-03,2003.0,38053.28385899815
8067,337,I551,Hôtel,2024-04,2003.0,43825.68954854669
8068,337,I551,Hôtel,2024-05,2003.0,55401.46876932591
8069,337,I551,Hôtel,2024-06,2003.0,57494.89486703772
8070,337,I551,Hôtel,2024-07,2003.0,59291.02968460111
8071,337,I551,Hôtel,2024-08,2003.0,67762.05201244248
8072,337,I551,Hôtel,2024-09,2003.0,52598.65276119016
8073,337,I551,Hôtel,2024-10,2003.0,43692.44110325356
8074,337,I551,Hôtel,2024-11,2003.0,36157.67925998702
8075,337,I551,Hôtel,2024-12,2003.0,33641.28811578633
8076,337,I553,Terrain de camping,2024-01,2132.0,11683.17713224547
8077,337,I553,Terrain de camping,2024-02,2132.0,12407.29634395726
8078,337,I553,Terrain de camping,2024-03,2132.0,16600.70312222853
8079,337,I553,Terrain de camping,2024-04,2132.0,19118.908739077
8080,337,I553,Terrain de camping,2024-05,2132.0,24168.829659559604
8081,337,I553,Terrain de camping,2024-06,2132.0,25082.084486270738
8082,337,I553,Terrain de camping,2024-07,2132.0,25865.646319839478
8083,337,I553,Terrain de camping,2024-08,2132.0,29561.12046938548
8084,337,I553,Terrain de camping,2024-09,2132.0,22946.10426666848
8085,337,I553,Terrain de camping,2024-10,2132.0,19060.77925175059
8086,337,I553,Terrain de camping,2024-11,2132.0,15773.747706188298
8087,337,I553,Terrain de camping,2024-12,2132.0,14675.974844348873
8088,338,I551,Hôtel,2024-01,640.0,7501.554959785522
8089,338,I551,Hôtel,2024-02,640.0,8692.332439678285
8090,338,I551,Hôtel,2024-03,640.0,12168.57908847185
8091,338,I551,Hôtel,2024-04,640.0,11444.504021447721
8092,338,I551,Hôtel,2024-05,640.0,15071.742627345844
8093,338,I551,Hôtel,2024-06,640.0,14354.530831099195
8094,338,I551,Hôtel,2024-07,640.0,14848.686327077749
8095,338,I551,Hôtel,2024-08,640.0,16176.972379281502
8096,338,I551,Hôtel,2024-09,640.0,16141.38398541555
8097,338,I551,Hôtel,2024-10,640.0,12494.338031184987
8098,338,I551,Hôtel,2024-11,640.0,8951.992433243968
8099,338,I551,Hôtel,2024-12,640.0,8470.995405554959
8100,338,I553,Terrain de camping,2024-01,1499.0,9412.155927569125
8101,338,I553,Terrain de camping,2024-02,1499.0,10906.217275632476
8102,338,I553,Terrain de camping,2024-03,1499.0,15267.843055425494
8103,338,I553,Terrain de camping,2024-04,1499.0,14359.350420147777
8104,338,I553,Terrain de camping,2024-05,1499.0,18910.424901136143
8105,338,I553,Terrain de camping,2024-06,1499.0,18010.543570458212
8106,338,I553,Terrain de camping,2024-07,1499.0,18630.55750164301
8107,338,I553,Terrain de camping,2024-08,1499.0,20297.15002902941
8108,338,I553,Terrain de camping,2024-09,1499.0,20252.49748511368
8109,338,I553,Terrain de camping,2024-10,1499.0,15676.570843204543
8110,338,I553,Terrain de camping,2024-11,1499.0,11232.01110913679
8111,338,I553,Terrain de camping,2024-12,1499.0,10628.507029039285
8112,339,I551,Hôtel,2024-01,1225.0,14358.445040214476
8113,339,I551,Hôtel,2024-02,1225.0,16637.667560321715
8114,339,I551,Hôtel,2024-03,1225.0,23291.42091152815
8115,339,I551,Hôtel,2024-04,1225.0,21905.495978552277
8116,339,I551,Hôtel,2024-05,1225.0,28848.257372654156
8117,339,I551,Hôtel,2024-06,1225.0,27475.469168900803
8118,339,I551,Hôtel,2024-07,1225.0,28421.313672922253
8119,339,I551,Hôtel,2024-08,1225.0,30963.7361947185
8120,339,I551,Hôtel,2024-09,1225.0,30895.61778458445
8121,339,I551,Hôtel,2024-10,1225.0,23914.943887815014
8122,339,I551,Hôtel,2024-11,1225.0,17134.67301675603
8123,339,I551,Hôtel,2024-12,1225.0,16214.014643445042
8124,339,I553,Terrain de camping,2024-01,1397.0,8798.087002298173
8125,339,I553,Terrain de camping,2024-02,1397.0,10117.684139574254
8126,339,I553,Terrain de camping,2024-03,1397.0,14068.003633086835
8127,339,I553,Terrain de camping,2024-04,1397.0,13286.452237816926
8128,339,I553,Terrain de camping,2024-05,1397.0,17416.03916367009
8129,339,I553,Terrain de camping,2024-06,1397.0,16601.271792540185
8130,339,I553,Terrain de camping,2024-07,1397.0,17297.218518990205
8131,339,I553,Terrain de camping,2024-08,1397.0,18792.77265088547
8132,339,I553,Terrain de camping,2024-09,1397.0,18687.301423968238
8133,339,I553,Terrain de camping,2024-10,1397.0,14559.809763552328
8134,339,I553,Terrain de camping,2024-11,1397.0,10485.655402986238
8135,339,I553,Terrain de camping,2024-12,1397.0,9895.856386933592
8136,340,I551,Hôtel,2024-01,0.0,0.0
8137,340,I551,Hôtel,2024-02,0.0,0.0
8138,340,I551,Hôtel,2024-03,0.0,0.0
8139,340,I551,Hôtel,2024-04,0.0,0.0
8140,340,I551,Hôtel,2024-05,0.0,0.0
8141,340,I551,Hôtel,2024-06,0.0,0.0
8142,340,I551,Hôtel,2024-07,0.0,0.0
8143,340,I551,Hôtel,2024-08,0.0,0.0
8144,340,I551,Hôtel,2024-09,0.0,0.0
8145,340,I551,Hôtel,2024-10,0.0,0.0
8146,340,I551,Hôtel,2024-11,0.0,0.0
8147,340,I551,Hôtel,2024-12,0.0,0.0
8148,340,I553,Terrain de camping,2024-01,0.0,0.0
8149,340,I553,Terrain de camping,2024-02,0.0,0.0
8150,340,I553,Terrain de camping,2024-03,0.0,0.0
8151,340,I553,Terrain de camping,2024-04,0.0,0.0
8152,340,I553,Terrain de camping,2024-05,0.0,0.0
8153,340,I553,Terrain de camping,2024-06,0.0,0.0
8154,340,I553,Terrain de camping,2024-07,0.0,0.0
8155,340,I553,Terrain de camping,2024-08,0.0,0.0
8156,340,I553,Terrain de camping,2024-09,0.0,0.0
8157,340,I553,Terrain de camping,2024-10,0.0,0.0
8158,340,I553,Terrain de camping,2024-11,0.0,0.0
8159,340,I553,Terrain de camping,2024-12,0.0,0.0
8160,341,I551,Hôtel,2024-01,1001.0,19398.309748427673
8161,341,I551,Hôtel,2024-02,1001.0,17643.411949685535
8162,341,I551,Hôtel,2024-03,1001.0,18674.31603773585
8163,341,I551,Hôtel,2024-04,1001.0,21050.904088050313
8164,341,I551,Hôtel,2024-05,1001.0,22609.064465408806
8165,341,I551,Hôtel,2024-06,1001.0,22412.327044025158
8166,341,I551,Hôtel,2024-07,1001.0,30997.948113207545
8167,341,I551,Hôtel,2024-08,1001.0,30520.529684298745
8168,341,I551,Hôtel,2024-09,1001.0,26426.751790117924
8169,341,I551,Hôtel,2024-10,1001.0,26407.60139548978
8170,341,I551,Hôtel,2024-11,1001.0,22297.843322471697
8171,341,I551,Hôtel,2024-12,1001.0,19442.276338547956
8172,341,I553,Terrain de camping,2024-01,1272.0,8732.63879944484
8173,341,I553,Terrain de camping,2024-02,1272.0,7942.627256939285
8174,341,I553,Terrain de camping,2024-03,1272.0,8406.714755003088
8175,341,I553,Terrain de camping,2024-04,1272.0,9476.595857409717
8176,341,I553,Terrain de camping,2024-05,1272.0,10178.041083490883
8177,341,I553,Terrain de camping,2024-06,1272.0,10089.474767066493
8178,341,I553,Terrain de camping,2024-07,1272.0,13954.508815826866
8179,341,I553,Terrain de camping,2024-08,1272.0,13739.586858711662
8180,341,I553,Terrain de camping,2024-09,1272.0,11896.669401538331
8181,341,I553,Terrain de camping,2024-10,1272.0,11888.048367988333
8182,341,I553,Terrain de camping,2024-11,1272.0,10037.937029928155
8183,341,I553,Terrain de camping,2024-12,1272.0,8752.43146982401
8184,342,I551,Hôtel,2024-01,271.0,5251.690251572327
8185,342,I551,Hôtel,2024-02,271.0,4776.588050314465
8186,342,I551,Hôtel,2024-03,271.0,5055.683962264151
8187,342,I551,Hôtel,2024-04,271.0,5699.095911949686
8188,342,I551,Hôtel,2024-05,271.0,6120.935534591195
8189,342,I551,Hôtel,2024-06,271.0,6067.672955974843
8190,342,I551,Hôtel,2024-07,271.0,8392.051886792453
8191,342,I551,Hôtel,2024-08,271.0,8262.800743701258
8192,342,I551,Hôtel,2024-09,271.0,7154.495239882075
8193,342,I551,Hôtel,2024-10,271.0,7149.310667510219
8194,342,I551,Hôtel,2024-11,271.0,6036.678861528302
8195,342,I551,Hôtel,2024-12,271.0,5263.593294452044
8196,342,I553,Terrain de camping,2024-01,608.0,4174.091501621433
8197,342,I553,Terrain de camping,2024-02,608.0,3796.4759215558847
8198,342,I553,Terrain de camping,2024-03,608.0,4018.30390805179
8199,342,I553,Terrain de camping,2024-04,608.0,4529.693617378229
8200,342,I553,Terrain de camping,2024-05,608.0,4864.975612234636
8201,342,I553,Terrain de camping,2024-06,608.0,4822.642027025494
8202,342,I553,Terrain de camping,2024-07,608.0,6670.079685552465
8203,342,I553,Terrain de camping,2024-08,608.0,6567.349693472242
8204,342,I553,Terrain de camping,2024-09,608.0,5686.458330295051
8205,342,I553,Terrain de camping,2024-10,608.0,5682.337584698826
8206,342,I553,Terrain de camping,2024-11,608.0,4798.007636946791
8207,342,I553,Terrain de camping,2024-12,608.0,4183.552149098269
8208,343,I551,Hôtel,2024-01,206.0,1620.4086265607266
8209,343,I551,Hôtel,2024-02,206.0,2079.01778282255
8210,343,I551,Hôtel,2024-03,206.0,2708.007567158532
8211,343,I551,Hôtel,2024-04,206.0,3944.631101021567
8212,343,I551,Hôtel,2024-05,206.0,6369.866061293984
8213,343,I551,Hôtel,2024-06,206.0,7395.8910329171395
8214,343,I551,Hôtel,2024-07,206.0,8902.504729474082
8215,343,I551,Hôtel,2024-08,206.0,10452.45287051835
8216,343,I551,Hôtel,2024-09,206.0,7069.594199690655
8217,343,I551,Hôtel,2024-10,206.0,4339.8227784865685
8218,343,I551,Hôtel,2024-11,206.0,2456.4983296973132
8219,343,I551,Hôtel,2024-12,206.0,1987.2661468853576
8220,343,I553,Terrain de camping,2024-01,1074.0,6895.873039162329
8221,343,I553,Terrain de camping,2024-02,1074.0,8847.547736729966
8222,343,I553,Terrain de camping,2024-03,1074.0,11524.300763475518
8223,343,I553,Terrain de camping,2024-04,1074.0,16786.923256950722
8224,343,I553,Terrain de camping,2024-05,1074.0,27107.846079777803
8225,343,I553,Terrain de camping,2024-06,1074.0,31474.237262439325
8226,343,I553,Terrain de camping,2024-07,1074.0,37885.840237283366
8227,343,I553,Terrain de camping,2024-08,1074.0,44481.858934500786
8228,343,I553,Terrain de camping,2024-09,1074.0,30085.635956491977
8229,343,I553,Terrain de camping,2024-10,1074.0,18468.71610183108
8230,343,I553,Terrain de camping,2024-11,1074.0,10453.968415646525
8231,343,I553,Terrain de camping,2024-12,1074.0,8457.085959257682
8232,344,I551,Hôtel,2024-01,735.0,5781.5550510783205
8233,344,I551,Hôtel,2024-02,735.0,7417.854710556187
8234,344,I551,Hôtel,2024-03,735.0,9662.065834279227
8235,344,I551,Hôtel,2024-04,735.0,14074.290578887627
8236,344,I551,Hôtel,2024-05,735.0,22727.43473325766
8237,344,I551,Hôtel,2024-06,735.0,26388.251986379117
8238,344,I551,Hôtel,2024-07,735.0,31763.79114642452
8239,344,I551,Hôtel,2024-08,735.0,37293.94592150965
8240,344,I551,Hôtel,2024-09,735.0,25224.037557148695
8241,344,I551,Hôtel,2024-10,735.0,15484.319136833143
8242,344,I551,Hôtel,2024-11,735.0,8764.69064236663
8243,344,I551,Hôtel,2024-12,735.0,7090.488436702611
8244,344,I553,Terrain de camping,2024-01,4764.0,30588.397726787094
8245,344,I553,Terrain de camping,2024-02,4764.0,39245.54694393069
8246,344,I553,Terrain de camping,2024-03,4764.0,51118.965397762906
8247,344,I553,Terrain de camping,2024-04,4764.0,74462.6651732898
8248,344,I553,Terrain de camping,2024-05,4764.0,120243.74182873506
8249,344,I553,Terrain de camping,2024-06,4764.0,139611.97981216104
8250,344,I553,Terrain de camping,2024-07,4764.0,168052.27457208378
8251,344,I553,Terrain de camping,2024-08,4764.0,197310.59214521578
8252,344,I553,Terrain de camping,2024-09,4764.0,133452.4857511432
8253,344,I553,Terrain de camping,2024-10,4764.0,81922.68483158591
8254,344,I553,Terrain de camping,2024-11,4764.0,46371.23420124772
8255,344,I553,Terrain de camping,2024-12,4764.0,37513.554478494974
8256,345,I551,Hôtel,2024-01,378.0,4481.538040864563
8257,345,I551,Hôtel,2024-02,378.0,4719.605726989168
8258,345,I551,Hôtel,2024-03,378.0,7090.664692657557
8259,345,I551,Hôtel,2024-04,378.0,9296.589162095592
8260,345,I551,Hôtel,2024-05,378.0,12902.414413498063
8261,345,I551,Hôtel,2024-06,378.0,13981.598070088501
8262,345,I551,Hôtel,2024-07,378.0,15428.458523081794
8263,345,I551,Hôtel,2024-08,378.0,14866.913217180143
8264,345,I551,Hôtel,2024-09,378.0,12882.402334069751
8265,345,I551,Hôtel,2024-10,378.0,9847.965399706665
8266,345,I551,Hôtel,2024-11,378.0,6048.223680559452
8267,345,I551,Hôtel,2024-12,378.0,5039.805266283042
8268,345,I553,Terrain de camping,2024-01,976.0,8795.943090365312
8269,345,I553,Terrain de camping,2024-02,976.0,9230.7431353617
8270,345,I553,Terrain de camping,2024-03,976.0,13904.328453142776
8271,345,I553,Terrain de camping,2024-04,976.0,18195.6606507967
8272,345,I553,Terrain de camping,2024-05,976.0,25175.128671662886
8273,345,I553,Terrain de camping,2024-06,976.0,27237.853055745276
8274,345,I553,Terrain de camping,2024-07,976.0,29991.930118009117
8275,345,I553,Terrain de camping,2024-08,976.0,28737.05137918291
8276,345,I553,Terrain de camping,2024-09,976.0,25074.256158321085
8277,345,I553,Terrain de camping,2024-10,976.0,19260.78862592237
8278,345,I553,Terrain de camping,2024-11,976.0,11847.396404682097
8279,345,I553,Terrain de camping,2024-12,976.0,9877.28176450935
8280,346,I551,Hôtel,2024-01,2099.0,16510.862656072644
8281,346,I551,Hôtel,2024-02,2099.0,21183.778282255014
8282,346,I551,Hôtel,2024-03,2099.0,27592.756715853197
8283,346,I551,Hôtel,2024-04,2099.0,40193.11010215664
8284,346,I551,Hôtel,2024-05,2099.0,64904.60612939842
8285,346,I551,Hôtel,2024-06,2099.0,75359.10329171397
8286,346,I551,Hôtel,2024-07,2099.0,90710.47294740824
8287,346,I551,Hôtel,2024-08,2099.0,106503.39114183503
8288,346,I551,Hôtel,2024-09,2099.0,72034.36031626546
8289,346,I551,Hôtel,2024-10,2099.0,44219.84471865683
8290,346,I551,Hôtel,2024-11,2099.0,25030.048514731367
8291,346,I551,Hôtel,2024-12,2099.0,20248.891467535756
8292,346,I553,Terrain de camping,2024-01,10999.0,70621.70163663544
8293,346,I553,Terrain de camping,2024-02,10999.0,90609.1038699189
8294,346,I553,Terrain de camping,2024-03,10999.0,118022.14534214826
8295,346,I553,Terrain de camping,2024-04,10999.0,171917.47570130447
8296,346,I553,Terrain de camping,2024-05,10999.0,277615.6415563092
8297,346,I553,Terrain de camping,2024-06,10999.0,322332.5285377748
8298,346,I553,Terrain de camping,2024-07,10999.0,387994.74559579126
8299,346,I553,Terrain de camping,2024-08,10999.0,455545.592570367
8300,346,I553,Terrain de camping,2024-09,10999.0,308111.64793804026
8301,346,I553,Terrain de camping,2024-10,10999.0,189140.9761676351
8302,346,I553,Terrain de camping,2024-11,10999.0,107060.70633491261
8303,346,I553,Terrain de camping,2024-12,10999.0,86610.3244561222
8304,347,I551,Hôtel,2024-01,5403.0,42500.32917139614
8305,347,I551,Hôtel,2024-02,5403.0,54528.80136208853
8306,347,I551,Hôtel,2024-03,5403.0,71026.04313280364
8307,347,I551,Hôtel,2024-04,5403.0,103460.39727582292
8308,347,I551,Hôtel,2024-05,5403.0,167069.8365493757
8309,347,I551,Hôtel,2024-06,5403.0,193980.5788876277
8310,347,I551,Hôtel,2024-07,5403.0,233496.27695800224
8311,347,I551,Hôtel,2024-08,5403.0,274148.5575699546
8312,347,I551,Hôtel,2024-09,5403.0,185422.41485887673
8313,347,I551,Hôtel,2024-10,5403.0,113825.54598137342
8314,347,I551,Hôtel,2024-11,5403.0,64429.41978327469
8315,347,I551,Hôtel,2024-12,5403.0,52122.32520204654
8316,347,I553,Terrain de camping,2024-01,12188.0,78255.95959153675
8317,347,I553,Terrain de camping,2024-02,12188.0,100404.01472557246
8318,347,I553,Terrain de camping,2024-03,12188.0,130780.42616875196
8319,347,I553,Terrain de camping,2024-04,12188.0,190501.8814299026
8320,347,I553,Terrain de camping,2024-05,12188.0,307626.0968531954
8321,347,I553,Terrain de camping,2024-06,12188.0,357176.9122482407
8322,347,I553,Terrain de camping,2024-07,12188.0,429937.2633258936
8323,347,I553,Terrain de camping,2024-08,12188.0,504790.4066049307
8324,347,I553,Terrain de camping,2024-09,12188.0,341418.74398298346
8325,347,I553,Terrain de camping,2024-10,12188.0,209587.25498055608
8326,347,I553,Terrain de camping,2024-11,12188.0,118634.0475324952
8327,347,I553,Terrain de camping,2024-12,12188.0,95972.96431232088
8328,348,I551,Hôtel,2024-01,701.0,5514.1089670828605
8329,348,I551,Hôtel,2024-02,701.0,7074.7158531971245
8330,348,I551,Hôtel,2024-03,701.0,9215.113129020052
8331,348,I551,Hôtel,2024-04,701.0,13423.234960272417
8332,348,I551,Hôtel,2024-05,701.0,21676.09761634506
8333,348,I551,Hôtel,2024-06,701.0,25167.570942111237
8334,348,I551,Hôtel,2024-07,701.0,30294.445705637536
8335,348,I551,Hôtel,2024-08,701.0,35568.783797249336
8336,348,I551,Hôtel,2024-09,701.0,24057.211330015285
8337,348,I551,Hôtel,2024-10,701.0,14768.037707374195
8338,348,I551,Hôtel,2024-11,701.0,8359.249170474839
8339,348,I551,Hôtel,2024-12,701.0,6762.493053236096
8340,348,I553,Terrain de camping,2024-01,910.0,5842.871941934562
8341,348,I553,Terrain de camping,2024-02,910.0,7496.525549743267
8342,348,I553,Terrain de camping,2024-03,910.0,9764.537890840522
8343,348,I553,Terrain de camping,2024-04,910.0,14223.556949557875
8344,348,I553,Terrain de camping,2024-05,910.0,22968.4729353797
8345,348,I553,Terrain de camping,2024-06,910.0,26668.115371340584
8346,348,I553,Terrain de camping,2024-07,910.0,32100.665377958907
8347,348,I553,Terrain de camping,2024-08,910.0,37689.47079180234
8348,348,I553,Terrain de camping,2024-09,910.0,25491.55374339637
8349,348,I553,Terrain de camping,2024-10,910.0,15648.539713841978
8350,348,I553,Terrain de camping,2024-11,910.0,8857.645491842028
8351,348,I553,Terrain de camping,2024-12,910.0,7165.687358402691
8352,349,I551,Hôtel,2024-01,22.0,173.0533484676504
8353,349,I551,Hôtel,2024-02,22.0,222.0310253499811
8354,349,I551,Hôtel,2024-03,22.0,289.20469163828983
8355,349,I551,Hôtel,2024-04,22.0,421.2712826333712
8356,349,I551,Hôtel,2024-05,22.0,680.2769580022701
8357,349,I551,Hôtel,2024-06,22.0,789.8524404086265
8358,349,I551,Hôtel,2024-07,22.0,950.7529322739312
8359,349,I551,Hôtel,2024-08,22.0,1116.2813745213773
8360,349,I551,Hôtel,2024-09,22.0,755.0052057922059
8361,349,I551,Hôtel,2024-10,22.0,463.4762190616723
8362,349,I551,Hôtel,2024-11,22.0,262.34448181233444
8363,349,I551,Hôtel,2024-12,22.0,212.2323069489217
8364,349,I553,Terrain de camping,2024-01,0.0,0.0
8365,349,I553,Terrain de camping,2024-02,0.0,0.0
8366,349,I553,Terrain de camping,2024-03,0.0,0.0
8367,349,I553,Terrain de camping,2024-04,0.0,0.0
8368,349,I553,Terrain de camping,2024-05,0.0,0.0
8369,349,I553,Terrain de camping,2024-06,0.0,0.0
8370,349,I553,Terrain de camping,2024-07,0.0,0.0
8371,349,I553,Terrain de camping,2024-08,0.0,0.0
8372,349,I553,Terrain de camping,2024-09,0.0,0.0
8373,349,I553,Terrain de camping,2024-10,0.0,0.0
8374,349,I553,Terrain de camping,2024-11,0.0,0.0
8375,349,I553,Terrain de camping,2024-12,0.0,0.0
8376,350,I551,Hôtel,2024-01,3551.0,27932.38365493757
8377,350,I551,Hôtel,2024-02,3551.0,35837.825955353765
8378,350,I551,Hôtel,2024-03,3551.0,46680.26636398033
8379,350,I551,Hôtel,2024-04,3551.0,67997.01475595914
8380,350,I551,Hôtel,2024-05,3551.0,109802.88535754825
8381,350,I551,Hôtel,2024-06,3551.0,127489.3643586833
8382,350,I551,Hôtel,2024-07,3551.0,153460.1664774877
8383,350,I551,Hôtel,2024-08,3551.0,180177.96186024594
8384,350,I551,Hôtel,2024-09,3551.0,121864.70389855103
8385,350,I551,Hôtel,2024-10,3551.0,74809.2751767272
8386,350,I551,Hôtel,2024-11,3551.0,42344.784314345445
8387,350,I551,Hôtel,2024-12,3551.0,34256.223726164586
8388,350,I553,Terrain de camping,2024-01,8961.0,57536.23678206111
8389,350,I553,Terrain de camping,2024-02,8961.0,73820.1818145598
8390,350,I553,Terrain de camping,2024-03,8961.0,96153.87257123287
8391,350,I553,Terrain de camping,2024-04,8961.0,140062.96024723968
8392,350,I553,Terrain de camping,2024-05,8961.0,226176.35821311813
8393,350,I553,Terrain de camping,2024-06,8961.0,262607.6723544868
8394,350,I553,Terrain de camping,2024-07,8961.0,316103.365331747
8395,350,I553,Terrain de camping,2024-08,8961.0,371137.7447970778
8396,350,I553,Terrain de camping,2024-09,8961.0,251021.7726314009
8397,350,I553,Terrain de camping,2024-10,8961.0,154095.12568762415
8398,350,I553,Terrain de camping,2024-11,8961.0,87223.47390373232
8399,350,I553,Terrain de camping,2024-12,8961.0,70562.33452598519
8400,351,I551,Hôtel,2024-01,58.0,456.2315550510783
8401,351,I551,Hôtel,2024-02,58.0,585.3545213772229
8402,351,I551,Hôtel,2024-03,58.0,762.4487325009459
8403,351,I551,Hôtel,2024-04,58.0,1110.6242905788877
8404,351,I551,Hôtel,2024-05,58.0,1793.4574347332575
8405,351,I551,Hôtel,2024-06,58.0,2082.338251986379
8406,351,I551,Hôtel,2024-07,58.0,2506.5304578130913
8407,351,I551,Hôtel,2024-08,58.0,2942.9236237381765
8408,351,I551,Hôtel,2024-09,58.0,1990.4682698158153
8409,351,I551,Hôtel,2024-10,58.0,1221.8918502534998
8410,351,I551,Hôtel,2024-11,58.0,691.6354520507
8411,351,I551,Hôtel,2024-12,58.0,559.5215365017026
8412,351,I553,Terrain de camping,2024-01,65.0,417.3479958524687
8413,351,I553,Terrain de camping,2024-02,65.0,535.4661106959477
8414,351,I553,Terrain de camping,2024-03,65.0,697.4669922028945
8415,351,I553,Terrain de camping,2024-04,65.0,1015.9683535398482
8416,351,I553,Terrain de camping,2024-05,65.0,1640.6052096699786
8417,351,I553,Terrain de camping,2024-06,65.0,1904.8653836671847
8418,351,I553,Terrain de camping,2024-07,65.0,2292.904669854208
8419,351,I553,Terrain de camping,2024-08,65.0,2692.10505655731
8420,351,I553,Terrain de camping,2024-09,65.0,1820.825267385455
8421,351,I553,Terrain de camping,2024-10,65.0,1117.7528367029986
8422,351,I553,Terrain de camping,2024-11,65.0,632.688963703002
8423,351,I553,Terrain de camping,2024-12,65.0,511.834811314478
8424,352,I551,Hôtel,2024-01,431.0,3390.272417707151
8425,352,I551,Hôtel,2024-02,431.0,4349.789632992812
8426,352,I551,Hôtel,2024-03,431.0,5665.782822550133
8427,352,I551,Hôtel,2024-04,431.0,8253.087400681045
8428,352,I551,Hôtel,2024-05,431.0,13327.244040862655
8429,352,I551,Hôtel,2024-06,431.0,15473.927355278092
8430,352,I551,Hôtel,2024-07,431.0,18626.114264093834
8431,352,I551,Hôtel,2024-08,431.0,21868.966928123344
8432,352,I551,Hôtel,2024-09,431.0,14791.238349838213
8433,352,I551,Hôtel,2024-10,431.0,9079.92047343549
8434,352,I551,Hôtel,2024-11,431.0,5139.566893687098
8435,352,I551,Hôtel,2024-12,431.0,4157.823831590238
8436,352,I553,Terrain de camping,2024-01,577.0,3704.766055490376
8437,352,I553,Terrain de camping,2024-02,577.0,4753.291474947105
8438,352,I553,Terrain de camping,2024-03,577.0,6191.360838478001
8439,352,I553,Terrain de camping,2024-04,577.0,9018.672922961421
8440,352,I553,Terrain de camping,2024-05,577.0,14563.526245839657
8441,352,I553,Terrain de camping,2024-06,577.0,16909.34348270716
8442,352,I553,Terrain de camping,2024-07,577.0,20353.938377013506
8443,352,I553,Terrain de camping,2024-08,577.0,23897.609502054893
8444,352,I553,Terrain de camping,2024-09,577.0,16163.325835098576
8445,352,I553,Terrain de camping,2024-10,577.0,9922.20595042508
8446,352,I553,Terrain de camping,2024-11,577.0,5616.331262409725
8447,352,I553,Terrain de camping,2024-12,577.0,4543.518248130058
8448,353,I551,Hôtel,2024-01,3255.0,38907.777933352
8449,353,I551,Hôtel,2024-02,3255.0,40831.0627275273
8450,353,I551,Hôtel,2024-03,3255.0,61504.095491458975
8451,353,I551,Hôtel,2024-04,3255.0,80486.27835340242
8452,353,I551,Hôtel,2024-05,3255.0,111359.10109213107
8453,353,I551,Hôtel,2024-06,3255.0,120483.30999719967
8454,353,I551,Hôtel,2024-07,3255.0,132665.6328759451
8455,353,I551,Hôtel,2024-08,3255.0,127114.83032959673
8456,353,I551,Hôtel,2024-09,3255.0,110912.90387275834
8457,353,I551,Hôtel,2024-10,3255.0,85197.74161561746
8458,353,I551,Hôtel,2024-11,3255.0,52405.50827422641
8459,353,I551,Hôtel,2024-12,3255.0,43690.94723903178
8460,353,I553,Terrain de camping,2024-01,1084.0,9769.264661840163
8461,353,I553,Terrain de camping,2024-02,1084.0,10252.177826569756
8462,353,I553,Terrain de camping,2024-03,1084.0,15442.922175416774
8463,353,I553,Terrain de camping,2024-04,1084.0,20209.114903138958
8464,353,I553,Terrain de camping,2024-05,1084.0,27960.901106641977
8465,353,I553,Terrain de camping,2024-06,1084.0,30251.877779126928
8466,353,I553,Terrain de camping,2024-07,1084.0,33310.70927041177
8467,353,I553,Terrain de camping,2024-08,1084.0,31916.970999010522
8468,353,I553,Terrain de camping,2024-09,1084.0,27848.866470922185
8469,353,I553,Terrain de camping,2024-10,1084.0,21392.105400102308
8470,353,I553,Terrain de camping,2024-11,1084.0,13158.378793724787
8471,353,I553,Terrain de camping,2024-12,1084.0,10970.259664680465
8472,354,I551,Hôtel,2024-01,1706.0,20392.217866143936
8473,354,I551,Hôtel,2024-02,1706.0,21400.24362923551
8474,354,I551,Hôtel,2024-03,1706.0,32235.326239148697
8475,354,I551,Hôtel,2024-04,1706.0,42184.20610473257
8476,354,I551,Hôtel,2024-05,1706.0,58365.169420330436
8477,354,I551,Hôtel,2024-06,1706.0,63147.32007840941
8478,354,I551,Hôtel,2024-07,1706.0,69532.27947353682
8479,354,I551,Hôtel,2024-08,1706.0,66623.01091929096
8480,354,I551,Hôtel,2024-09,1706.0,58131.30998676673
8481,354,I551,Hôtel,2024-10,1706.0,44653.56288671072
8482,354,I551,Hôtel,2024-11,1706.0,27466.604336660603
8483,354,I551,Hôtel,2024-12,1706.0,22899.156986110054
8484,354,I553,Terrain de camping,2024-01,1855.0,16717.69921375784
8485,354,I553,Terrain de camping,2024-02,1855.0,17544.086594360608
8486,354,I553,Terrain de camping,2024-03,1855.0,26426.771803872798
8487,354,I553,Terrain de camping,2024-04,1855.0,34582.94109347119
8488,354,I553,Terrain de camping,2024-05,1855.0,47848.22098968714
8489,354,I553,Terrain de camping,2024-06,1855.0,51768.66538771259
8490,354,I553,Terrain de camping,2024-07,1855.0,57003.10488617512
8491,354,I553,Terrain de camping,2024-08,1855.0,54618.06384055768
8492,354,I553,Terrain de camping,2024-09,1855.0,47656.50120254673
8493,354,I553,Terrain de camping,2024-10,1855.0,36607.339037997954
8494,354,I553,Terrain de camping,2024-11,1855.0,22517.336404390666
8495,354,I553,Terrain de camping,2024-12,1855.0,18772.907452013158
8496,355,I551,Hôtel,2024-01,421.0,5032.311677401288
8497,355,I551,Hôtel,2024-02,421.0,5281.068328199384
8498,355,I551,Hôtel,2024-03,421.0,7954.907588910669
8499,355,I551,Hôtel,2024-04,421.0,10410.053206384766
8500,355,I551,Hôtel,2024-05,421.0,14403.127975357043
8501,355,I551,Hôtel,2024-06,421.0,15583.248389806777
8502,355,I551,Hôtel,2024-07,421.0,17158.903668440213
8503,355,I551,Hôtel,2024-08,421.0,16440.965766132176
8504,355,I551,Hôtel,2024-09,421.0,14345.417060040327
8505,355,I551,Hôtel,2024-10,421.0,11019.431404047606
8506,355,I551,Hôtel,2024-11,421.0,6778.101070184122
8507,355,I551,Hôtel,2024-12,421.0,5650.964297275693
8508,355,I553,Terrain de camping,2024-01,1676.0,15104.508831406009
8509,355,I553,Terrain de camping,2024-02,1676.0,15851.153170969475
8510,355,I553,Terrain de camping,2024-03,1676.0,23876.695171585343
8511,355,I553,Terrain de camping,2024-04,1676.0,31245.827101163188
8512,355,I553,Terrain de camping,2024-05,1676.0,43231.06112060143
8513,355,I553,Terrain de camping,2024-06,1676.0,46773.19848507078
8514,355,I553,Terrain de camping,2024-07,1676.0,51502.53573543369
8515,355,I553,Terrain de camping,2024-08,1676.0,49347.64150769524
8516,355,I553,Terrain de camping,2024-09,1676.0,43057.84151777268
8517,355,I553,Terrain de camping,2024-10,1676.0,33074.87882894047
8518,355,I553,Terrain de camping,2024-11,1676.0,20344.50448181065
8519,355,I553,Terrain de camping,2024-12,1676.0,16961.397784136956
8520,356,I551,Hôtel,2024-01,219.0,2617.75833099972
8521,356,I551,Hôtel,2024-02,219.0,2747.1590590870906
8522,356,I551,Hôtel,2024-03,219.0,4138.063567628115
8523,356,I551,Hôtel,2024-04,219.0,5415.205824698964
8524,356,I551,Hôtel,2024-05,219.0,7492.363483618034
8525,356,I551,Hôtel,2024-06,219.0,8106.250350042005
8526,356,I551,Hôtel,2024-07,219.0,8925.890506860824
8527,356,I551,Hôtel,2024-08,219.0,8552.426372406047
8528,356,I551,Hôtel,2024-09,219.0,7462.342841208625
8529,356,I551,Hôtel,2024-10,219.0,5732.198283815737
8530,356,I551,Hôtel,2024-11,219.0,3525.9005566991036
8531,356,I551,Hôtel,2024-12,219.0,2939.575252027023
8532,356,I553,Terrain de camping,2024-01,1787.0,16104.867113199605
8533,356,I553,Terrain de camping,2024-02,1787.0,16900.961048044424
8534,356,I553,Terrain de camping,2024-03,1787.0,25458.02760836695
8535,356,I553,Terrain de camping,2024-04,1787.0,33315.21063829273
8536,356,I553,Terrain de camping,2024-05,1787.0,46094.21612321883
8537,356,I553,Terrain de camping,2024-06,1787.0,49870.946117435255
8538,356,I553,Terrain de camping,2024-07,1787.0,54913.5031976253
8539,356,I553,Terrain de camping,2024-08,1787.0,52615.89222807362
8540,356,I553,Terrain de camping,2024-09,1787.0,45909.52433905715
8541,356,I553,Terrain de camping,2024-10,1787.0,35265.398846847624
8542,356,I553,Terrain de camping,2024-11,1787.0,21691.90304832675
8543,356,I553,Terrain de camping,2024-12,1787.0,18084.736181535045
8544,357,I551,Hôtel,2024-01,246.0,2940.4956594791374
8545,357,I551,Hôtel,2024-02,246.0,3085.849901988239
8546,357,I551,Hôtel,2024-03,246.0,4648.235788294595
8547,357,I551,Hôtel,2024-04,246.0,6082.833940072809
8548,357,I551,Hôtel,2024-05,246.0,8416.079529543546
8549,357,I551,Hôtel,2024-06,246.0,9105.651078129376
8550,357,I551,Hôtel,2024-07,246.0,10026.342761131336
8551,357,I551,Hôtel,2024-08,246.0,9606.835103250629
8552,357,I551,Hôtel,2024-09,246.0,8382.357712042567
8553,357,I551,Hôtel,2024-10,246.0,6438.907661272472
8554,357,I551,Hôtel,2024-11,246.0,3960.6006253332403
8555,357,I551,Hôtel,2024-12,246.0,3301.9886392632316
8556,357,I553,Terrain de camping,2024-01,291.0,2622.5609009183463
8557,357,I553,Terrain de camping,2024-02,291.0,2752.1990290883755
8558,357,I553,Terrain de camping,2024-03,291.0,4145.655307238267
8559,357,I553,Terrain de camping,2024-04,291.0,5425.140624366639
8560,357,I553,Terrain de camping,2024-05,291.0,7506.109060915881
8561,357,I553,Terrain de camping,2024-06,291.0,8121.122171333889
8562,357,I553,Terrain de camping,2024-07,291.0,8942.266049529358
8563,357,I553,Terrain de camping,2024-08,291.0,8568.116753424412
8564,357,I553,Terrain de camping,2024-09,291.0,7476.033342286307
8565,357,I553,Terrain de camping,2024-10,291.0,5742.7146415403795
8566,357,I553,Terrain de camping,2024-11,291.0,3532.3692149205845
8567,357,I553,Terrain de camping,2024-12,291.0,2944.968231016619
8568,358,I551,Hôtel,2024-01,926.0,11068.695043405209
8569,358,I551,Hôtel,2024-02,926.0,11615.841500980117
8570,358,I551,Hôtel,2024-03,926.0,17497.017642117054
8571,358,I551,Hôtel,2024-04,926.0,22897.171660599273
8572,358,I551,Hôtel,2024-05,926.0,31680.039204704564
8573,358,I551,Hôtel,2024-06,926.0,34275.74348921871
8574,358,I551,Hôtel,2024-07,926.0,37741.43657238869
8575,358,I551,Hôtel,2024-08,926.0,36162.314250447496
8576,358,I551,Hôtel,2024-09,926.0,31553.102607119574
8577,358,I551,Hôtel,2024-10,926.0,24237.514204627274
8578,358,I551,Hôtel,2024-11,926.0,14908.60235389667
8579,358,I551,Hôtel,2024-12,926.0,12429.436910397366
8580,358,I553,Terrain de camping,2024-01,575.0,5182.036144426285
8581,358,I553,Terrain de camping,2024-02,575.0,5438.193957820673
8582,358,I553,Terrain de camping,2024-03,575.0,8191.586947292108
8583,358,I553,Terrain de camping,2024-04,575.0,10719.779584229615
8584,358,I553,Terrain de camping,2024-05,575.0,14831.658797342376
8585,358,I553,Terrain de camping,2024-06,575.0,16046.890888374523
8586,358,I553,Terrain de camping,2024-07,575.0,17669.426042884472
8587,358,I553,Terrain de camping,2024-08,575.0,16930.1276055637
8588,358,I553,Terrain de camping,2024-09,575.0,14772.230830978096
8589,358,I553,Terrain de camping,2024-10,575.0,11347.288381050577
8590,358,I553,Terrain de camping,2024-11,575.0,6979.767349069883
8591,358,I553,Terrain de camping,2024-12,575.0,5819.095301836963
8592,359,I551,Hôtel,2024-01,507.0,5361.146605818597
8593,359,I551,Hôtel,2024-02,507.0,6328.100399315459
8594,359,I551,Hôtel,2024-03,507.0,9061.215059897318
8595,359,I551,Hôtel,2024-04,507.0,13760.05134055904
8596,359,I551,Hôtel,2024-05,507.0,15792.293211637192
8597,359,I551,Hôtel,2024-06,507.0,17112.093553907584
8598,359,I551,Hôtel,2024-07,507.0,20603.924700513406
8599,359,I551,Hôtel,2024-08,507.0,26492.63361827724
8600,359,I551,Hôtel,2024-09,507.0,15269.991406363944
8601,359,I551,Hôtel,2024-10,507.0,12829.452992687964
8602,359,I551,Hôtel,2024-11,507.0,8238.865188298345
8603,359,I551,Hôtel,2024-12,507.0,5452.106511756988
8604,359,I553,Terrain de camping,2024-01,9087.0,56341.182392913106
8605,359,I553,Terrain de camping,2024-02,9087.0,66503.06082126987
8606,359,I553,Terrain de camping,2024-03,9087.0,95225.8178944417
8607,359,I553,Terrain de camping,2024-04,9087.0,144606.67079554911
8608,359,I553,Terrain de camping,2024-05,9087.0,165963.83901785826
8609,359,I553,Terrain de camping,2024-06,9087.0,179833.84058158743
8610,359,I553,Terrain de camping,2024-07,9087.0,216530.0755442077
8611,359,I553,Terrain de camping,2024-08,9087.0,278415.49812049384
8612,359,I553,Terrain de camping,2024-09,9087.0,160474.88237505543
8613,359,I553,Terrain de camping,2024-10,9087.0,134826.85779900785
8614,359,I553,Terrain de camping,2024-11,9087.0,86583.60616005994
8615,359,I553,Terrain de camping,2024-12,9087.0,57297.095190626016
8616,360,I551,Hôtel,2024-01,881.0,9315.917474805097
8617,360,I551,Hôtel,2024-02,881.0,10996.166571591557
8618,360,I551,Hôtel,2024-03,881.0,15745.424985738733
8619,360,I551,Hôtel,2024-04,881.0,23910.463966533564
8620,360,I551,Hôtel,2024-05,881.0,27441.834949610195
8621,360,I551,Hôtel,2024-06,881.0,29735.215820498193
8622,360,I551,Hôtel,2024-07,881.0,35802.875071306335
8623,360,I551,Hôtel,2024-08,881.0,46035.52311183875
8624,360,I551,Hôtel,2024-09,881.0,26534.24542210382
8625,360,I551,Hôtel,2024-10,881.0,22293.388730883817
8626,360,I551,Hôtel,2024-11,881.0,14316.450159548014
8627,360,I551,Hôtel,2024-12,881.0,9473.976009581667
8628,360,I553,Terrain de camping,2024-01,1108.0,6869.817331500794
8629,360,I553,Terrain de camping,2024-02,1108.0,8108.879871241004
8630,360,I553,Terrain de camping,2024-03,1108.0,11611.115464624341
8631,360,I553,Terrain de camping,2024-04,1108.0,17632.24290100896
8632,360,I553,Terrain de camping,2024-05,1108.0,20236.37434046296
8633,360,I553,Terrain de camping,2024-06,1108.0,21927.577348343664
8634,360,I553,Terrain de camping,2024-07,1108.0,26402.038483876102
8635,360,I553,Terrain de camping,2024-08,1108.0,33947.87849868022
8636,360,I553,Terrain de camping,2024-09,1108.0,19567.092513652624
8637,360,I553,Terrain de camping,2024-10,1108.0,16439.76652815018
8638,360,I553,Terrain de camping,2024-11,1108.0,10557.349579107122
8639,360,I553,Terrain de camping,2024-12,1108.0,6986.374102697659
8640,361,I551,Hôtel,2024-01,1057.0,11176.986119034036
8641,361,I551,Hôtel,2024-02,1057.0,13192.903593839132
8642,361,I551,Hôtel,2024-03,1057.0,18890.935539075872
8643,361,I551,Hôtel,2024-04,1057.0,28687.12873169804
8644,361,I551,Hôtel,2024-05,1057.0,32923.972238068076
8645,361,I551,Hôtel,2024-06,1057.0,35675.50865183495
8646,361,I551,Hôtel,2024-07,1057.0,42955.32230462065
8647,361,I551,Hôtel,2024-08,1057.0,55232.176991161825
8648,361,I551,Hôtel,2024-09,1057.0,31835.070841275527
8649,361,I551,Hôtel,2024-10,1057.0,26747.00554885834
8650,361,I551,Hôtel,2024-11,1057.0,17176.490146018445
8651,361,I551,Hôtel,2024-12,1057.0,11366.620479146224
8652,361,I553,Terrain de camping,2024-01,12398.0,76870.03183749715
8653,361,I553,Terrain de camping,2024-02,12398.0,90734.56014769492
8654,361,I553,Terrain de camping,2024-03,12398.0,129922.93278918104
8655,361,I553,Terrain de camping,2024-04,12398.0,197296.523002445
8656,361,I553,Terrain de camping,2024-05,12398.0,226435.53165438608
8657,361,I553,Terrain de camping,2024-06,12398.0,245359.29960718838
8658,361,I553,Terrain de camping,2024-07,12398.0,295426.41978618765
8659,361,I553,Terrain de camping,2024-08,12398.0,379860.8281828857
8660,361,I553,Terrain de camping,2024-09,12398.0,218946.58211576287
8661,361,I553,Terrain de camping,2024-10,12398.0,183953.27203610647
8662,361,I553,Terrain de camping,2024-11,12398.0,118131.78707740983
8663,361,I553,Terrain de camping,2024-12,12398.0,78174.24740545629
8664,362,I551,Hôtel,2024-01,1344.0,14211.796919566457
8665,362,I551,Hôtel,2024-02,1344.0,16775.08271534512
8666,362,I551,Hôtel,2024-03,1344.0,24020.26240730177
8667,362,I551,Hôtel,2024-04,1344.0,36476.34911580149
8668,362,I551,Hôtel,2024-05,1344.0,41863.59383913292
8669,362,I551,Hôtel,2024-06,1344.0,45362.236166571594
8670,362,I551,Hôtel,2024-07,1344.0,54618.68796349116
8671,362,I551,Hôtel,2024-08,1344.0,70228.99326028522
8672,362,I551,Hôtel,2024-09,1344.0,40479.03047367484
8673,362,I551,Hôtel,2024-10,1344.0,34009.43751907815
8674,362,I551,Hôtel,2024-11,1344.0,21840.30535122875
8675,362,I551,Hôtel,2024-12,1344.0,14452.921403947517
8676,362,I553,Terrain de camping,2024-01,932.0,5778.582809529549
8677,362,I553,Terrain de camping,2024-02,932.0,6820.826750899473
8678,362,I553,Terrain de camping,2024-03,932.0,9766.750553276072
8679,362,I553,Terrain de camping,2024-04,932.0,14831.453414928113
8680,362,I553,Terrain de camping,2024-05,932.0,17021.93220695982
8681,362,I553,Terrain de camping,2024-06,932.0,18444.496469906404
8682,362,I553,Terrain de camping,2024-07,932.0,22208.212876328995
8683,362,I553,Terrain de camping,2024-08,932.0,28555.435704666033
8684,362,I553,Terrain de camping,2024-09,932.0,16458.962294877478
8685,362,I553,Terrain de camping,2024-10,932.0,13828.395671693113
8686,362,I553,Terrain de camping,2024-11,932.0,8880.369862570251
8687,362,I553,Terrain de camping,2024-12,932.0,5876.625147756514
8688,363,I551,Hôtel,2024-01,257.0,3634.91179922217
8689,363,I551,Hôtel,2024-02,257.0,4390.963780044779
8690,363,I551,Hôtel,2024-03,257.0,5519.590241479719
8691,363,I551,Hôtel,2024-04,257.0,5737.995105519708
8692,363,I551,Hôtel,2024-05,257.0,6308.376234133993
8693,363,I551,Hôtel,2024-06,257.0,6437.745999703608
8694,363,I551,Hôtel,2024-07,257.0,7427.182798024585
8695,363,I551,Hôtel,2024-08,257.0,8672.466113317741
8696,363,I551,Hôtel,2024-09,257.0,5743.462594559443
8697,363,I551,Hôtel,2024-10,257.0,6203.535382879531
8698,363,I551,Hôtel,2024-11,257.0,4677.484640142523
8699,363,I551,Hôtel,2024-12,257.0,4426.5018353193345
8700,363,I553,Terrain de camping,2024-01,604.0,3251.372323944958
8701,363,I553,Terrain de camping,2024-02,604.0,3884.5809078594284
8702,363,I553,Terrain de camping,2024-03,604.0,4866.790661055941
8703,363,I553,Terrain de camping,2024-04,604.0,5003.448355133424
8704,363,I553,Terrain de camping,2024-05,604.0,5549.19866549104
8705,363,I553,Terrain de camping,2024-06,604.0,5720.272758004568
8706,363,I553,Terrain de camping,2024-07,604.0,6536.6249826229105
8707,363,I553,Terrain de camping,2024-08,604.0,7541.599391477269
8708,363,I553,Terrain de camping,2024-09,604.0,5158.816371056538
8709,363,I553,Terrain de camping,2024-10,604.0,5458.162718719274
8710,363,I553,Terrain de camping,2024-11,604.0,4164.261016998299
8711,363,I553,Terrain de camping,2024-12,604.0,3895.2154097154475
8712,364,I551,Hôtel,2024-01,483.0,8023.4222222222215
8713,364,I551,Hôtel,2024-02,483.0,11179.022222222222
8714,364,I551,Hôtel,2024-03,483.0,14613.68888888889
8715,364,I551,Hôtel,2024-04,483.0,17122.222222222223
8716,364,I551,Hôtel,2024-05,483.0,17153.911111111112
8717,364,I551,Hôtel,2024-06,483.0,15528.577777777778
8718,364,I551,Hôtel,2024-07,483.0,20083.600000000002
8719,364,I551,Hôtel,2024-08,483.0,26592.080716426663
8720,364,I551,Hôtel,2024-09,483.0,11939.68738940889
8721,364,I551,Hôtel,2024-10,483.0,16827.81775674667
8722,364,I551,Hôtel,2024-11,483.0,11003.96782883111
8723,364,I551,Hôtel,2024-12,483.0,11987.710422284443
8724,364,I553,Terrain de camping,2024-01,1022.0,6074.801248007095
8725,364,I553,Terrain de camping,2024-02,1022.0,8464.011523532372
8726,364,I553,Terrain de camping,2024-03,1022.0,11064.51250369594
8727,364,I553,Terrain de camping,2024-04,1022.0,12963.806969565403
8728,364,I553,Terrain de camping,2024-05,1022.0,12987.799686941911
8729,364,I553,Terrain de camping,2024-06,1022.0,11757.20547311451
8730,364,I553,Terrain de camping,2024-07,1022.0,15205.96510633143
8731,364,I553,Terrain de camping,2024-08,1022.0,20133.753484371966
8732,364,I553,Terrain de camping,2024-09,1022.0,9039.93655638715
8733,364,I553,Terrain de camping,2024-10,1022.0,12740.903504590526
8734,364,I553,Terrain de camping,2024-11,1022.0,8331.471988906347
8735,364,I553,Terrain de camping,2024-12,1022.0,9076.296400349682
8736,365,I551,Hôtel,2024-01,0.0,0.0
8737,365,I551,Hôtel,2024-02,0.0,0.0
8738,365,I551,Hôtel,2024-03,0.0,0.0
8739,365,I551,Hôtel,2024-04,0.0,0.0
8740,365,I551,Hôtel,2024-05,0.0,0.0
8741,365,I551,Hôtel,2024-06,0.0,0.0
8742,365,I551,Hôtel,2024-07,0.0,0.0
8743,365,I551,Hôtel,2024-08,0.0,0.0
8744,365,I551,Hôtel,2024-09,0.0,0.0
8745,365,I551,Hôtel,2024-10,0.0,0.0
8746,365,I551,Hôtel,2024-11,0.0,0.0
8747,365,I551,Hôtel,2024-12,0.0,0.0
8748,365,I553,Terrain de camping,2024-01,0.0,0.0
8749,365,I553,Terrain de camping,2024-02,0.0,0.0
8750,365,I553,Terrain de camping,2024-03,0.0,0.0
8751,365,I553,Terrain de camping,2024-04,0.0,0.0
8752,365,I553,Terrain de camping,2024-05,0.0,0.0
8753,365,I553,Terrain de camping,2024-06,0.0,0.0
8754,365,I553,Terrain de camping,2024-07,0.0,0.0
8755,365,I553,Terrain de camping,2024-08,0.0,0.0
8756,365,I553,Terrain de camping,2024-09,0.0,0.0
8757,365,I553,Terrain de camping,2024-10,0.0,0.0
8758,365,I553,Terrain de camping,2024-11,0.0,0.0
8759,365,I553,Terrain de camping,2024-12,0.0,0.0
8760,366,I551,Hôtel,2024-01,2450.0,32604.844814534445
8761,366,I551,Hôtel,2024-02,2450.0,36833.4595003785
8762,366,I551,Hôtel,2024-03,2450.0,45337.055261165784
8763,366,I551,Hôtel,2024-04,2450.0,43816.2376987131
8764,366,I551,Hôtel,2024-05,2450.0,51040.121120363365
8765,366,I551,Hôtel,2024-06,2450.0,55482.021196063586
8766,366,I551,Hôtel,2024-07,2450.0,60285.57910673733
8767,366,I551,Hôtel,2024-08,2450.0,64999.287451514014
8768,366,I551,Hôtel,2024-09,2450.0,52785.66300582892
8769,366,I551,Hôtel,2024-10,2450.0,50262.28883679031
8770,366,I551,Hôtel,2024-11,2450.0,40790.1955246215
8771,366,I551,Hôtel,2024-12,2450.0,35898.22789506056
8772,366,I553,Terrain de camping,2024-01,1981.0,10343.979175821383
8773,366,I553,Terrain de camping,2024-02,1981.0,11685.51913719071
8774,366,I553,Terrain de camping,2024-03,1981.0,14383.308927926837
8775,366,I553,Terrain de camping,2024-04,1981.0,13900.8252576098
8776,366,I553,Terrain de camping,2024-05,1981.0,16192.62269161573
8777,366,I553,Terrain de camping,2024-06,1981.0,17601.82804577342
8778,366,I553,Terrain de camping,2024-07,1981.0,19125.770370311388
8779,366,I553,Terrain de camping,2024-08,1981.0,20621.20766610646
8780,366,I553,Terrain de camping,2024-09,1981.0,16746.400788597526
8781,366,I553,Terrain de camping,2024-10,1981.0,15945.853201089754
8782,366,I553,Terrain de camping,2024-11,1981.0,12940.804824695255
8783,366,I553,Terrain de camping,2024-12,1981.0,11388.814266948044
8784,367,I551,Hôtel,2024-01,0.0,0.0
8785,367,I551,Hôtel,2024-02,0.0,0.0
8786,367,I551,Hôtel,2024-03,0.0,0.0
8787,367,I551,Hôtel,2024-04,0.0,0.0
8788,367,I551,Hôtel,2024-05,0.0,0.0
8789,367,I551,Hôtel,2024-06,0.0,0.0
8790,367,I551,Hôtel,2024-07,0.0,0.0
8791,367,I551,Hôtel,2024-08,0.0,0.0
8792,367,I551,Hôtel,2024-09,0.0,0.0
8793,367,I551,Hôtel,2024-10,0.0,0.0
8794,367,I551,Hôtel,2024-11,0.0,0.0
8795,367,I551,Hôtel,2024-12,0.0,0.0
8796,367,I553,Terrain de camping,2024-01,71.0,370.73322639238677
8797,367,I553,Terrain de camping,2024-02,71.0,418.8146687231401
8798,367,I553,Terrain de camping,2024-03,71.0,515.504762182133
8799,367,I553,Terrain de camping,2024-04,71.0,498.21231362458144
8800,367,I553,Terrain de camping,2024-05,71.0,580.3514442729514
8801,367,I553,Terrain de camping,2024-06,71.0,630.8580470721419
8802,367,I553,Terrain de camping,2024-07,71.0,685.4768784917256
8803,367,I553,Terrain de camping,2024-08,71.0,739.0740758675208
8804,367,I553,Terrain de camping,2024-09,71.0,600.1991196317134
8805,367,I553,Terrain de camping,2024-10,71.0,571.5071061470836
8806,367,I553,Terrain de camping,2024-11,71.0,463.80471607943616
8807,367,I553,Terrain de camping,2024-12,71.0,408.1806223893544
8808,368,I551,Hôtel,2024-01,0.0,0.0
8809,368,I551,Hôtel,2024-02,0.0,0.0
8810,368,I551,Hôtel,2024-03,0.0,0.0
8811,368,I551,Hôtel,2024-04,0.0,0.0
8812,368,I551,Hôtel,2024-05,0.0,0.0
8813,368,I551,Hôtel,2024-06,0.0,0.0
8814,368,I551,Hôtel,2024-07,0.0,0.0
8815,368,I551,Hôtel,2024-08,0.0,0.0
8816,368,I551,Hôtel,2024-09,0.0,0.0
8817,368,I551,Hôtel,2024-10,0.0,0.0
8818,368,I551,Hôtel,2024-11,0.0,0.0
8819,368,I551,Hôtel,2024-12,0.0,0.0
8820,368,I553,Terrain de camping,2024-01,0.0,0.0
8821,368,I553,Terrain de camping,2024-02,0.0,0.0
8822,368,I553,Terrain de camping,2024-03,0.0,0.0
8823,368,I553,Terrain de camping,2024-04,0.0,0.0
8824,368,I553,Terrain de camping,2024-05,0.0,0.0
8825,368,I553,Terrain de camping,2024-06,0.0,0.0
8826,368,I553,Terrain de camping,2024-07,0.0,0.0
8827,368,I553,Terrain de camping,2024-08,0.0,0.0
8828,368,I553,Terrain de camping,2024-09,0.0,0.0
8829,368,I553,Terrain de camping,2024-10,0.0,0.0
8830,368,I553,Terrain de camping,2024-11,0.0,0.0
8831,368,I553,Terrain de camping,2024-12,0.0,0.0
8832,369,I551,Hôtel,2024-01,1134.0,18741.947015639962
8833,369,I551,Hôtel,2024-02,1134.0,23190.354293009892
8834,369,I551,Hôtel,2024-03,1134.0,18948.260453239705
8835,369,I551,Hôtel,2024-04,1134.0,17992.70347909352
8836,369,I551,Hôtel,2024-05,1134.0,26241.62144909033
8837,369,I551,Hôtel,2024-06,1134.0,26929.332907756143
8838,369,I551,Hôtel,2024-07,1134.0,29948.02425789978
8839,369,I551,Hôtel,2024-08,1134.0,37007.25473280881
8840,369,I551,Hôtel,2024-09,1134.0,24952.47739467731
8841,369,I551,Hôtel,2024-10,1134.0,21604.898891151613
8842,369,I551,Hôtel,2024-11,1134.0,16200.720544561764
8843,369,I551,Hôtel,2024-12,1134.0,22810.84802876476
8844,369,I553,Terrain de camping,2024-01,1083.0,10557.454269812237
8845,369,I553,Terrain de camping,2024-02,1083.0,13063.269506892042
8846,369,I553,Terrain de camping,2024-03,1083.0,10673.671900824074
8847,369,I553,Terrain de camping,2024-04,1083.0,10135.400767716616
8848,369,I553,Terrain de camping,2024-05,1083.0,14782.067102382909
8849,369,I553,Terrain de camping,2024-06,1083.0,15169.459205755707
8850,369,I553,Terrain de camping,2024-07,1083.0,16869.906648981545
8851,369,I553,Terrain de camping,2024-08,1083.0,20846.41468503162
8852,369,I553,Terrain de camping,2024-09,1083.0,14055.884310898742
8853,369,I553,Terrain de camping,2024-10,1083.0,12170.172707078362
8854,369,I553,Terrain de camping,2024-11,1083.0,9125.965735816488
8855,369,I553,Terrain de camping,2024-12,1083.0,12849.491289157682
8856,370,I551,Hôtel,2024-01,1628.0,26906.42834344079
8857,370,I551,Hôtel,2024-02,1628.0,33292.67794446217
8858,370,I551,Hôtel,2024-03,1628.0,27202.617299712736
8859,370,I551,Hôtel,2024-04,1628.0,25830.794765400573
8860,370,I551,Hôtel,2024-05,1628.0,37673.15671879987
8861,370,I551,Hôtel,2024-06,1628.0,38660.45323970635
8862,370,I551,Hôtel,2024-07,1628.0,42994.165336737955
8863,370,I551,Hôtel,2024-08,1628.0,53128.58086861794
8864,370,I551,Hôtel,2024-09,1628.0,35822.427864669015
8865,370,I551,Hôtel,2024-10,1628.0,31016.556785533354
8866,370,I551,Hôtel,2024-11,1628.0,23258.17728972359
8867,370,I551,Hôtel,2024-12,1628.0,32747.84884552825
8868,370,I553,Terrain de camping,2024-01,3171.0,30911.992141804803
8869,370,I553,Terrain de camping,2024-02,3171.0,38248.963625442906
8870,370,I553,Terrain de camping,2024-03,3171.0,31252.2747899475
8871,370,I553,Terrain de camping,2024-04,3171.0,29676.228840655018
8872,370,I553,Terrain de camping,2024-05,3171.0,43281.56489534275
8873,370,I553,Terrain de camping,2024-06,3171.0,44415.84038915175
8874,370,I553,Terrain de camping,2024-07,3171.0,49394.71281987117
8875,370,I553,Terrain de camping,2024-08,3171.0,61037.84022736405
8876,370,I553,Terrain de camping,2024-09,3171.0,41155.31777457056
8877,370,I553,Terrain de camping,2024-10,3171.0,35633.99598720728
8878,370,I553,Terrain de camping,2024-11,3171.0,26720.625437002847
8879,370,I553,Terrain de camping,2024-12,3171.0,37623.02574138413
8880,371,I551,Hôtel,2024-01,543.0,6897.001157854111
8881,371,I551,Hôtel,2024-02,543.0,8164.909301428019
8882,371,I551,Hôtel,2024-03,543.0,10095.063681976071
8883,371,I551,Hôtel,2024-04,543.0,11264.473176379775
8884,371,I551,Hôtel,2024-05,543.0,14892.157468159012
8885,371,I551,Hôtel,2024-06,543.0,14462.535700501736
8886,371,I551,Hôtel,2024-07,543.0,16334.010034735624
8887,371,I551,Hôtel,2024-08,543.0,15949.26456033925
8888,371,I551,Hôtel,2024-09,543.0,14526.689881755308
8889,371,I551,Hôtel,2024-10,543.0,12473.354079523351
8890,371,I551,Hôtel,2024-11,543.0,9505.62407914087
8891,371,I551,Hôtel,2024-12,543.0,8178.07196323929
8892,371,I553,Terrain de camping,2024-01,445.0,1954.4077392513263
8893,371,I553,Terrain de camping,2024-02,445.0,2313.69570104016
8894,371,I553,Terrain de camping,2024-03,445.0,2860.6448131186994
8895,371,I553,Terrain de camping,2024-04,445.0,3192.0211481239376
8896,371,I553,Terrain de camping,2024-05,445.0,4220.000423919759
8897,371,I553,Terrain de camping,2024-06,445.0,4098.258221991311
8898,371,I553,Terrain de camping,2024-07,445.0,4628.579130879623
8899,371,I553,Terrain de camping,2024-08,445.0,4519.553553590007
8900,371,I553,Terrain de camping,2024-09,445.0,4116.437634387745
8901,371,I553,Terrain de camping,2024-10,445.0,3534.5825220982515
8902,371,I553,Terrain de camping,2024-11,445.0,2693.614926471447
8903,371,I553,Terrain de camping,2024-12,445.0,2317.4256131460616
8904,372,I551,Hôtel,2024-01,496.0,10233.664302600473
8905,372,I551,Hôtel,2024-02,496.0,10125.933806146571
8906,372,I551,Hôtel,2024-03,496.0,12416.855791962174
8907,372,I551,Hôtel,2024-04,496.0,12150.82742316785
8908,372,I551,Hôtel,2024-05,496.0,13079.361702127659
8909,372,I551,Hôtel,2024-06,496.0,14013.758865248228
8910,372,I551,Hôtel,2024-07,496.0,13269.905437352247
8911,372,I551,Hôtel,2024-08,496.0,11896.441209245864
8912,372,I551,Hôtel,2024-09,496.0,12973.181736997636
8913,372,I551,Hôtel,2024-10,496.0,13159.218791891253
8914,372,I551,Hôtel,2024-11,496.0,11356.403890066193
8915,372,I551,Hôtel,2024-12,496.0,10854.737863380615
8916,372,I553,Terrain de camping,2024-01,891.0,3532.6703906272846
8917,372,I553,Terrain de camping,2024-02,891.0,3495.4817235245773
8918,372,I553,Terrain de camping,2024-03,891.0,4286.310113749506
8919,372,I553,Terrain de camping,2024-04,891.0,4194.476874577512
8920,372,I553,Terrain de camping,2024-05,891.0,4515.00776722466
8921,372,I553,Terrain de camping,2024-06,891.0,4837.562532911412
8922,372,I553,Terrain de camping,2024-07,891.0,4580.7836410117625
8923,372,I553,Terrain de camping,2024-08,891.0,4106.662518044671
8924,372,I553,Terrain de camping,2024-09,891.0,4478.354344970292
8925,372,I553,Terrain de camping,2024-10,891.0,4542.574508535281
8926,372,I553,Terrain de camping,2024-11,891.0,3920.2411355477907
8927,372,I553,Terrain de camping,2024-12,891.0,3747.065558740425
8928,373,I551,Hôtel,2024-01,3377.0,69675.57328605201
8929,373,I551,Hôtel,2024-02,3377.0,68942.09367612292
8930,373,I551,Hôtel,2024-03,3377.0,84539.76211583924
8931,373,I551,Hôtel,2024-04,3377.0,82728.51654846336
8932,373,I551,Hôtel,2024-05,3377.0,89050.41223404255
8933,373,I551,Hôtel,2024-06,3377.0,95412.22517730496
8934,373,I551,Hôtel,2024-07,3377.0,90347.72310874704
8935,373,I551,Hôtel,2024-08,3377.0,80996.53621698242
8936,373,I551,Hôtel,2024-09,3377.0,88327.48936661494
8937,373,I551,Hôtel,2024-10,3377.0,89594.11665366283
8938,373,I551,Hôtel,2024-11,3377.0,77319.70954990631
8939,373,I551,Hôtel,2024-12,3377.0,73904.1325899926
8940,373,I553,Terrain de camping,2024-01,211.0,836.58075468278
8941,373,I553,Terrain de camping,2024-02,211.0,827.7740108458876
8942,373,I553,Terrain de camping,2024-03,211.0,1015.0521144794002
8943,373,I553,Terrain de camping,2024-04,211.0,993.3048490862573
8944,373,I553,Terrain de camping,2024-05,211.0,1069.2105935851887
8945,373,I553,Terrain de camping,2024-06,211.0,1145.5956166602784
8946,373,I553,Terrain de camping,2024-07,211.0,1084.787147310305
8947,373,I553,Terrain de camping,2024-08,211.0,972.5093056200062
8948,373,I553,Terrain de camping,2024-09,211.0,1060.5306024564889
8949,373,I553,Terrain de camping,2024-10,211.0,1075.7387444455042
8950,373,I553,Terrain de camping,2024-11,211.0,928.3623789007672
8951,373,I553,Terrain de camping,2024-12,211.0,887.3522254705159
