code_cluster,mois,pression_station,température,précipitations_24_dernières_heures,Rafale sur les 10 dernières minutes
1,1,99207.86214522668,4.299631404349452,5032.3,5.668669369701438
1,2,99139.03238866397,6.553279352226743,3322.9,5.803562753036437
1,3,98799.78912319645,9.21361450240476,5247.5,5.785312615612283
1,4,98763.87950882579,12.500038372985442,5480.0,5.91615502686109
1,5,98781.10812883436,16.20563650306751,7260.7,5.651878834355828
1,6,98806.03780864198,21.33109567901237,7052.7,5.412345679012345
1,7,98857.34549516009,23.280789277736435,3881.1,5.428704393149665
1,8,98856.96235557212,22.900484532240053,5307.1,5.230860976518822
1,9,98963.25181505541,18.41146350783342,6204.0,4.942911730989683
1,10,98993.84382107657,13.806444275966664,8537.5,5.326042456406369
1,11,98921.86947368422,8.243284210526339,5186.5,5.020378947368421
1,12,99266.41243983709,5.347982228804169,5744.0,5.2262125138837465
2,1,99207.86214522668,4.299631404349452,5032.3,5.668669369701438
2,2,99139.03238866397,6.553279352226743,3322.9,5.803562753036437
2,3,98799.78912319645,9.21361450240476,5247.5,5.785312615612283
2,4,98763.87950882579,12.500038372985442,5480.0,5.91615502686109
2,5,98781.10812883436,16.20563650306751,7260.7,5.651878834355828
2,6,98806.03780864198,21.33109567901237,7052.7,5.412345679012345
2,7,98857.34549516009,23.280789277736435,3881.1,5.428704393149665
2,8,98856.96235557212,22.900484532240053,5307.1,5.230860976518822
2,9,98963.25181505541,18.41146350783342,6204.0,4.942911730989683
2,10,98993.84382107657,13.806444275966664,8537.5,5.326042456406369
2,11,98921.86947368422,8.243284210526339,5186.5,5.020378947368421
2,12,99266.41243983709,5.347982228804169,5744.0,5.2262125138837465
3,1,99207.86214522668,4.299631404349452,5032.3,5.668669369701438
3,2,99139.03238866397,6.553279352226743,3322.9,5.803562753036437
3,3,98799.78912319645,9.21361450240476,5247.5,5.785312615612283
3,4,98763.87950882579,12.500038372985442,5480.0,5.91615502686109
3,5,98781.10812883436,16.20563650306751,7260.7,5.651878834355828
3,6,98806.03780864198,21.33109567901237,7052.7,5.412345679012345
3,7,98857.34549516009,23.280789277736435,3881.1,5.428704393149665
3,8,98856.96235557212,22.900484532240053,5307.1,5.230860976518822
3,9,98963.25181505541,18.41146350783342,6204.0,4.942911730989683
3,10,98993.84382107657,13.806444275966664,8537.5,5.326042456406369
3,11,98921.86947368422,8.243284210526339,5186.5,5.020378947368421
3,12,99266.41243983709,5.347982228804169,5744.0,5.2262125138837465
4,1,99207.86214522668,4.299631404349452,5032.3,5.668669369701438
4,2,99139.03238866397,6.553279352226743,3322.9,5.803562753036437
4,3,98799.78912319645,9.21361450240476,5247.5,5.785312615612283
4,4,98763.87950882579,12.500038372985442,5480.0,5.91615502686109
4,5,98781.10812883436,16.20563650306751,7260.7,5.651878834355828
4,6,98806.03780864198,21.33109567901237,7052.7,5.412345679012345
4,7,98857.34549516009,23.280789277736435,3881.1,5.428704393149665
4,8,98856.96235557212,22.900484532240053,5307.1,5.230860976518822
4,9,98963.25181505541,18.41146350783342,6204.0,4.942911730989683
4,10,98993.84382107657,13.806444275966664,8537.5,5.326042456406369
4,11,98921.86947368422,8.243284210526339,5186.5,5.020378947368421
4,12,99266.41243983709,5.347982228804169,5744.0,5.2262125138837465
5,1,99207.86214522668,4.299631404349452,5032.3,5.668669369701438
5,2,99139.03238866397,6.553279352226743,3322.9,5.803562753036437
5,3,98799.78912319645,9.21361450240476,5247.5,5.785312615612283
5,4,98763.87950882579,12.500038372985442,5480.0,5.91615502686109
5,5,98781.10812883436,16.20563650306751,7260.7,5.651878834355828
5,6,98806.03780864198,21.33109567901237,7052.7,5.412345679012345
5,7,98857.34549516009,23.280789277736435,3881.1,5.428704393149665
5,8,98856.96235557212,22.900484532240053,5307.1,5.230860976518822
5,9,98963.25181505541,18.41146350783342,6204.0,4.942911730989683
5,10,98993.84382107657,13.806444275966664,8537.5,5.326042456406369
5,11,98921.86947368422,8.243284210526339,5186.5,5.020378947368421
5,12,99266.41243983709,5.347982228804169,5744.0,5.2262125138837465
6,1,99207.86214522668,4.299631404349452,5032.3,5.668669369701438
6,2,99139.03238866397,6.553279352226743,3322.9,5.803562753036437
6,3,98799.78912319645,9.21361450240476,5247.5,5.785312615612283
6,4,98763.87950882579,12.500038372985442,5480.0,5.91615502686109
6,5,98781.10812883436,16.20563650306751,7260.7,5.651878834355828
6,6,98806.03780864198,21.33109567901237,7052.7,5.412345679012345
6,7,98857.34549516009,23.280789277736435,3881.1,5.428704393149665
6,8,98856.96235557212,22.900484532240053,5307.1,5.230860976518822
6,9,98963.25181505541,18.41146350783342,6204.0,4.942911730989683
6,10,98993.84382107657,13.806444275966664,8537.5,5.326042456406369
6,11,98921.86947368422,8.243284210526339,5186.5,5.020378947368421
6,12,99266.41243983709,5.347982228804169,5744.0,5.2262125138837465
7,1,99207.86214522668,4.299631404349452,5032.3,5.668669369701438
7,2,99139.03238866397,6.553279352226743,3322.9,5.803562753036437
7,3,98799.78912319645,9.21361450240476,5247.5,5.785312615612283
7,4,98763.87950882579,12.500038372985442,5480.0,5.91615502686109
7,5,98781.10812883436,16.20563650306751,7260.7,5.651878834355828
7,6,98806.03780864198,21.33109567901237,7052.7,5.412345679012345
7,7,98857.34549516009,23.280789277736435,3881.1,5.428704393149665
7,8,98856.96235557212,22.900484532240053,5307.1,5.230860976518822
7,9,98963.25181505541,18.41146350783342,6204.0,4.942911730989683
7,10,98993.84382107657,13.806444275966664,8537.5,5.326042456406369
7,11,98921.86947368422,8.243284210526339,5186.5,5.020378947368421
7,12,99266.41243983709,5.347982228804169,5744.0,5.2262125138837465
8,1,101161.87429854096,4.217508417508441,5558.5,6.892517770295548
8,2,101187.26753670473,5.635522022838523,4509.0,7.536052202283851
8,3,100968.86743408837,7.811399925733405,4761.1,7.051281099145934
8,4,101096.1203239491,10.55800231392212,3235.2,6.328731199382955
8,5,101113.47038853263,14.309769898151664,5162.1,6.227121840814786
8,6,101092.17357310398,18.0495699765442,5669.3,5.948670836591087
8,7,101078.66972477065,19.563799694189626,3394.7,5.949503058103976
8,8,101078.42688048874,19.56231386025203,5188.6,5.6221458571974035
8,9,101138.63295140261,16.182338996444116,4705.5,5.442789411299882
8,10,101037.26601941748,12.485242718446624,6043.7,5.908077669902912
8,11,100864.79914529914,7.959658119658142,5863.7,6.513162393162393
8,12,101122.77841125047,5.883504370961634,5468.8,7.095667046750285
9,1,100738.35018196523,3.9377678932470905,4319.6,5.573271330367975
9,2,100732.33842010771,5.43164272890487,3317.7,5.966741472172352
9,3,100386.49773382777,7.265595385249301,3421.3,5.778903996703749
9,4,100466.45527089458,10.043553128937445,2573.1,4.973162536749265
9,5,100518.08225108225,14.098961038961061,3466.8,4.81051948051948
9,6,100480.6230248307,18.24261851015804,5009.9,4.444695259593679
9,7,100536.3494025546,19.799752781211396,4698.9,4.686979810465595
9,8,100538.75677930747,19.61919065498542,2523.7,4.359240717563622
9,9,100609.58417440452,15.723617278966517,3847.7,4.5
9,10,100587.80534351146,11.971526717557275,4905.0,4.663740458015267
9,11,100437.6530612245,7.398426870748322,3633.8,5.1656462585034015
9,12,100711.04391052196,5.527091963546005,3919.0,5.514291632145816
10,1,100738.35018196523,3.9377678932470905,4319.6,5.573271330367975
10,2,100732.33842010771,5.43164272890487,3317.7,5.966741472172352
10,3,100386.49773382777,7.265595385249301,3421.3,5.778903996703749
10,4,100466.45527089458,10.043553128937445,2573.1,4.973162536749265
10,5,100518.08225108225,14.098961038961061,3466.8,4.81051948051948
10,6,100480.6230248307,18.24261851015804,5009.9,4.444695259593679
10,7,100536.3494025546,19.799752781211396,4698.9,4.686979810465595
10,8,100538.75677930747,19.61919065498542,2523.7,4.359240717563622
10,9,100609.58417440452,15.723617278966517,3847.7,4.5
10,10,100587.80534351146,11.971526717557275,4905.0,4.663740458015267
10,11,100437.6530612245,7.398426870748322,3633.8,5.1656462585034015
10,12,100711.04391052196,5.527091963546005,3919.0,5.514291632145816
11,1,100738.35018196523,3.9377678932470905,4319.6,5.573271330367975
11,2,100732.33842010771,5.43164272890487,3317.7,5.966741472172352
11,3,100386.49773382777,7.265595385249301,3421.3,5.778903996703749
11,4,100466.45527089458,10.043553128937445,2573.1,4.973162536749265
11,5,100518.08225108225,14.098961038961061,3466.8,4.81051948051948
11,6,100480.6230248307,18.24261851015804,5009.9,4.444695259593679
11,7,100536.3494025546,19.799752781211396,4698.9,4.686979810465595
11,8,100538.75677930747,19.61919065498542,2523.7,4.359240717563622
11,9,100609.58417440452,15.723617278966517,3847.7,4.5
11,10,100587.80534351146,11.971526717557275,4905.0,4.663740458015267
11,11,100437.6530612245,7.398426870748322,3633.8,5.1656462585034015
11,12,100711.04391052196,5.527091963546005,3919.0,5.514291632145816
12,1,100738.35018196523,3.9377678932470905,4319.6,5.573271330367975
12,2,100732.33842010771,5.43164272890487,3317.7,5.966741472172352
12,3,100386.49773382777,7.265595385249301,3421.3,5.778903996703749
12,4,100466.45527089458,10.043553128937445,2573.1,4.973162536749265
12,5,100518.08225108225,14.098961038961061,3466.8,4.81051948051948
12,6,100480.6230248307,18.24261851015804,5009.9,4.444695259593679
12,7,100536.3494025546,19.799752781211396,4698.9,4.686979810465595
12,8,100538.75677930747,19.61919065498542,2523.7,4.359240717563622
12,9,100609.58417440452,15.723617278966517,3847.7,4.5
12,10,100587.80534351146,11.971526717557275,4905.0,4.663740458015267
12,11,100437.6530612245,7.398426870748322,3633.8,5.1656462585034015
12,12,100711.04391052196,5.527091963546005,3919.0,5.514291632145816
13,1,98148.96756509822,4.6032891731384415,1738.4,5.365280950205573
13,2,98043.33509793541,6.721916357861325,1021.1,5.607676019057703
13,3,97690.29985721085,8.774440742503593,1874.4,5.92574964302713
13,4,97704.26897844423,11.329147141518298,3146.5,5.457731958762886
13,5,97781.4,15.170476190476215,4598.4,5.004619047619048
13,6,97793.50571854798,19.765539532570887,6952.8,4.47672799602188
13,7,97905.45544066963,21.69305760709013,2462.5,4.273658296405711
13,8,97890.59301769489,21.69115255858443,3343.1,4.093974175035868
13,9,97957.59355755567,17.34599715774517,3940.0,4.226480341070583
13,10,97923.18633808906,13.383138780804172,2860.9,4.779853004755728
13,11,97843.53372434017,8.706109481915957,2440.5,4.964565004887586
13,12,98188.60120426123,5.732468735525729,2264.1,5.152339045854562
14,1,98148.96756509822,4.6032891731384415,1738.4,5.365280950205573
14,2,98043.33509793541,6.721916357861325,1021.1,5.607676019057703
14,3,97690.29985721085,8.774440742503593,1874.4,5.92574964302713
14,4,97704.26897844423,11.329147141518298,3146.5,5.457731958762886
14,5,97781.4,15.170476190476215,4598.4,5.004619047619048
14,6,97793.50571854798,19.765539532570887,6952.8,4.47672799602188
14,7,97905.45544066963,21.69305760709013,2462.5,4.273658296405711
14,8,97890.59301769489,21.69115255858443,3343.1,4.093974175035868
14,9,97957.59355755567,17.34599715774517,3940.0,4.226480341070583
14,10,97923.18633808906,13.383138780804172,2860.9,4.779853004755728
14,11,97843.53372434017,8.706109481915957,2440.5,4.964565004887586
14,12,98188.60120426123,5.732468735525729,2264.1,5.152339045854562
15,1,98148.96756509822,4.6032891731384415,1738.4,5.365280950205573
15,2,98043.33509793541,6.721916357861325,1021.1,5.607676019057703
15,3,97690.29985721085,8.774440742503593,1874.4,5.92574964302713
15,4,97704.26897844423,11.329147141518298,3146.5,5.457731958762886
15,5,97781.4,15.170476190476215,4598.4,5.004619047619048
15,6,97793.50571854798,19.765539532570887,6952.8,4.47672799602188
15,7,97905.45544066963,21.69305760709013,2462.5,4.273658296405711
15,8,97890.59301769489,21.69115255858443,3343.1,4.093974175035868
15,9,97957.59355755567,17.34599715774517,3940.0,4.226480341070583
15,10,97923.18633808906,13.383138780804172,2860.9,4.779853004755728
15,11,97843.53372434017,8.706109481915957,2440.5,4.964565004887586
15,12,98188.60120426123,5.732468735525729,2264.1,5.152339045854562
16,1,91653.99902104748,1.9264317180616972,3681.1,4.984924131179638
16,2,91542.73058884835,4.265711307972926,3499.7,5.203804064616988
16,3,91311.61042944786,7.0618098159509435,3676.5,5.941513292433538
16,4,91463.75525210085,10.995010504201703,3178.6,5.946901260504202
16,5,91477.40462117142,13.960182697474501,5025.9,5.228210639441161
16,6,91687.55157437568,18.735613463626517,4188.6,5.123452768729641
16,7,91725.95560368165,21.586464537087192,2340.1,5.357227937195452
16,8,91794.95638789123,20.968650590046202,2995.7,5.120061570035916
16,9,91787.76197998947,15.914218009478697,3622.1,4.686940494997367
16,10,91750.78627968338,11.51039577836414,5498.3,4.72401055408971
16,11,91681.01557632399,6.313271028037406,4052.1,4.800436137071651
16,12,91935.58687852383,2.6131727319323654,3740.3,4.285340850845721
17,1,101519.38246191849,7.656072457801588,2271.4,6.703952243721696
17,2,101551.92808988765,9.561258426966315,2499.3,6.481573033707865
17,3,101163.0986492018,11.634670487106039,3802.1,7.015513712648383
17,4,101091.03962505326,14.550234341712848,2986.3,7.189305496378355
17,5,101092.93844856661,18.638322091062417,2638.1,7.000674536256323
17,6,101099.53271028037,23.89188615123197,1346.9,6.708538657604078
17,7,101079.36687631028,26.305408805031472,703.6,7.080754716981131
17,8,101103.13562836997,25.635130651182106,1807.6,6.721401907922024
17,9,101268.42806742454,21.279498235985912,4085.6,6.412700901607213
17,10,101333.36173508909,17.162587141750606,5634.7,6.3193261037955075
17,11,101251.48384353741,12.090773809523833,6428.7,6.509226190476191
17,12,101629.39591836734,8.853020408163289,3014.7,5.609551020408163
18,1,101447.4938169827,9.486479802143467,3438.5,6.445136026380874
18,2,101528.6012715713,10.790145322434173,4799.3,5.66952770208901
18,3,101160.38208709942,12.244823336072331,5479.2,5.930402629416598
18,4,101100.05046257359,14.754583683767894,5708.3,5.326829268292683
18,5,101099.50267159885,18.189971228935494,3437.8,4.7637073571722155
18,6,101144.27253668763,22.816142557652014,1662.6,4.453081761006289
18,7,101078.22976287817,25.519174161897,691.5,4.474080130825838
18,8,101091.92903752039,25.86994290375206,1118.8,4.524469820554649
18,9,101249.5107632094,22.151780821917832,4594.2,5.273737769080235
18,10,101375.08345978755,18.142488619119902,9041.0,5.496585735963581
18,11,101230.45592705168,13.318801563178486,6204.7,6.21411202778984
18,12,101564.03021641486,10.196570028583118,5586.6,6.388934258881176
19,1,91653.99902104748,1.9264317180616972,3681.1,4.984924131179638
19,2,91542.73058884835,4.265711307972926,3499.7,5.203804064616988
19,3,91311.61042944786,7.0618098159509435,3676.5,5.941513292433538
19,4,91463.75525210085,10.995010504201703,3178.6,5.946901260504202
19,5,91477.40462117142,13.960182697474501,5025.9,5.228210639441161
19,6,91687.55157437568,18.735613463626517,4188.6,5.123452768729641
19,7,91725.95560368165,21.586464537087192,2340.1,5.357227937195452
19,8,91794.95638789123,20.968650590046202,2995.7,5.120061570035916
19,9,91787.76197998947,15.914218009478697,3622.1,4.686940494997367
19,10,91750.78627968338,11.51039577836414,5498.3,4.72401055408971
19,11,91681.01557632399,6.313271028037406,4052.1,4.800436137071651
19,12,91935.58687852383,2.6131727319323654,3740.3,4.285340850845721
20,1,101519.38246191849,7.656072457801588,2271.4,6.703952243721696
20,2,101551.92808988765,9.561258426966315,2499.3,6.481573033707865
20,3,101163.0986492018,11.634670487106039,3802.1,7.015513712648383
20,4,101091.03962505326,14.550234341712848,2986.3,7.189305496378355
20,5,101092.93844856661,18.638322091062417,2638.1,7.000674536256323
20,6,101099.53271028037,23.89188615123197,1346.9,6.708538657604078
20,7,101079.36687631028,26.305408805031472,703.6,7.080754716981131
20,8,101103.13562836997,25.635130651182106,1807.6,6.721401907922024
20,9,101268.42806742454,21.279498235985912,4085.6,6.412700901607213
20,10,101333.36173508909,17.162587141750606,5634.7,6.3193261037955075
20,11,101251.48384353741,12.090773809523833,6428.7,6.509226190476191
20,12,101629.39591836734,8.853020408163289,3014.7,5.609551020408163
21,1,101447.4938169827,9.486479802143467,3438.5,6.445136026380874
21,2,101528.6012715713,10.790145322434173,4799.3,5.66952770208901
21,3,101160.38208709942,12.244823336072331,5479.2,5.930402629416598
21,4,101100.05046257359,14.754583683767894,5708.3,5.326829268292683
21,5,101099.50267159885,18.189971228935494,3437.8,4.7637073571722155
21,6,101144.27253668763,22.816142557652014,1662.6,4.453081761006289
21,7,101078.22976287817,25.519174161897,691.5,4.474080130825838
21,8,101091.92903752039,25.86994290375206,1118.8,4.524469820554649
21,9,101249.5107632094,22.151780821917832,4594.2,5.273737769080235
21,10,101375.08345978755,18.142488619119902,9041.0,5.496585735963581
21,11,101230.45592705168,13.318801563178486,6204.7,6.21411202778984
21,12,101564.03021641486,10.196570028583118,5586.6,6.388934258881176
22,1,91653.99902104748,1.9264317180616972,3681.1,4.984924131179638
22,2,91542.73058884835,4.265711307972926,3499.7,5.203804064616988
22,3,91311.61042944786,7.0618098159509435,3676.5,5.941513292433538
22,4,91463.75525210085,10.995010504201703,3178.6,5.946901260504202
22,5,91477.40462117142,13.960182697474501,5025.9,5.228210639441161
22,6,91687.55157437568,18.735613463626517,4188.6,5.123452768729641
22,7,91725.95560368165,21.586464537087192,2340.1,5.357227937195452
22,8,91794.95638789123,20.968650590046202,2995.7,5.120061570035916
22,9,91787.76197998947,15.914218009478697,3622.1,4.686940494997367
22,10,91750.78627968338,11.51039577836414,5498.3,4.72401055408971
22,11,91681.01557632399,6.313271028037406,4052.1,4.800436137071651
22,12,91935.58687852383,2.6131727319323654,3740.3,4.285340850845721
23,1,101447.4938169827,9.486479802143467,3438.5,6.445136026380874
23,2,101528.6012715713,10.790145322434173,4799.3,5.66952770208901
23,3,101160.38208709942,12.244823336072331,5479.2,5.930402629416598
23,4,101100.05046257359,14.754583683767894,5708.3,5.326829268292683
23,5,101099.50267159885,18.189971228935494,3437.8,4.7637073571722155
23,6,101144.27253668763,22.816142557652014,1662.6,4.453081761006289
23,7,101078.22976287817,25.519174161897,691.5,4.474080130825838
23,8,101091.92903752039,25.86994290375206,1118.8,4.524469820554649
23,9,101249.5107632094,22.151780821917832,4594.2,5.273737769080235
23,10,101375.08345978755,18.142488619119902,9041.0,5.496585735963581
23,11,101230.45592705168,13.318801563178486,6204.7,6.21411202778984
23,12,101564.03021641486,10.196570028583118,5586.6,6.388934258881176
24,1,92262.8349944629,1.6459210040605619,3439.0,5.003617571059431
24,2,92227.83187682064,3.1732833957553286,2341.5,5.146317103620475
24,3,91966.8446969697,5.31416666666669,4020.9,5.725492424242424
24,4,91984.68217054264,8.158759689922505,4103.1,5.4657364341085275
24,5,92108.23712948518,11.960062402496122,6555.9,5.1180967238689545
24,6,92235.43486973947,16.9785971943888,7048.6,4.560320641282565
24,7,92330.19852082523,19.180342545737666,4250.2,4.59116387699494
24,8,92331.59907300115,18.560602549246838,4488.9,4.248281189648512
24,9,92332.1768172888,13.917053045186664,5913.0,4.138310412573674
24,10,92262.41089307169,10.384301161393696,4288.0,4.397316780136164
24,11,92069.28816466553,5.484691252144105,5103.5,4.710548885077187
24,12,92356.04391371341,2.816255778120208,3967.9,4.472804314329738
25,1,101180.22023142964,5.937775289287069,4233.1,7.17010078387458
25,2,101107.01754385965,7.564218686250531,3508.9,6.614443084455324
25,3,100744.33510638298,10.215311550152,5783.9,6.202507598784194
25,4,100691.22291021672,13.412577399380828,5494.8,6.520588235294118
25,5,100678.68131868132,17.2716180371353,6135.7,6.393027661993179
25,6,100674.04642166344,22.49562862669248,5772.7,5.995744680851064
25,7,100674.91281273692,24.905686125852945,2854.7,6.721266110689917
25,8,100685.987933635,24.385822021116162,2622.1,6.359954751131221
25,9,100849.2061008995,19.585569026202606,7567.0,5.457723895189675
25,10,100924.2522106882,15.043752402921976,9438.4,5.842637447135718
25,11,100863.23240938166,9.58895522388062,8356.5,5.872878464818763
25,12,101246.14579439252,6.683663551401892,5212.3,6.080448598130841
26,1,101180.22023142964,5.937775289287069,4233.1,7.17010078387458
26,2,101107.01754385965,7.564218686250531,3508.9,6.614443084455324
26,3,100744.33510638298,10.215311550152,5783.9,6.202507598784194
26,4,100691.22291021672,13.412577399380828,5494.8,6.520588235294118
26,5,100678.68131868132,17.2716180371353,6135.7,6.393027661993179
26,6,100674.04642166344,22.49562862669248,5772.7,5.995744680851064
26,7,100674.91281273692,24.905686125852945,2854.7,6.721266110689917
26,8,100685.987933635,24.385822021116162,2622.1,6.359954751131221
26,9,100849.2061008995,19.585569026202606,7567.0,5.457723895189675
26,10,100924.2522106882,15.043752402921976,9438.4,5.842637447135718
26,11,100863.23240938166,9.58895522388062,8356.5,5.872878464818763
26,12,101246.14579439252,6.683663551401892,5212.3,6.080448598130841
27,1,101180.22023142964,5.937775289287069,4233.1,7.17010078387458
27,2,101107.01754385965,7.564218686250531,3508.9,6.614443084455324
27,3,100744.33510638298,10.215311550152,5783.9,6.202507598784194
27,4,100691.22291021672,13.412577399380828,5494.8,6.520588235294118
27,5,100678.68131868132,17.2716180371353,6135.7,6.393027661993179
27,6,100674.04642166344,22.49562862669248,5772.7,5.995744680851064
27,7,100674.91281273692,24.905686125852945,2854.7,6.721266110689917
27,8,100685.987933635,24.385822021116162,2622.1,6.359954751131221
27,9,100849.2061008995,19.585569026202606,7567.0,5.457723895189675
27,10,100924.2522106882,15.043752402921976,9438.4,5.842637447135718
27,11,100863.23240938166,9.58895522388062,8356.5,5.872878464818763
27,12,101246.14579439252,6.683663551401892,5212.3,6.080448598130841
28,1,99207.86214522668,4.299631404349452,5032.3,5.668669369701438
28,2,99139.03238866397,6.553279352226743,3322.9,5.803562753036437
28,3,98799.78912319645,9.21361450240476,5247.5,5.785312615612283
28,4,98763.87950882579,12.500038372985442,5480.0,5.91615502686109
28,5,98781.10812883436,16.20563650306751,7260.7,5.651878834355828
28,6,98806.03780864198,21.33109567901237,7052.7,5.412345679012345
28,7,98857.34549516009,23.280789277736435,3881.1,5.428704393149665
28,8,98856.96235557212,22.900484532240053,5307.1,5.230860976518822
28,9,98963.25181505541,18.41146350783342,6204.0,4.942911730989683
28,10,98993.84382107657,13.806444275966664,8537.5,5.326042456406369
28,11,98921.86947368422,8.243284210526339,5186.5,5.020378947368421
28,12,99266.41243983709,5.347982228804169,5744.0,5.2262125138837465
29,1,92262.8349944629,1.6459210040605619,3439.0,5.003617571059431
29,2,92227.83187682064,3.1732833957553286,2341.5,5.146317103620475
29,3,91966.8446969697,5.31416666666669,4020.9,5.725492424242424
29,4,91984.68217054264,8.158759689922505,4103.1,5.4657364341085275
29,5,92108.23712948518,11.960062402496122,6555.9,5.1180967238689545
29,6,92235.43486973947,16.9785971943888,7048.6,4.560320641282565
29,7,92330.19852082523,19.180342545737666,4250.2,4.59116387699494
29,8,92331.59907300115,18.560602549246838,4488.9,4.248281189648512
29,9,92332.1768172888,13.917053045186664,5913.0,4.138310412573674
29,10,92262.41089307169,10.384301161393696,4288.0,4.397316780136164
29,11,92069.28816466553,5.484691252144105,5103.5,4.710548885077187
29,12,92356.04391371341,2.816255778120208,3967.9,4.472804314329738
30,1,101180.22023142964,5.937775289287069,4233.1,7.17010078387458
30,2,101107.01754385965,7.564218686250531,3508.9,6.614443084455324
30,3,100744.33510638298,10.215311550152,5783.9,6.202507598784194
30,4,100691.22291021672,13.412577399380828,5494.8,6.520588235294118
30,5,100678.68131868132,17.2716180371353,6135.7,6.393027661993179
30,6,100674.04642166344,22.49562862669248,5772.7,5.995744680851064
30,7,100674.91281273692,24.905686125852945,2854.7,6.721266110689917
30,8,100685.987933635,24.385822021116162,2622.1,6.359954751131221
30,9,100849.2061008995,19.585569026202606,7567.0,5.457723895189675
30,10,100924.2522106882,15.043752402921976,9438.4,5.842637447135718
30,11,100863.23240938166,9.58895522388062,8356.5,5.872878464818763
30,12,101246.14579439252,6.683663551401892,5212.3,6.080448598130841
31,1,100738.35018196523,3.9377678932470905,4319.6,5.573271330367975
31,2,100732.33842010771,5.43164272890487,3317.7,5.966741472172352
31,3,100386.49773382777,7.265595385249301,3421.3,5.778903996703749
31,4,100466.45527089458,10.043553128937445,2573.1,4.973162536749265
31,5,100518.08225108225,14.098961038961061,3466.8,4.81051948051948
31,6,100480.6230248307,18.24261851015804,5009.9,4.444695259593679
31,7,100536.3494025546,19.799752781211396,4698.9,4.686979810465595
31,8,100538.75677930747,19.61919065498542,2523.7,4.359240717563622
31,9,100609.58417440452,15.723617278966517,3847.7,4.5
31,10,100587.80534351146,11.971526717557275,4905.0,4.663740458015267
31,11,100437.6530612245,7.398426870748322,3633.8,5.1656462585034015
31,12,100711.04391052196,5.527091963546005,3919.0,5.514291632145816
32,1,100738.35018196523,3.9377678932470905,4319.6,5.573271330367975
32,2,100732.33842010771,5.43164272890487,3317.7,5.966741472172352
32,3,100386.49773382777,7.265595385249301,3421.3,5.778903996703749
32,4,100466.45527089458,10.043553128937445,2573.1,4.973162536749265
32,5,100518.08225108225,14.098961038961061,3466.8,4.81051948051948
32,6,100480.6230248307,18.24261851015804,5009.9,4.444695259593679
32,7,100536.3494025546,19.799752781211396,4698.9,4.686979810465595
32,8,100538.75677930747,19.61919065498542,2523.7,4.359240717563622
32,9,100609.58417440452,15.723617278966517,3847.7,4.5
32,10,100587.80534351146,11.971526717557275,4905.0,4.663740458015267
32,11,100437.6530612245,7.398426870748322,3633.8,5.1656462585034015
32,12,100711.04391052196,5.527091963546005,3919.0,5.514291632145816
33,1,100738.35018196523,3.9377678932470905,4319.6,5.573271330367975
33,2,100732.33842010771,5.43164272890487,3317.7,5.966741472172352
33,3,100386.49773382777,7.265595385249301,3421.3,5.778903996703749
33,4,100466.45527089458,10.043553128937445,2573.1,4.973162536749265
33,5,100518.08225108225,14.098961038961061,3466.8,4.81051948051948
33,6,100480.6230248307,18.24261851015804,5009.9,4.444695259593679
33,7,100536.3494025546,19.799752781211396,4698.9,4.686979810465595
33,8,100538.75677930747,19.61919065498542,2523.7,4.359240717563622
33,9,100609.58417440452,15.723617278966517,3847.7,4.5
33,10,100587.80534351146,11.971526717557275,4905.0,4.663740458015267
33,11,100437.6530612245,7.398426870748322,3633.8,5.1656462585034015
33,12,100711.04391052196,5.527091963546005,3919.0,5.514291632145816
34,1,97276.62621359223,4.908535598705524,7548.1,3.7808252427184468
34,2,97148.76950512706,6.981720909496233,6310.8,4.049175211769951
34,3,96834.11384739605,9.081186919660903,5646.7,4.323859507468712
34,4,96753.59523809524,11.597817460317483,6923.5,3.958849206349206
34,5,96893.69863013699,14.761956947162451,8891.5,3.8706849315068497
34,6,96906.80241935483,19.107056451612927,6696.8,3.4059677419354837
34,7,97022.89106671693,20.876064832265385,4975.4,3.5687900490011306
34,8,96990.85346843336,20.942478565861286,5074.9,3.382501948558067
34,9,97030.42147117296,17.37626242544734,6373.6,3.3058051689860837
34,10,96907.69904126719,13.903626511046292,5771.0,3.3358899541475617
34,11,96929.93412384717,8.722002635046136,7696.1,3.3493631971892843
34,12,97282.32189973615,6.538673200150796,8228.6,3.6212966453071993
35,1,97276.62621359223,4.908535598705524,7548.1,3.7808252427184468
35,2,97148.76950512706,6.981720909496233,6310.8,4.049175211769951
35,3,96834.11384739605,9.081186919660903,5646.7,4.323859507468712
35,4,96753.59523809524,11.597817460317483,6923.5,3.958849206349206
35,5,96893.69863013699,14.761956947162451,8891.5,3.8706849315068497
35,6,96906.80241935483,19.107056451612927,6696.8,3.4059677419354837
35,7,97022.89106671693,20.876064832265385,4975.4,3.5687900490011306
35,8,96990.85346843336,20.942478565861286,5074.9,3.382501948558067
35,9,97030.42147117296,17.37626242544734,6373.6,3.3058051689860837
35,10,96907.69904126719,13.903626511046292,5771.0,3.3358899541475617
35,11,96929.93412384717,8.722002635046136,7696.1,3.3493631971892843
35,12,97282.32189973615,6.538673200150796,8228.6,3.6212966453071993
36,1,101514.96517820565,8.968414584186831,2886.9,8.136911102007375
36,2,101495.3217158177,10.511974977658646,2296.5,7.589276139410187
36,3,101087.86810452095,12.085275819162197,4103.3,8.17685607631688
36,4,101013.13381787088,14.444463445917084,4899.5,7.626977340743908
36,5,101068.73042742276,18.27359289039359,2860.7,7.911045281421921
36,6,101043.85934065934,23.280527472527496,1634.3,6.769978021978022
36,7,101087.08071936428,25.745462149728173,1385.6,7.576369719782517
36,8,101080.8502538071,25.55833333333336,1188.2,6.9661590524534684
36,9,101213.05131218175,21.311006658832767,3422.2,6.548256952604779
36,10,101217.30127956573,17.36731291198141,6735.9,5.854090732842187
36,11,101198.78813923507,12.750322303394952,2713.1,7.271293510958315
36,12,101573.10108739429,10.088763592428537,2085.4,6.493918646798228
37,1,100381.62013370036,6.347149036571002,4097.9,5.578057412504916
37,2,100257.49133448873,8.312391681109208,3451.3,6.279679376083189
37,3,99931.25513634666,10.48658946581997,3879.3,7.16361598804632
37,4,99836.33038120909,13.258259530227209,4462.9,6.839853677319984
37,5,99928.42965779468,16.709581749049452,5801.6,6.6281749049429655
37,6,99912.20272904483,21.486510721247587,5115.2,5.908265107212476
37,7,99990.36800600826,23.67442733758921,3197.7,6.065490048817123
37,8,99955.11111111111,23.665386064030155,3091.7,5.817137476459511
37,9,100045.55685814771,19.65756154747951,3014.7,5.613638139898398
37,10,99997.67450829156,15.750482067103762,3474.4,5.672078673351331
37,11,100003.71355060034,10.394554030874808,4022.8,5.595025728987993
37,12,100427.77903043969,7.776963547538543,4133.2,5.278053363397219
38,1,100539.40794499619,4.157333842627984,4807.8,6.130557677616501
38,2,100502.37322515213,5.588316430020306,4015.2,6.276551724137931
38,3,100209.16543026706,7.690912462908035,4238.5,6.035200296735905
38,4,100249.39777522055,10.675067126965883,2999.6,5.124587648638281
38,5,100259.78454680534,14.582392273402697,5926.1,5.165044576523031
38,6,100250.21375825885,19.069296541002743,5338.5,4.862844928099495
38,7,100285.21052631579,20.75135338345867,3771.4,5.160676691729323
38,8,100283.6109064112,20.468238761974966,3749.2,4.744583640383198
38,9,100369.46195234435,16.264027671022312,4605.8,4.7077248270561105
38,10,100349.59346504559,12.428153495440752,4803.1,4.98677811550152
38,11,100226.0435875943,7.619237217099771,4269.1,5.494761106454317
38,12,100540.1352874859,5.6020668921458325,4173.6,6.026907177752725
39,1,100539.40794499619,4.157333842627984,4807.8,6.130557677616501
39,2,100502.37322515213,5.588316430020306,4015.2,6.276551724137931
39,3,100209.16543026706,7.690912462908035,4238.5,6.035200296735905
39,4,100249.39777522055,10.675067126965883,2999.6,5.124587648638281
39,5,100259.78454680534,14.582392273402697,5926.1,5.165044576523031
39,6,100250.21375825885,19.069296541002743,5338.5,4.862844928099495
39,7,100285.21052631579,20.75135338345867,3771.4,5.160676691729323
39,8,100283.6109064112,20.468238761974966,3749.2,4.744583640383198
39,9,100369.46195234435,16.264027671022312,4605.8,4.7077248270561105
39,10,100349.59346504559,12.428153495440752,4803.1,4.98677811550152
39,11,100226.0435875943,7.619237217099771,4269.1,5.494761106454317
39,12,100540.1352874859,5.6020668921458325,4173.6,6.026907177752725
40,1,100539.40794499619,4.157333842627984,4807.8,6.130557677616501
40,2,100502.37322515213,5.588316430020306,4015.2,6.276551724137931
40,3,100209.16543026706,7.690912462908035,4238.5,6.035200296735905
40,4,100249.39777522055,10.675067126965883,2999.6,5.124587648638281
40,5,100259.78454680534,14.582392273402697,5926.1,5.165044576523031
40,6,100250.21375825885,19.069296541002743,5338.5,4.862844928099495
40,7,100285.21052631579,20.75135338345867,3771.4,5.160676691729323
40,8,100283.6109064112,20.468238761974966,3749.2,4.744583640383198
40,9,100369.46195234435,16.264027671022312,4605.8,4.7077248270561105
40,10,100349.59346504559,12.428153495440752,4803.1,4.98677811550152
40,11,100226.0435875943,7.619237217099771,4269.1,5.494761106454317
40,12,100540.1352874859,5.6020668921458325,4173.6,6.026907177752725
41,1,101514.96517820565,8.968414584186831,2886.9,8.136911102007375
41,2,101495.3217158177,10.511974977658646,2296.5,7.589276139410187
41,3,101087.86810452095,12.085275819162197,4103.3,8.17685607631688
41,4,101013.13381787088,14.444463445917084,4899.5,7.626977340743908
41,5,101068.73042742276,18.27359289039359,2860.7,7.911045281421921
41,6,101043.85934065934,23.280527472527496,1634.3,6.769978021978022
41,7,101087.08071936428,25.745462149728173,1385.6,7.576369719782517
41,8,101080.8502538071,25.55833333333336,1188.2,6.9661590524534684
41,9,101213.05131218175,21.311006658832767,3422.2,6.548256952604779
41,10,101217.30127956573,17.36731291198141,6735.9,5.854090732842187
41,11,101198.78813923507,12.750322303394952,2713.1,7.271293510958315
41,12,101573.10108739429,10.088763592428537,2085.4,6.493918646798228
42,1,100381.62013370036,6.347149036571002,4097.9,5.578057412504916
42,2,100257.49133448873,8.312391681109208,3451.3,6.279679376083189
42,3,99931.25513634666,10.48658946581997,3879.3,7.16361598804632
42,4,99836.33038120909,13.258259530227209,4462.9,6.839853677319984
42,5,99928.42965779468,16.709581749049452,5801.6,6.6281749049429655
42,6,99912.20272904483,21.486510721247587,5115.2,5.908265107212476
42,7,99990.36800600826,23.67442733758921,3197.7,6.065490048817123
42,8,99955.11111111111,23.665386064030155,3091.7,5.817137476459511
42,9,100045.55685814771,19.65756154747951,3014.7,5.613638139898398
42,10,99997.67450829156,15.750482067103762,3474.4,5.672078673351331
42,11,100003.71355060034,10.394554030874808,4022.8,5.595025728987993
42,12,100427.77903043969,7.776963547538543,4133.2,5.278053363397219
43,1,101514.96517820565,8.968414584186831,2886.9,8.136911102007375
43,2,101495.3217158177,10.511974977658646,2296.5,7.589276139410187
43,3,101087.86810452095,12.085275819162197,4103.3,8.17685607631688
43,4,101013.13381787088,14.444463445917084,4899.5,7.626977340743908
43,5,101068.73042742276,18.27359289039359,2860.7,7.911045281421921
43,6,101043.85934065934,23.280527472527496,1634.3,6.769978021978022
43,7,101087.08071936428,25.745462149728173,1385.6,7.576369719782517
43,8,101080.8502538071,25.55833333333336,1188.2,6.9661590524534684
43,9,101213.05131218175,21.311006658832767,3422.2,6.548256952604779
43,10,101217.30127956573,17.36731291198141,6735.9,5.854090732842187
43,11,101198.78813923507,12.750322303394952,2713.1,7.271293510958315
43,12,101573.10108739429,10.088763592428537,2085.4,6.493918646798228
44,1,93622.77653213752,3.1385650224215476,3518.7,6.968385650224215
44,2,93579.63085856491,5.0826627955205534,3253.7,7.5153048527581925
44,3,93303.12971342383,6.942722473604849,3974.3,8.292533936651584
44,4,93279.82848025528,9.94587155963305,4305.6,8.121300358994814
44,5,93404.65013994402,13.435785685725733,5799.5,7.585245901639345
44,6,93502.64294790343,18.502033036848815,4283.3,6.752308343922067
44,7,93605.56296914096,21.061134278565493,2392.8,7.111718098415347
44,8,93581.14979757085,20.728178137651845,3031.6,6.763805668016194
44,9,93631.96666666666,16.03079166666669,3024.4,6.376583333333333
44,10,93537.04417670683,12.429156626506046,5033.0,6.664136546184739
44,11,93409.81849611063,7.477268798617136,4448.9,6.911538461538461
44,12,93699.25423728813,5.074839924670456,4622.7,6.5565348399246695
45,1,93622.77653213752,3.1385650224215476,3518.7,6.968385650224215
45,2,93579.63085856491,5.0826627955205534,3253.7,7.5153048527581925
45,3,93303.12971342383,6.942722473604849,3974.3,8.292533936651584
45,4,93279.82848025528,9.94587155963305,4305.6,8.121300358994814
45,5,93404.65013994402,13.435785685725733,5799.5,7.585245901639345
45,6,93502.64294790343,18.502033036848815,4283.3,6.752308343922067
45,7,93605.56296914096,21.061134278565493,2392.8,7.111718098415347
45,8,93581.14979757085,20.728178137651845,3031.6,6.763805668016194
45,9,93631.96666666666,16.03079166666669,3024.4,6.376583333333333
45,10,93537.04417670683,12.429156626506046,5033.0,6.664136546184739
45,11,93409.81849611063,7.477268798617136,4448.9,6.911538461538461
45,12,93699.25423728813,5.074839924670456,4622.7,6.5565348399246695
46,1,98985.07291666667,5.256875000000023,2779.2,4.137395833333334
46,2,98564.85360360361,5.511036036036058,2144.4,4.842117117117117
46,3,98451.55694879833,8.686624869383513,2702.6,4.822152560083595
46,4,98580.57546145494,12.233984799131402,2743.2,4.502605863192182
46,5,98594.09836065574,15.548306010928984,2286.3,4.277049180327869
46,6,98709.91379310345,19.711206896551747,1616.3,3.6428160919540233
46,7,98803.31071913161,21.72591587516963,380.6,3.785481682496608
46,8,98909.51476793249,21.362658227848126,374.3,3.4820675105485233
46,9,98797.82978723405,16.41971631205676,1286.6,3.400851063829787
46,10,98860.71225071225,12.659544159544183,874.5,3.2981481481481483
46,11,98935.18571428572,8.90714285714288,1148.9,3.900571428571429
46,12,99461.53601694915,6.143750000000023,1117.6,3.595656779661017
47,1,93622.77653213752,3.1385650224215476,3518.7,6.968385650224215
47,2,93579.63085856491,5.0826627955205534,3253.7,7.5153048527581925
47,3,93303.12971342383,6.942722473604849,3974.3,8.292533936651584
47,4,93279.82848025528,9.94587155963305,4305.6,8.121300358994814
47,5,93404.65013994402,13.435785685725733,5799.5,7.585245901639345
47,6,93502.64294790343,18.502033036848815,4283.3,6.752308343922067
47,7,93605.56296914096,21.061134278565493,2392.8,7.111718098415347
47,8,93581.14979757085,20.728178137651845,3031.6,6.763805668016194
47,9,93631.96666666666,16.03079166666669,3024.4,6.376583333333333
47,10,93537.04417670683,12.429156626506046,5033.0,6.664136546184739
47,11,93409.81849611063,7.477268798617136,4448.9,6.911538461538461
47,12,93699.25423728813,5.074839924670456,4622.7,6.5565348399246695
48,1,101519.38246191849,7.656072457801588,2271.4,6.703952243721696
48,2,101551.92808988765,9.561258426966315,2499.3,6.481573033707865
48,3,101163.0986492018,11.634670487106039,3802.1,7.015513712648383
48,4,101091.03962505326,14.550234341712848,2986.3,7.189305496378355
48,5,101092.93844856661,18.638322091062417,2638.1,7.000674536256323
48,6,101099.53271028037,23.89188615123197,1346.9,6.708538657604078
48,7,101079.36687631028,26.305408805031472,703.6,7.080754716981131
48,8,101103.13562836997,25.635130651182106,1807.6,6.721401907922024
48,9,101268.42806742454,21.279498235985912,4085.6,6.412700901607213
48,10,101333.36173508909,17.162587141750606,5634.7,6.3193261037955075
48,11,101251.48384353741,12.090773809523833,6428.7,6.509226190476191
48,12,101629.39591836734,8.853020408163289,3014.7,5.609551020408163
49,1,101519.38246191849,7.656072457801588,2271.4,6.703952243721696
49,2,101551.92808988765,9.561258426966315,2499.3,6.481573033707865
49,3,101163.0986492018,11.634670487106039,3802.1,7.015513712648383
49,4,101091.03962505326,14.550234341712848,2986.3,7.189305496378355
49,5,101092.93844856661,18.638322091062417,2638.1,7.000674536256323
49,6,101099.53271028037,23.89188615123197,1346.9,6.708538657604078
49,7,101079.36687631028,26.305408805031472,703.6,7.080754716981131
49,8,101103.13562836997,25.635130651182106,1807.6,6.721401907922024
49,9,101268.42806742454,21.279498235985912,4085.6,6.412700901607213
49,10,101333.36173508909,17.162587141750606,5634.7,6.3193261037955075
49,11,101251.48384353741,12.090773809523833,6428.7,6.509226190476191
49,12,101629.39591836734,8.853020408163289,3014.7,5.609551020408163
50,1,101519.38246191849,7.656072457801588,2271.4,6.703952243721696
50,2,101551.92808988765,9.561258426966315,2499.3,6.481573033707865
50,3,101163.0986492018,11.634670487106039,3802.1,7.015513712648383
50,4,101091.03962505326,14.550234341712848,2986.3,7.189305496378355
50,5,101092.93844856661,18.638322091062417,2638.1,7.000674536256323
50,6,101099.53271028037,23.89188615123197,1346.9,6.708538657604078
50,7,101079.36687631028,26.305408805031472,703.6,7.080754716981131
50,8,101103.13562836997,25.635130651182106,1807.6,6.721401907922024
50,9,101268.42806742454,21.279498235985912,4085.6,6.412700901607213
50,10,101333.36173508909,17.162587141750606,5634.7,6.3193261037955075
50,11,101251.48384353741,12.090773809523833,6428.7,6.509226190476191
50,12,101629.39591836734,8.853020408163289,3014.7,5.609551020408163
51,1,101519.38246191849,7.656072457801588,2271.4,6.703952243721696
51,2,101551.92808988765,9.561258426966315,2499.3,6.481573033707865
51,3,101163.0986492018,11.634670487106039,3802.1,7.015513712648383
51,4,101091.03962505326,14.550234341712848,2986.3,7.189305496378355
51,5,101092.93844856661,18.638322091062417,2638.1,7.000674536256323
51,6,101099.53271028037,23.89188615123197,1346.9,6.708538657604078
51,7,101079.36687631028,26.305408805031472,703.6,7.080754716981131
51,8,101103.13562836997,25.635130651182106,1807.6,6.721401907922024
51,9,101268.42806742454,21.279498235985912,4085.6,6.412700901607213
51,10,101333.36173508909,17.162587141750606,5634.7,6.3193261037955075
51,11,101251.48384353741,12.090773809523833,6428.7,6.509226190476191
51,12,101629.39591836734,8.853020408163289,3014.7,5.609551020408163
52,1,101180.22023142964,5.937775289287069,4233.1,7.17010078387458
52,2,101107.01754385965,7.564218686250531,3508.9,6.614443084455324
52,3,100744.33510638298,10.215311550152,5783.9,6.202507598784194
52,4,100691.22291021672,13.412577399380828,5494.8,6.520588235294118
52,5,100678.68131868132,17.2716180371353,6135.7,6.393027661993179
52,6,100674.04642166344,22.49562862669248,5772.7,5.995744680851064
52,7,100674.91281273692,24.905686125852945,2854.7,6.721266110689917
52,8,100685.987933635,24.385822021116162,2622.1,6.359954751131221
52,9,100849.2061008995,19.585569026202606,7567.0,5.457723895189675
52,10,100924.2522106882,15.043752402921976,9438.4,5.842637447135718
52,11,100863.23240938166,9.58895522388062,8356.5,5.872878464818763
52,12,101246.14579439252,6.683663551401892,5212.3,6.080448598130841
53,1,99962.13282732447,4.235749525616721,6976.8,6.541404174573055
53,2,99962.56462864178,5.410299548625381,5615.9,7.096101764464506
53,3,99718.59327217126,7.507607033639166,4788.3,6.936773700305809
53,4,99832.23076923077,10.192115384615407,2728.7,5.9935
53,5,99877.88834029624,13.36490695024689,5144.6,5.920053171287504
53,6,99856.9128565846,17.161430246189944,5451.0,5.592887846815162
53,7,99899.55111278762,18.73134666163714,4182.3,5.652583930592229
53,8,99870.61561561562,18.572560060060084,4444.4,5.298761261261261
53,9,99906.3746105919,15.47679127725859,5063.3,5.476168224299065
53,10,99828.95913646878,12.019969159599098,5681.0,5.842636854279105
53,11,99645.52507501072,7.811187312473234,6672.3,6.388469781397342
53,12,99974.06507252058,5.79839278714232,7818.7,6.773696589572717
54,1,101048.43867569602,5.599435665914244,6650.8,7.136305492851768
54,2,101017.52832563996,6.571590432228307,4507.6,7.6874527906000845
54,3,100729.57148422283,8.119049474094297,3841.9,7.336969224776003
54,4,100867.14983713355,10.063965798045626,3452.0,5.980781758957654
54,5,100948.15017598748,13.189049667579217,4382.1,6.0079389910050836
54,6,100898.94757744242,16.523669579031,4759.8,5.435424940428912
54,7,100933.06942277691,18.391107644305794,2859.6,5.972191887675507
54,8,100907.52877973906,18.335379892555665,4478.1,5.806331542594013
54,9,100946.84231222965,15.98458513566656,4431.2,5.805033425088478
54,10,100815.34938807737,12.794472956968045,6134.5,6.080931701539677
54,11,100682.81536446966,9.006110868616348,6384.9,6.913051069402008
54,12,100970.83333333333,7.2274961597542475,5427.8,7.512941628264209
55,1,101048.43867569602,5.599435665914244,6650.8,7.136305492851768
55,2,101017.52832563996,6.571590432228307,4507.6,7.6874527906000845
55,3,100729.57148422283,8.119049474094297,3841.9,7.336969224776003
55,4,100867.14983713355,10.063965798045626,3452.0,5.980781758957654
55,5,100948.15017598748,13.189049667579217,4382.1,6.0079389910050836
55,6,100898.94757744242,16.523669579031,4759.8,5.435424940428912
55,7,100933.06942277691,18.391107644305794,2859.6,5.972191887675507
55,8,100907.52877973906,18.335379892555665,4478.1,5.806331542594013
55,9,100946.84231222965,15.98458513566656,4431.2,5.805033425088478
55,10,100815.34938807737,12.794472956968045,6134.5,6.080931701539677
55,11,100682.81536446966,9.006110868616348,6384.9,6.913051069402008
55,12,100970.83333333333,7.2274961597542475,5427.8,7.512941628264209
56,1,101048.43867569602,5.599435665914244,6650.8,7.136305492851768
56,2,101017.52832563996,6.571590432228307,4507.6,7.6874527906000845
56,3,100729.57148422283,8.119049474094297,3841.9,7.336969224776003
56,4,100867.14983713355,10.063965798045626,3452.0,5.980781758957654
56,5,100948.15017598748,13.189049667579217,4382.1,6.0079389910050836
56,6,100898.94757744242,16.523669579031,4759.8,5.435424940428912
56,7,100933.06942277691,18.391107644305794,2859.6,5.972191887675507
56,8,100907.52877973906,18.335379892555665,4478.1,5.806331542594013
56,9,100946.84231222965,15.98458513566656,4431.2,5.805033425088478
56,10,100815.34938807737,12.794472956968045,6134.5,6.080931701539677
56,11,100682.81536446966,9.006110868616348,6384.9,6.913051069402008
56,12,100970.83333333333,7.2274961597542475,5427.8,7.512941628264209
57,1,101048.43867569602,5.599435665914244,6650.8,7.136305492851768
57,2,101017.52832563996,6.571590432228307,4507.6,7.6874527906000845
57,3,100729.57148422283,8.119049474094297,3841.9,7.336969224776003
57,4,100867.14983713355,10.063965798045626,3452.0,5.980781758957654
57,5,100948.15017598748,13.189049667579217,4382.1,6.0079389910050836
57,6,100898.94757744242,16.523669579031,4759.8,5.435424940428912
57,7,100933.06942277691,18.391107644305794,2859.6,5.972191887675507
57,8,100907.52877973906,18.335379892555665,4478.1,5.806331542594013
57,9,100946.84231222965,15.98458513566656,4431.2,5.805033425088478
57,10,100815.34938807737,12.794472956968045,6134.5,6.080931701539677
57,11,100682.81536446966,9.006110868616348,6384.9,6.913051069402008
57,12,100970.83333333333,7.2274961597542475,5427.8,7.512941628264209
58,1,101048.43867569602,5.599435665914244,6650.8,7.136305492851768
58,2,101017.52832563996,6.571590432228307,4507.6,7.6874527906000845
58,3,100729.57148422283,8.119049474094297,3841.9,7.336969224776003
58,4,100867.14983713355,10.063965798045626,3452.0,5.980781758957654
58,5,100948.15017598748,13.189049667579217,4382.1,6.0079389910050836
58,6,100898.94757744242,16.523669579031,4759.8,5.435424940428912
58,7,100933.06942277691,18.391107644305794,2859.6,5.972191887675507
58,8,100907.52877973906,18.335379892555665,4478.1,5.806331542594013
58,9,100946.84231222965,15.98458513566656,4431.2,5.805033425088478
58,10,100815.34938807737,12.794472956968045,6134.5,6.080931701539677
58,11,100682.81536446966,9.006110868616348,6384.9,6.913051069402008
58,12,100970.83333333333,7.2274961597542475,5427.8,7.512941628264209
59,1,92262.8349944629,1.6459210040605619,3439.0,5.003617571059431
59,2,92227.83187682064,3.1732833957553286,2341.5,5.146317103620475
59,3,91966.8446969697,5.31416666666669,4020.9,5.725492424242424
59,4,91984.68217054264,8.158759689922505,4103.1,5.4657364341085275
59,5,92108.23712948518,11.960062402496122,6555.9,5.1180967238689545
59,6,92235.43486973947,16.9785971943888,7048.6,4.560320641282565
59,7,92330.19852082523,19.180342545737666,4250.2,4.59116387699494
59,8,92331.59907300115,18.560602549246838,4488.9,4.248281189648512
59,9,92332.1768172888,13.917053045186664,5913.0,4.138310412573674
59,10,92262.41089307169,10.384301161393696,4288.0,4.397316780136164
59,11,92069.28816466553,5.484691252144105,5103.5,4.710548885077187
59,12,92356.04391371341,2.816255778120208,3967.9,4.472804314329738
60,1,98148.96756509822,4.6032891731384415,1738.4,5.365280950205573
60,2,98043.33509793541,6.721916357861325,1021.1,5.607676019057703
60,3,97690.29985721085,8.774440742503593,1874.4,5.92574964302713
60,4,97704.26897844423,11.329147141518298,3146.5,5.457731958762886
60,5,97781.4,15.170476190476215,4598.4,5.004619047619048
60,6,97793.50571854798,19.765539532570887,6952.8,4.47672799602188
60,7,97905.45544066963,21.69305760709013,2462.5,4.273658296405711
60,8,97890.59301769489,21.69115255858443,3343.1,4.093974175035868
60,9,97957.59355755567,17.34599715774517,3940.0,4.226480341070583
60,10,97923.18633808906,13.383138780804172,2860.9,4.779853004755728
60,11,97843.53372434017,8.706109481915957,2440.5,4.964565004887586
60,12,98188.60120426123,5.732468735525729,2264.1,5.152339045854562
61,1,93622.77653213752,3.1385650224215476,3518.7,6.968385650224215
61,2,93579.63085856491,5.0826627955205534,3253.7,7.5153048527581925
61,3,93303.12971342383,6.942722473604849,3974.3,8.292533936651584
61,4,93279.82848025528,9.94587155963305,4305.6,8.121300358994814
61,5,93404.65013994402,13.435785685725733,5799.5,7.585245901639345
61,6,93502.64294790343,18.502033036848815,4283.3,6.752308343922067
61,7,93605.56296914096,21.061134278565493,2392.8,7.111718098415347
61,8,93581.14979757085,20.728178137651845,3031.6,6.763805668016194
61,9,93631.96666666666,16.03079166666669,3024.4,6.376583333333333
61,10,93537.04417670683,12.429156626506046,5033.0,6.664136546184739
61,11,93409.81849611063,7.477268798617136,4448.9,6.911538461538461
61,12,93699.25423728813,5.074839924670456,4622.7,6.5565348399246695
62,1,98148.96756509822,4.6032891731384415,1738.4,5.365280950205573
62,2,98043.33509793541,6.721916357861325,1021.1,5.607676019057703
62,3,97690.29985721085,8.774440742503593,1874.4,5.92574964302713
62,4,97704.26897844423,11.329147141518298,3146.5,5.457731958762886
62,5,97781.4,15.170476190476215,4598.4,5.004619047619048
62,6,97793.50571854798,19.765539532570887,6952.8,4.47672799602188
62,7,97905.45544066963,21.69305760709013,2462.5,4.273658296405711
62,8,97890.59301769489,21.69115255858443,3343.1,4.093974175035868
62,9,97957.59355755567,17.34599715774517,3940.0,4.226480341070583
62,10,97923.18633808906,13.383138780804172,2860.9,4.779853004755728
62,11,97843.53372434017,8.706109481915957,2440.5,4.964565004887586
62,12,98188.60120426123,5.732468735525729,2264.1,5.152339045854562
63,1,97239.68541820874,4.378201332346434,8745.4,6.224611398963731
63,2,97169.15504511895,5.959064807219055,6449.6,6.227727645611157
63,3,96865.393129771,8.20053435114506,7759.7,6.534541984732824
63,4,96855.80856812041,11.237128521806275,6552.9,5.999807024314936
63,5,96959.81936971561,14.274365872405864,7896.8,5.879900076863951
63,6,96990.6854199683,18.65990491283679,7980.1,5.201743264659271
63,7,97101.98535080955,20.3312259059368,3536.6,5.3057825751734775
63,8,97087.74764150943,20.503262578616376,3133.6,4.92940251572327
63,9,97106.66142351553,16.568029885961487,7310.4,5.1269366889500585
63,10,97019.70565453137,13.072927962819543,7904.7,5.5321843532145625
63,11,96949.16474388556,8.276188278726373,7284.5,5.728103368712506
63,12,97270.39444027048,5.948534936138264,8711.8,5.745567242674681
64,1,100609.37476459511,5.293333333333356,5436.9,6.389303201506591
64,2,100530.0208594076,6.630871923237402,4348.5,6.478848560700876
64,3,100205.24024024024,8.80840840840843,5212.3,6.41265015015015
64,4,100193.02784222738,11.678151585460192,3347.2,5.748105181747873
64,5,100283.82500967867,14.9403406891212,5490.6,5.842624854819976
64,6,100256.9910121141,19.38655724892538,6111.6,5.3604142243063695
64,7,100347.85930408472,21.043986384266287,2078.6,5.638086232980333
64,8,100324.31978107897,20.829554339327622,2228.8,5.124550430023456
64,9,100370.33838973162,17.209295993776763,4314.3,5.210501750291716
64,10,100293.77257011141,13.384978870534024,5814.5,5.563119477525931
64,11,100250.95708154507,8.751330472103026,4905.4,5.741502145922747
64,12,100598.02567006418,6.51468478671199,4691.3,6.305209513023782
65,1,101603.72737347617,6.894532693018124,8303.7,5.197192463982268
65,2,101478.36206896552,8.540065681445014,6714.1,5.341625615763547
65,3,101124.8782315474,10.600187336080952,6348.9,5.883589359310603
65,4,101063.37567359507,13.37290223248655,5204.2,5.459853733641263
65,5,101164.7428139183,16.66959152798792,6205.9,5.389447806354009
65,6,101130.39645881447,20.555042340261764,7245.9,4.887336412625096
65,7,101236.8743006341,22.269973890339447,2274.9,4.955538977993286
65,8,101186.79363905326,22.24086538461541,3445.0,4.650110946745562
65,9,101244.74732006126,18.931470137825443,5446.4,4.575803981623277
65,10,101164.46669233732,15.217058144012347,6513.9,4.605852907200616
65,11,101201.07448630137,10.466738013698652,7704.4,4.68326198630137
65,12,101579.05082212258,8.214648729446958,8781.4,4.892825112107624
66,1,97239.68541820874,4.378201332346434,8745.4,6.224611398963731
66,2,97169.15504511895,5.959064807219055,6449.6,6.227727645611157
66,3,96865.393129771,8.20053435114506,7759.7,6.534541984732824
66,4,96855.80856812041,11.237128521806275,6552.9,5.999807024314936
66,5,96959.81936971561,14.274365872405864,7896.8,5.879900076863951
66,6,96990.6854199683,18.65990491283679,7980.1,5.201743264659271
66,7,97101.98535080955,20.3312259059368,3536.6,5.3057825751734775
66,8,97087.74764150943,20.503262578616376,3133.6,4.92940251572327
66,9,97106.66142351553,16.568029885961487,7310.4,5.1269366889500585
66,10,97019.70565453137,13.072927962819543,7904.7,5.5321843532145625
66,11,96949.16474388556,8.276188278726373,7284.5,5.728103368712506
66,12,97270.39444027048,5.948534936138264,8711.8,5.745567242674681
67,1,101603.72737347617,6.894532693018124,8303.7,5.197192463982268
67,2,101478.36206896552,8.540065681445014,6714.1,5.341625615763547
67,3,101124.8782315474,10.600187336080952,6348.9,5.883589359310603
67,4,101063.37567359507,13.37290223248655,5204.2,5.459853733641263
67,5,101164.7428139183,16.66959152798792,6205.9,5.389447806354009
67,6,101130.39645881447,20.555042340261764,7245.9,4.887336412625096
67,7,101236.8743006341,22.269973890339447,2274.9,4.955538977993286
67,8,101186.79363905326,22.24086538461541,3445.0,4.650110946745562
67,9,101244.74732006126,18.931470137825443,5446.4,4.575803981623277
67,10,101164.46669233732,15.217058144012347,6513.9,4.605852907200616
67,11,101201.07448630137,10.466738013698652,7704.4,4.68326198630137
67,12,101579.05082212258,8.214648729446958,8781.4,4.892825112107624
68,1,101827.57066775911,8.221835313396172,5943.8,9.347726341663252
68,2,101730.65047701648,8.796227233304446,4090.5,8.857979184735473
68,3,101381.42575817251,10.4527372981489,4890.3,8.63052382827885
68,4,101361.44543973941,12.783224755700349,2446.3,7.593648208469055
68,5,101484.70238095238,15.497236394557849,3721.4,7.74468537414966
68,6,101429.1941705958,18.655207886841,3983.0,6.659279897128162
68,7,101542.30191826522,20.083444537114286,1645.7,6.531442869057548
68,8,101511.25819134993,20.15709916994323,2036.2,6.404456094364351
68,9,101560.6410797132,18.439055250948993,3875.1,7.1984816533108384
68,10,101449.9796416938,15.72296416938113,4643.5,8.1567996742671
68,11,101415.36718041704,12.102402538531301,5195.9,9.36078875793291
68,12,101861.14503816795,9.581277621534776,5389.0,9.059220570510245
69,1,101827.57066775911,8.221835313396172,5943.8,9.347726341663252
69,2,101730.65047701648,8.796227233304446,4090.5,8.857979184735473
69,3,101381.42575817251,10.4527372981489,4890.3,8.63052382827885
69,4,101361.44543973941,12.783224755700349,2446.3,7.593648208469055
69,5,101484.70238095238,15.497236394557849,3721.4,7.74468537414966
69,6,101429.1941705958,18.655207886841,3983.0,6.659279897128162
69,7,101542.30191826522,20.083444537114286,1645.7,6.531442869057548
69,8,101511.25819134993,20.15709916994323,2036.2,6.404456094364351
69,9,101560.6410797132,18.439055250948993,3875.1,7.1984816533108384
69,10,101449.9796416938,15.72296416938113,4643.5,8.1567996742671
69,11,101415.36718041704,12.102402538531301,5195.9,9.36078875793291
69,12,101861.14503816795,9.581277621534776,5389.0,9.059220570510245
70,1,101827.57066775911,8.221835313396172,5943.8,9.347726341663252
70,2,101730.65047701648,8.796227233304446,4090.5,8.857979184735473
70,3,101381.42575817251,10.4527372981489,4890.3,8.63052382827885
70,4,101361.44543973941,12.783224755700349,2446.3,7.593648208469055
70,5,101484.70238095238,15.497236394557849,3721.4,7.74468537414966
70,6,101429.1941705958,18.655207886841,3983.0,6.659279897128162
70,7,101542.30191826522,20.083444537114286,1645.7,6.531442869057548
70,8,101511.25819134993,20.15709916994323,2036.2,6.404456094364351
70,9,101560.6410797132,18.439055250948993,3875.1,7.1984816533108384
70,10,101449.9796416938,15.72296416938113,4643.5,8.1567996742671
70,11,101415.36718041704,12.102402538531301,5195.9,9.36078875793291
70,12,101861.14503816795,9.581277621534776,5389.0,9.059220570510245
71,1,101827.57066775911,8.221835313396172,5943.8,9.347726341663252
71,2,101730.65047701648,8.796227233304446,4090.5,8.857979184735473
71,3,101381.42575817251,10.4527372981489,4890.3,8.63052382827885
71,4,101361.44543973941,12.783224755700349,2446.3,7.593648208469055
71,5,101484.70238095238,15.497236394557849,3721.4,7.74468537414966
71,6,101429.1941705958,18.655207886841,3983.0,6.659279897128162
71,7,101542.30191826522,20.083444537114286,1645.7,6.531442869057548
71,8,101511.25819134993,20.15709916994323,2036.2,6.404456094364351
71,9,101560.6410797132,18.439055250948993,3875.1,7.1984816533108384
71,10,101449.9796416938,15.72296416938113,4643.5,8.1567996742671
71,11,101415.36718041704,12.102402538531301,5195.9,9.36078875793291
71,12,101861.14503816795,9.581277621534776,5389.0,9.059220570510245
72,1,100609.37476459511,5.293333333333356,5436.9,6.389303201506591
72,2,100530.0208594076,6.630871923237402,4348.5,6.478848560700876
72,3,100205.24024024024,8.80840840840843,5212.3,6.41265015015015
72,4,100193.02784222738,11.678151585460192,3347.2,5.748105181747873
72,5,100283.82500967867,14.9403406891212,5490.6,5.842624854819976
72,6,100256.9910121141,19.38655724892538,6111.6,5.3604142243063695
72,7,100347.85930408472,21.043986384266287,2078.6,5.638086232980333
72,8,100324.31978107897,20.829554339327622,2228.8,5.124550430023456
72,9,100370.33838973162,17.209295993776763,4314.3,5.210501750291716
72,10,100293.77257011141,13.384978870534024,5814.5,5.563119477525931
72,11,100250.95708154507,8.751330472103026,4905.4,5.741502145922747
72,12,100598.02567006418,6.51468478671199,4691.3,6.305209513023782
73,1,101603.72737347617,6.894532693018124,8303.7,5.197192463982268
73,2,101478.36206896552,8.540065681445014,6714.1,5.341625615763547
73,3,101124.8782315474,10.600187336080952,6348.9,5.883589359310603
73,4,101063.37567359507,13.37290223248655,5204.2,5.459853733641263
73,5,101164.7428139183,16.66959152798792,6205.9,5.389447806354009
73,6,101130.39645881447,20.555042340261764,7245.9,4.887336412625096
73,7,101236.8743006341,22.269973890339447,2274.9,4.955538977993286
73,8,101186.79363905326,22.24086538461541,3445.0,4.650110946745562
73,9,101244.74732006126,18.931470137825443,5446.4,4.575803981623277
73,10,101164.46669233732,15.217058144012347,6513.9,4.605852907200616
73,11,101201.07448630137,10.466738013698652,7704.4,4.68326198630137
73,12,101579.05082212258,8.214648729446958,8781.4,4.892825112107624
74,1,100045.4382693025,4.574076837001141,5833.1,5.4554643789630735
74,2,99975.01228501229,6.186076986077009,4270.1,5.652743652743653
74,3,99655.24981357197,8.625801640566763,5295.4,5.6580536912751676
74,4,99656.81818181818,11.666063174114043,4015.9,5.083166409861325
74,5,99713.08330192235,15.266415378816458,6084.4,5.1211835657745945
74,6,99699.111725227,19.932254243979493,6921.5,4.7982629293328065
74,7,99777.99248120301,21.59586466165416,3278.7,4.96218045112782
74,8,99753.56052141527,21.405735567970225,2831.1,4.505214152700186
74,9,99826.92160611854,17.335869980879565,5232.0,4.519923518164436
74,10,99798.01614763553,13.074048442906596,5713.8,4.774394463667821
74,11,99708.91479440441,8.246926663840634,4814.1,5.117465027554048
74,12,100033.28647416414,5.7307370820668915,5217.7,5.341565349544073
75,1,100045.4382693025,4.574076837001141,5833.1,5.4554643789630735
75,2,99975.01228501229,6.186076986077009,4270.1,5.652743652743653
75,3,99655.24981357197,8.625801640566763,5295.4,5.6580536912751676
75,4,99656.81818181818,11.666063174114043,4015.9,5.083166409861325
75,5,99713.08330192235,15.266415378816458,6084.4,5.1211835657745945
75,6,99699.111725227,19.932254243979493,6921.5,4.7982629293328065
75,7,99777.99248120301,21.59586466165416,3278.7,4.96218045112782
75,8,99753.56052141527,21.405735567970225,2831.1,4.505214152700186
75,9,99826.92160611854,17.335869980879565,5232.0,4.519923518164436
75,10,99798.01614763553,13.074048442906596,5713.8,4.774394463667821
75,11,99708.91479440441,8.246926663840634,4814.1,5.117465027554048
75,12,100033.28647416414,5.7307370820668915,5217.7,5.341565349544073
76,1,100045.4382693025,4.574076837001141,5833.1,5.4554643789630735
76,2,99975.01228501229,6.186076986077009,4270.1,5.652743652743653
76,3,99655.24981357197,8.625801640566763,5295.4,5.6580536912751676
76,4,99656.81818181818,11.666063174114043,4015.9,5.083166409861325
76,5,99713.08330192235,15.266415378816458,6084.4,5.1211835657745945
76,6,99699.111725227,19.932254243979493,6921.5,4.7982629293328065
76,7,99777.99248120301,21.59586466165416,3278.7,4.96218045112782
76,8,99753.56052141527,21.405735567970225,2831.1,4.505214152700186
76,9,99826.92160611854,17.335869980879565,5232.0,4.519923518164436
76,10,99798.01614763553,13.074048442906596,5713.8,4.774394463667821
76,11,99708.91479440441,8.246926663840634,4814.1,5.117465027554048
76,12,100033.28647416414,5.7307370820668915,5217.7,5.341565349544073
77,1,100045.4382693025,4.574076837001141,5833.1,5.4554643789630735
77,2,99975.01228501229,6.186076986077009,4270.1,5.652743652743653
77,3,99655.24981357197,8.625801640566763,5295.4,5.6580536912751676
77,4,99656.81818181818,11.666063174114043,4015.9,5.083166409861325
77,5,99713.08330192235,15.266415378816458,6084.4,5.1211835657745945
77,6,99699.111725227,19.932254243979493,6921.5,4.7982629293328065
77,7,99777.99248120301,21.59586466165416,3278.7,4.96218045112782
77,8,99753.56052141527,21.405735567970225,2831.1,4.505214152700186
77,9,99826.92160611854,17.335869980879565,5232.0,4.519923518164436
77,10,99798.01614763553,13.074048442906596,5713.8,4.774394463667821
77,11,99708.91479440441,8.246926663840634,4814.1,5.117465027554048
77,12,100033.28647416414,5.7307370820668915,5217.7,5.341565349544073
78,1,100045.4382693025,4.574076837001141,5833.1,5.4554643789630735
78,2,99975.01228501229,6.186076986077009,4270.1,5.652743652743653
78,3,99655.24981357197,8.625801640566763,5295.4,5.6580536912751676
78,4,99656.81818181818,11.666063174114043,4015.9,5.083166409861325
78,5,99713.08330192235,15.266415378816458,6084.4,5.1211835657745945
78,6,99699.111725227,19.932254243979493,6921.5,4.7982629293328065
78,7,99777.99248120301,21.59586466165416,3278.7,4.96218045112782
78,8,99753.56052141527,21.405735567970225,2831.1,4.505214152700186
78,9,99826.92160611854,17.335869980879565,5232.0,4.519923518164436
78,10,99798.01614763553,13.074048442906596,5713.8,4.774394463667821
78,11,99708.91479440441,8.246926663840634,4814.1,5.117465027554048
78,12,100033.28647416414,5.7307370820668915,5217.7,5.341565349544073
79,1,100045.4382693025,4.574076837001141,5833.1,5.4554643789630735
79,2,99975.01228501229,6.186076986077009,4270.1,5.652743652743653
79,3,99655.24981357197,8.625801640566763,5295.4,5.6580536912751676
79,4,99656.81818181818,11.666063174114043,4015.9,5.083166409861325
79,5,99713.08330192235,15.266415378816458,6084.4,5.1211835657745945
79,6,99699.111725227,19.932254243979493,6921.5,4.7982629293328065
79,7,99777.99248120301,21.59586466165416,3278.7,4.96218045112782
79,8,99753.56052141527,21.405735567970225,2831.1,4.505214152700186
79,9,99826.92160611854,17.335869980879565,5232.0,4.519923518164436
79,10,99798.01614763553,13.074048442906596,5713.8,4.774394463667821
79,11,99708.91479440441,8.246926663840634,4814.1,5.117465027554048
79,12,100033.28647416414,5.7307370820668915,5217.7,5.341565349544073
80,1,98985.07291666667,5.256875000000023,2779.2,4.137395833333334
80,2,98564.85360360361,5.511036036036058,2144.4,4.842117117117117
80,3,98451.55694879833,8.686624869383513,2702.6,4.822152560083595
80,4,98580.57546145494,12.233984799131402,2743.2,4.502605863192182
80,5,98594.09836065574,15.548306010928984,2286.3,4.277049180327869
80,6,98709.91379310345,19.711206896551747,1616.3,3.6428160919540233
80,7,98803.31071913161,21.72591587516963,380.6,3.785481682496608
80,8,98909.51476793249,21.362658227848126,374.3,3.4820675105485233
80,9,98797.82978723405,16.41971631205676,1286.6,3.400851063829787
80,10,98860.71225071225,12.659544159544183,874.5,3.2981481481481483
80,11,98935.18571428572,8.90714285714288,1148.9,3.900571428571429
80,12,99461.53601694915,6.143750000000023,1117.6,3.595656779661017
81,1,98985.07291666667,5.256875000000023,2779.2,4.137395833333334
81,2,98564.85360360361,5.511036036036058,2144.4,4.842117117117117
81,3,98451.55694879833,8.686624869383513,2702.6,4.822152560083595
81,4,98580.57546145494,12.233984799131402,2743.2,4.502605863192182
81,5,98594.09836065574,15.548306010928984,2286.3,4.277049180327869
81,6,98709.91379310345,19.711206896551747,1616.3,3.6428160919540233
81,7,98803.31071913161,21.72591587516963,380.6,3.785481682496608
81,8,98909.51476793249,21.362658227848126,374.3,3.4820675105485233
81,9,98797.82978723405,16.41971631205676,1286.6,3.400851063829787
81,10,98860.71225071225,12.659544159544183,874.5,3.2981481481481483
81,11,98935.18571428572,8.90714285714288,1148.9,3.900571428571429
81,12,99461.53601694915,6.143750000000023,1117.6,3.595656779661017
82,1,97239.68541820874,4.378201332346434,8745.4,6.224611398963731
82,2,97169.15504511895,5.959064807219055,6449.6,6.227727645611157
82,3,96865.393129771,8.20053435114506,7759.7,6.534541984732824
82,4,96855.80856812041,11.237128521806275,6552.9,5.999807024314936
82,5,96959.81936971561,14.274365872405864,7896.8,5.879900076863951
82,6,96990.6854199683,18.65990491283679,7980.1,5.201743264659271
82,7,97101.98535080955,20.3312259059368,3536.6,5.3057825751734775
82,8,97087.74764150943,20.503262578616376,3133.6,4.92940251572327
82,9,97106.66142351553,16.568029885961487,7310.4,5.1269366889500585
82,10,97019.70565453137,13.072927962819543,7904.7,5.5321843532145625
82,11,96949.16474388556,8.276188278726373,7284.5,5.728103368712506
82,12,97270.39444027048,5.948534936138264,8711.8,5.745567242674681
83,1,99335.51243406179,3.2539186134137377,4471.7,5.2310474755086664
83,2,99270.80474375264,5.011393477340133,3100.7,5.397585768742059
83,3,98970.05679666792,7.765884134797448,4517.6,5.338546005301023
83,4,98969.6460521198,11.03158304161807,4090.6,5.101555814858032
83,5,98987.54906054279,14.993569937369543,5194.7,5.051899791231732
83,6,99004.87148594378,20.10240963855424,5555.6,4.75425702811245
83,7,99065.11618900078,21.994268009295144,3825.4,4.984779240898528
83,8,99059.2272379495,21.576396327467506,3795.9,4.612127008416221
83,9,99152.72549019608,16.8898823529412,5449.0,4.562588235294117
83,10,99159.72200772201,12.229305019305043,6709.7,4.476679536679537
83,11,99055.95698924731,6.852344086021527,4052.0,4.531311827956989
83,12,99366.08216051731,4.336325599087128,5024.8,4.644237352605554
84,1,99335.51243406179,3.2539186134137377,4471.7,5.2310474755086664
84,2,99270.80474375264,5.011393477340133,3100.7,5.397585768742059
84,3,98970.05679666792,7.765884134797448,4517.6,5.338546005301023
84,4,98969.6460521198,11.03158304161807,4090.6,5.101555814858032
84,5,98987.54906054279,14.993569937369543,5194.7,5.051899791231732
84,6,99004.87148594378,20.10240963855424,5555.6,4.75425702811245
84,7,99065.11618900078,21.994268009295144,3825.4,4.984779240898528
84,8,99059.2272379495,21.576396327467506,3795.9,4.612127008416221
84,9,99152.72549019608,16.8898823529412,5449.0,4.562588235294117
84,10,99159.72200772201,12.229305019305043,6709.7,4.476679536679537
84,11,99055.95698924731,6.852344086021527,4052.0,4.531311827956989
84,12,99366.08216051731,4.336325599087128,5024.8,4.644237352605554
85,1,99335.51243406179,3.2539186134137377,4471.7,5.2310474755086664
85,2,99270.80474375264,5.011393477340133,3100.7,5.397585768742059
85,3,98970.05679666792,7.765884134797448,4517.6,5.338546005301023
85,4,98969.6460521198,11.03158304161807,4090.6,5.101555814858032
85,5,98987.54906054279,14.993569937369543,5194.7,5.051899791231732
85,6,99004.87148594378,20.10240963855424,5555.6,4.75425702811245
85,7,99065.11618900078,21.994268009295144,3825.4,4.984779240898528
85,8,99059.2272379495,21.576396327467506,3795.9,4.612127008416221
85,9,99152.72549019608,16.8898823529412,5449.0,4.562588235294117
85,10,99159.72200772201,12.229305019305043,6709.7,4.476679536679537
85,11,99055.95698924731,6.852344086021527,4052.0,4.531311827956989
85,12,99366.08216051731,4.336325599087128,5024.8,4.644237352605554
86,1,99335.51243406179,3.2539186134137377,4471.7,5.2310474755086664
86,2,99270.80474375264,5.011393477340133,3100.7,5.397585768742059
86,3,98970.05679666792,7.765884134797448,4517.6,5.338546005301023
86,4,98969.6460521198,11.03158304161807,4090.6,5.101555814858032
86,5,98987.54906054279,14.993569937369543,5194.7,5.051899791231732
86,6,99004.87148594378,20.10240963855424,5555.6,4.75425702811245
86,7,99065.11618900078,21.994268009295144,3825.4,4.984779240898528
86,8,99059.2272379495,21.576396327467506,3795.9,4.612127008416221
86,9,99152.72549019608,16.8898823529412,5449.0,4.562588235294117
86,10,99159.72200772201,12.229305019305043,6709.7,4.476679536679537
86,11,99055.95698924731,6.852344086021527,4052.0,4.531311827956989
86,12,99366.08216051731,4.336325599087128,5024.8,4.644237352605554
87,1,99335.51243406179,3.2539186134137377,4471.7,5.2310474755086664
87,2,99270.80474375264,5.011393477340133,3100.7,5.397585768742059
87,3,98970.05679666792,7.765884134797448,4517.6,5.338546005301023
87,4,98969.6460521198,11.03158304161807,4090.6,5.101555814858032
87,5,98987.54906054279,14.993569937369543,5194.7,5.051899791231732
87,6,99004.87148594378,20.10240963855424,5555.6,4.75425702811245
87,7,99065.11618900078,21.994268009295144,3825.4,4.984779240898528
87,8,99059.2272379495,21.576396327467506,3795.9,4.612127008416221
87,9,99152.72549019608,16.8898823529412,5449.0,4.562588235294117
87,10,99159.72200772201,12.229305019305043,6709.7,4.476679536679537
87,11,99055.95698924731,6.852344086021527,4052.0,4.531311827956989
87,12,99366.08216051731,4.336325599087128,5024.8,4.644237352605554
88,1,100539.40794499619,4.157333842627984,4807.8,6.130557677616501
88,2,100502.37322515213,5.588316430020306,4015.2,6.276551724137931
88,3,100209.16543026706,7.690912462908035,4238.5,6.035200296735905
88,4,100249.39777522055,10.675067126965883,2999.6,5.124587648638281
88,5,100259.78454680534,14.582392273402697,5926.1,5.165044576523031
88,6,100250.21375825885,19.069296541002743,5338.5,4.862844928099495
88,7,100285.21052631579,20.75135338345867,3771.4,5.160676691729323
88,8,100283.6109064112,20.468238761974966,3749.2,4.744583640383198
88,9,100369.46195234435,16.264027671022312,4605.8,4.7077248270561105
88,10,100349.59346504559,12.428153495440752,4803.1,4.98677811550152
88,11,100226.0435875943,7.619237217099771,4269.1,5.494761106454317
88,12,100540.1352874859,5.6020668921458325,4173.6,6.026907177752725
89,1,101141.05241605242,7.990990990991014,7985.4,9.755692055692057
89,2,101079.44021495746,8.348723690103023,6294.2,9.98871473354232
89,3,100828.41144753214,9.216175860638762,5056.0,9.422895064288676
89,4,100937.90221479315,10.747137484329315,3286.8,7.644880902632679
89,5,101063.64801366937,13.221870995301176,3450.7,7.304955147372918
89,6,101029.16769674495,15.518376596621367,3590.5,6.674660074165637
89,7,101071.13293741434,17.21973503883054,2680.2,6.802695294655094
89,8,101046.92931112112,17.456956325979313,4205.3,6.787257991895543
89,9,101057.05716963449,16.18631677600752,3628.2,7.616166822867854
89,10,100954.19823788546,14.017092511013239,6525.4,8.033039647577093
89,11,100838.28095238096,11.070523809523833,6939.3,9.432714285714287
89,12,101083.96621078037,9.539541432019332,7357.2,10.030370072405471
90,1,101506.34006862371,6.059207014868494,5977.8,5.896873808616088
90,2,101451.75210084034,6.987268907563048,4593.1,6.354957983193277
90,3,101152.21597300337,8.846831646044267,4279.3,6.482639670041245
90,4,101215.415484394,11.228901499797347,3450.1,5.58382650993109
90,5,101283.65892083498,14.555415517920462,4259.2,5.840685309176841
90,6,101263.91391794047,18.024054706355617,5594.5,5.2944489139179405
90,7,101321.648434553,19.528404375707304,2998.3,5.643153526970955
90,8,101292.60424564064,19.142570128885545,3316.0,5.162661106899166
90,9,101322.4663499604,16.513460015835335,4140.6,5.159422011084719
90,10,101211.6513761468,13.2284403669725,6239.9,5.226007179896291
90,11,101124.4923076923,9.29503296703299,5072.1,5.639252747252747
90,12,101457.64773599386,7.417689946277843,5330.6,5.966692248656946
91,1,101506.34006862371,6.059207014868494,5977.8,5.896873808616088
91,2,101451.75210084034,6.987268907563048,4593.1,6.354957983193277
91,3,101152.21597300337,8.846831646044267,4279.3,6.482639670041245
91,4,101215.415484394,11.228901499797347,3450.1,5.58382650993109
91,5,101283.65892083498,14.555415517920462,4259.2,5.840685309176841
91,6,101263.91391794047,18.024054706355617,5594.5,5.2944489139179405
91,7,101321.648434553,19.528404375707304,2998.3,5.643153526970955
91,8,101292.60424564064,19.142570128885545,3316.0,5.162661106899166
91,9,101322.4663499604,16.513460015835335,4140.6,5.159422011084719
91,10,101211.6513761468,13.2284403669725,6239.9,5.226007179896291
91,11,101124.4923076923,9.29503296703299,5072.1,5.639252747252747
91,12,101457.64773599386,7.417689946277843,5330.6,5.966692248656946
92,1,101141.05241605242,7.990990990991014,7985.4,9.755692055692057
92,2,101079.44021495746,8.348723690103023,6294.2,9.98871473354232
92,3,100828.41144753214,9.216175860638762,5056.0,9.422895064288676
92,4,100937.90221479315,10.747137484329315,3286.8,7.644880902632679
92,5,101063.64801366937,13.221870995301176,3450.7,7.304955147372918
92,6,101029.16769674495,15.518376596621367,3590.5,6.674660074165637
92,7,101071.13293741434,17.21973503883054,2680.2,6.802695294655094
92,8,101046.92931112112,17.456956325979313,4205.3,6.787257991895543
92,9,101057.05716963449,16.18631677600752,3628.2,7.616166822867854
92,10,100954.19823788546,14.017092511013239,6525.4,8.033039647577093
92,11,100838.28095238096,11.070523809523833,6939.3,9.432714285714287
92,12,101083.96621078037,9.539541432019332,7357.2,10.030370072405471
93,1,101141.05241605242,7.990990990991014,7985.4,9.755692055692057
93,2,101079.44021495746,8.348723690103023,6294.2,9.98871473354232
93,3,100828.41144753214,9.216175860638762,5056.0,9.422895064288676
93,4,100937.90221479315,10.747137484329315,3286.8,7.644880902632679
93,5,101063.64801366937,13.221870995301176,3450.7,7.304955147372918
93,6,101029.16769674495,15.518376596621367,3590.5,6.674660074165637
93,7,101071.13293741434,17.21973503883054,2680.2,6.802695294655094
93,8,101046.92931112112,17.456956325979313,4205.3,6.787257991895543
93,9,101057.05716963449,16.18631677600752,3628.2,7.616166822867854
93,10,100954.19823788546,14.017092511013239,6525.4,8.033039647577093
93,11,100838.28095238096,11.070523809523833,6939.3,9.432714285714287
93,12,101083.96621078037,9.539541432019332,7357.2,10.030370072405471
94,1,101141.05241605242,7.990990990991014,7985.4,9.755692055692057
94,2,101079.44021495746,8.348723690103023,6294.2,9.98871473354232
94,3,100828.41144753214,9.216175860638762,5056.0,9.422895064288676
94,4,100937.90221479315,10.747137484329315,3286.8,7.644880902632679
94,5,101063.64801366937,13.221870995301176,3450.7,7.304955147372918
94,6,101029.16769674495,15.518376596621367,3590.5,6.674660074165637
94,7,101071.13293741434,17.21973503883054,2680.2,6.802695294655094
94,8,101046.92931112112,17.456956325979313,4205.3,6.787257991895543
94,9,101057.05716963449,16.18631677600752,3628.2,7.616166822867854
94,10,100954.19823788546,14.017092511013239,6525.4,8.033039647577093
94,11,100838.28095238096,11.070523809523833,6939.3,9.432714285714287
94,12,101083.96621078037,9.539541432019332,7357.2,10.030370072405471
95,1,101141.05241605242,7.990990990991014,7985.4,9.755692055692057
95,2,101079.44021495746,8.348723690103023,6294.2,9.98871473354232
95,3,100828.41144753214,9.216175860638762,5056.0,9.422895064288676
95,4,100937.90221479315,10.747137484329315,3286.8,7.644880902632679
95,5,101063.64801366937,13.221870995301176,3450.7,7.304955147372918
95,6,101029.16769674495,15.518376596621367,3590.5,6.674660074165637
95,7,101071.13293741434,17.21973503883054,2680.2,6.802695294655094
95,8,101046.92931112112,17.456956325979313,4205.3,6.787257991895543
95,9,101057.05716963449,16.18631677600752,3628.2,7.616166822867854
95,10,100954.19823788546,14.017092511013239,6525.4,8.033039647577093
95,11,100838.28095238096,11.070523809523833,6939.3,9.432714285714287
95,12,101083.96621078037,9.539541432019332,7357.2,10.030370072405471
96,1,101506.34006862371,6.059207014868494,5977.8,5.896873808616088
96,2,101451.75210084034,6.987268907563048,4593.1,6.354957983193277
96,3,101152.21597300337,8.846831646044267,4279.3,6.482639670041245
96,4,101215.415484394,11.228901499797347,3450.1,5.58382650993109
96,5,101283.65892083498,14.555415517920462,4259.2,5.840685309176841
96,6,101263.91391794047,18.024054706355617,5594.5,5.2944489139179405
96,7,101321.648434553,19.528404375707304,2998.3,5.643153526970955
96,8,101292.60424564064,19.142570128885545,3316.0,5.162661106899166
96,9,101322.4663499604,16.513460015835335,4140.6,5.159422011084719
96,10,101211.6513761468,13.2284403669725,6239.9,5.226007179896291
96,11,101124.4923076923,9.29503296703299,5072.1,5.639252747252747
96,12,101457.64773599386,7.417689946277843,5330.6,5.966692248656946
97,1,100729.15349887132,7.1676072234763195,13362.9,7.8401429646350635
97,2,100652.25154639175,7.651793814433011,9881.5,8.479422680412371
97,3,100379.36435868332,8.676617480136231,7811.2,8.44755959137344
97,4,100478.3611003487,10.457884540875654,4836.3,6.969701666020922
97,5,100604.53179190752,13.09953757225436,5196.1,6.829479768786127
97,6,100567.78037383177,15.735163551401893,4927.9,6.257126168224299
97,7,100635.56596701649,17.22458770614695,5172.3,6.5232383808095955
97,8,100607.75672603259,16.944789693065577,5951.9,6.363319439181508
97,9,100616.62435541452,15.262554541848496,6013.4,6.494922649742166
97,10,100417.56619937695,12.818574766355162,10540.5,7.029049844236759
97,11,100322.77826086957,10.196782608695674,11904.2,7.815173913043479
97,12,100666.99384141648,8.813471901462686,12143.7,8.566204772902232
98,1,97239.68541820874,4.378201332346434,8745.4,6.224611398963731
98,2,97169.15504511895,5.959064807219055,6449.6,6.227727645611157
98,3,96865.393129771,8.20053435114506,7759.7,6.534541984732824
98,4,96855.80856812041,11.237128521806275,6552.9,5.999807024314936
98,5,96959.81936971561,14.274365872405864,7896.8,5.879900076863951
98,6,96990.6854199683,18.65990491283679,7980.1,5.201743264659271
98,7,97101.98535080955,20.3312259059368,3536.6,5.3057825751734775
98,8,97087.74764150943,20.503262578616376,3133.6,4.92940251572327
98,9,97106.66142351553,16.568029885961487,7310.4,5.1269366889500585
98,10,97019.70565453137,13.072927962819543,7904.7,5.5321843532145625
98,11,96949.16474388556,8.276188278726373,7284.5,5.728103368712506
98,12,97270.39444027048,5.948534936138264,8711.8,5.745567242674681
99,1,98985.07291666667,5.256875000000023,2779.2,4.137395833333334
99,2,98564.85360360361,5.511036036036058,2144.4,4.842117117117117
99,3,98451.55694879833,8.686624869383513,2702.6,4.822152560083595
99,4,98580.57546145494,12.233984799131402,2743.2,4.502605863192182
99,5,98594.09836065574,15.548306010928984,2286.3,4.277049180327869
99,6,98709.91379310345,19.711206896551747,1616.3,3.6428160919540233
99,7,98803.31071913161,21.72591587516963,380.6,3.785481682496608
99,8,98909.51476793249,21.362658227848126,374.3,3.4820675105485233
99,9,98797.82978723405,16.41971631205676,1286.6,3.400851063829787
99,10,98860.71225071225,12.659544159544183,874.5,3.2981481481481483
99,11,98935.18571428572,8.90714285714288,1148.9,3.900571428571429
99,12,99461.53601694915,6.143750000000023,1117.6,3.595656779661017
100,1,98985.07291666667,5.256875000000023,2779.2,4.137395833333334
100,2,98564.85360360361,5.511036036036058,2144.4,4.842117117117117
100,3,98451.55694879833,8.686624869383513,2702.6,4.822152560083595
100,4,98580.57546145494,12.233984799131402,2743.2,4.502605863192182
100,5,98594.09836065574,15.548306010928984,2286.3,4.277049180327869
100,6,98709.91379310345,19.711206896551747,1616.3,3.6428160919540233
100,7,98803.31071913161,21.72591587516963,380.6,3.785481682496608
100,8,98909.51476793249,21.362658227848126,374.3,3.4820675105485233
100,9,98797.82978723405,16.41971631205676,1286.6,3.400851063829787
100,10,98860.71225071225,12.659544159544183,874.5,3.2981481481481483
100,11,98935.18571428572,8.90714285714288,1148.9,3.900571428571429
100,12,99461.53601694915,6.143750000000023,1117.6,3.595656779661017
101,1,98985.07291666667,5.256875000000023,2779.2,4.137395833333334
101,2,98564.85360360361,5.511036036036058,2144.4,4.842117117117117
101,3,98451.55694879833,8.686624869383513,2702.6,4.822152560083595
101,4,98580.57546145494,12.233984799131402,2743.2,4.502605863192182
101,5,98594.09836065574,15.548306010928984,2286.3,4.277049180327869
101,6,98709.91379310345,19.711206896551747,1616.3,3.6428160919540233
101,7,98803.31071913161,21.72591587516963,380.6,3.785481682496608
101,8,98909.51476793249,21.362658227848126,374.3,3.4820675105485233
101,9,98797.82978723405,16.41971631205676,1286.6,3.400851063829787
101,10,98860.71225071225,12.659544159544183,874.5,3.2981481481481483
101,11,98935.18571428572,8.90714285714288,1148.9,3.900571428571429
101,12,99461.53601694915,6.143750000000023,1117.6,3.595656779661017
102,1,99335.51243406179,3.2539186134137377,4471.7,5.2310474755086664
102,2,99270.80474375264,5.011393477340133,3100.7,5.397585768742059
102,3,98970.05679666792,7.765884134797448,4517.6,5.338546005301023
102,4,98969.6460521198,11.03158304161807,4090.6,5.101555814858032
102,5,98987.54906054279,14.993569937369543,5194.7,5.051899791231732
102,6,99004.87148594378,20.10240963855424,5555.6,4.75425702811245
102,7,99065.11618900078,21.994268009295144,3825.4,4.984779240898528
102,8,99059.2272379495,21.576396327467506,3795.9,4.612127008416221
102,9,99152.72549019608,16.8898823529412,5449.0,4.562588235294117
102,10,99159.72200772201,12.229305019305043,6709.7,4.476679536679537
102,11,99055.95698924731,6.852344086021527,4052.0,4.531311827956989
102,12,99366.08216051731,4.336325599087128,5024.8,4.644237352605554
103,1,98722.97347777363,2.9088905491221744,4782.2,5.070638774747852
103,2,98717.63243683781,4.773431132844358,3432.2,5.243317033414833
103,3,98399.88428518103,7.265285554311333,3503.7,5.034565136244868
103,4,98392.29361370717,10.669119937694726,5164.4,4.741588785046729
103,5,98413.55802374569,14.940674071237096,6087.9,4.612600536193029
103,6,98445.16229956981,19.931443097379766,6448.8,4.378646851779429
103,7,98483.80737396539,21.3145974416855,4482.1,4.380173062452972
103,8,98499.44611906556,20.878711379050515,5988.7,3.97189148455162
103,9,98600.37816764132,16.19863547758287,4838.3,3.9104093567251463
103,10,98623.20610687023,11.780725190839718,4550.7,3.968549618320611
103,11,98487.32226479353,6.575862068965539,3683.7,4.370072371221796
103,12,98788.92469089547,3.9974522292993857,3860.7,4.743799175721244
104,1,98722.97347777363,2.9088905491221744,4782.2,5.070638774747852
104,2,98717.63243683781,4.773431132844358,3432.2,5.243317033414833
104,3,98399.88428518103,7.265285554311333,3503.7,5.034565136244868
104,4,98392.29361370717,10.669119937694726,5164.4,4.741588785046729
104,5,98413.55802374569,14.940674071237096,6087.9,4.612600536193029
104,6,98445.16229956981,19.931443097379766,6448.8,4.378646851779429
104,7,98483.80737396539,21.3145974416855,4482.1,4.380173062452972
104,8,98499.44611906556,20.878711379050515,5988.7,3.97189148455162
104,9,98600.37816764132,16.19863547758287,4838.3,3.9104093567251463
104,10,98623.20610687023,11.780725190839718,4550.7,3.968549618320611
104,11,98487.32226479353,6.575862068965539,3683.7,4.370072371221796
104,12,98788.92469089547,3.9974522292993857,3860.7,4.743799175721244
105,1,98722.97347777363,2.9088905491221744,4782.2,5.070638774747852
105,2,98717.63243683781,4.773431132844358,3432.2,5.243317033414833
105,3,98399.88428518103,7.265285554311333,3503.7,5.034565136244868
105,4,98392.29361370717,10.669119937694726,5164.4,4.741588785046729
105,5,98413.55802374569,14.940674071237096,6087.9,4.612600536193029
105,6,98445.16229956981,19.931443097379766,6448.8,4.378646851779429
105,7,98483.80737396539,21.3145974416855,4482.1,4.380173062452972
105,8,98499.44611906556,20.878711379050515,5988.7,3.97189148455162
105,9,98600.37816764132,16.19863547758287,4838.3,3.9104093567251463
105,10,98623.20610687023,11.780725190839718,4550.7,3.968549618320611
105,11,98487.32226479353,6.575862068965539,3683.7,4.370072371221796
105,12,98788.92469089547,3.9974522292993857,3860.7,4.743799175721244
106,1,99207.86214522668,4.299631404349452,5032.3,5.668669369701438
106,2,99139.03238866397,6.553279352226743,3322.9,5.803562753036437
106,3,98799.78912319645,9.21361450240476,5247.5,5.785312615612283
106,4,98763.87950882579,12.500038372985442,5480.0,5.91615502686109
106,5,98781.10812883436,16.20563650306751,7260.7,5.651878834355828
106,6,98806.03780864198,21.33109567901237,7052.7,5.412345679012345
106,7,98857.34549516009,23.280789277736435,3881.1,5.428704393149665
106,8,98856.96235557212,22.900484532240053,5307.1,5.230860976518822
106,9,98963.25181505541,18.41146350783342,6204.0,4.942911730989683
106,10,98993.84382107657,13.806444275966664,8537.5,5.326042456406369
106,11,98921.86947368422,8.243284210526339,5186.5,5.020378947368421
106,12,99266.41243983709,5.347982228804169,5744.0,5.2262125138837465
107,1,99335.51243406179,3.2539186134137377,4471.7,5.2310474755086664
107,2,99270.80474375264,5.011393477340133,3100.7,5.397585768742059
107,3,98970.05679666792,7.765884134797448,4517.6,5.338546005301023
107,4,98969.6460521198,11.03158304161807,4090.6,5.101555814858032
107,5,98987.54906054279,14.993569937369543,5194.7,5.051899791231732
107,6,99004.87148594378,20.10240963855424,5555.6,4.75425702811245
107,7,99065.11618900078,21.994268009295144,3825.4,4.984779240898528
107,8,99059.2272379495,21.576396327467506,3795.9,4.612127008416221
107,9,99152.72549019608,16.8898823529412,5449.0,4.562588235294117
107,10,99159.72200772201,12.229305019305043,6709.7,4.476679536679537
107,11,99055.95698924731,6.852344086021527,4052.0,4.531311827956989
107,12,99366.08216051731,4.336325599087128,5024.8,4.644237352605554
108,1,101180.22023142964,5.937775289287069,4233.1,7.17010078387458
108,2,101107.01754385965,7.564218686250531,3508.9,6.614443084455324
108,3,100744.33510638298,10.215311550152,5783.9,6.202507598784194
108,4,100691.22291021672,13.412577399380828,5494.8,6.520588235294118
108,5,100678.68131868132,17.2716180371353,6135.7,6.393027661993179
108,6,100674.04642166344,22.49562862669248,5772.7,5.995744680851064
108,7,100674.91281273692,24.905686125852945,2854.7,6.721266110689917
108,8,100685.987933635,24.385822021116162,2622.1,6.359954751131221
108,9,100849.2061008995,19.585569026202606,7567.0,5.457723895189675
108,10,100924.2522106882,15.043752402921976,9438.4,5.842637447135718
108,11,100863.23240938166,9.58895522388062,8356.5,5.872878464818763
108,12,101246.14579439252,6.683663551401892,5212.3,6.080448598130841
109,1,101180.22023142964,5.937775289287069,4233.1,7.17010078387458
109,2,101107.01754385965,7.564218686250531,3508.9,6.614443084455324
109,3,100744.33510638298,10.215311550152,5783.9,6.202507598784194
109,4,100691.22291021672,13.412577399380828,5494.8,6.520588235294118
109,5,100678.68131868132,17.2716180371353,6135.7,6.393027661993179
109,6,100674.04642166344,22.49562862669248,5772.7,5.995744680851064
109,7,100674.91281273692,24.905686125852945,2854.7,6.721266110689917
109,8,100685.987933635,24.385822021116162,2622.1,6.359954751131221
109,9,100849.2061008995,19.585569026202606,7567.0,5.457723895189675
109,10,100924.2522106882,15.043752402921976,9438.4,5.842637447135718
109,11,100863.23240938166,9.58895522388062,8356.5,5.872878464818763
109,12,101246.14579439252,6.683663551401892,5212.3,6.080448598130841
110,1,99962.13282732447,4.235749525616721,6976.8,6.541404174573055
110,2,99962.56462864178,5.410299548625381,5615.9,7.096101764464506
110,3,99718.59327217126,7.507607033639166,4788.3,6.936773700305809
110,4,99832.23076923077,10.192115384615407,2728.7,5.9935
110,5,99877.88834029624,13.36490695024689,5144.6,5.920053171287504
110,6,99856.9128565846,17.161430246189944,5451.0,5.592887846815162
110,7,99899.55111278762,18.73134666163714,4182.3,5.652583930592229
110,8,99870.61561561562,18.572560060060084,4444.4,5.298761261261261
110,9,99906.3746105919,15.47679127725859,5063.3,5.476168224299065
110,10,99828.95913646878,12.019969159599098,5681.0,5.842636854279105
110,11,99645.52507501072,7.811187312473234,6672.3,6.388469781397342
110,12,99974.06507252058,5.79839278714232,7818.7,6.773696589572717
111,1,99962.13282732447,4.235749525616721,6976.8,6.541404174573055
111,2,99962.56462864178,5.410299548625381,5615.9,7.096101764464506
111,3,99718.59327217126,7.507607033639166,4788.3,6.936773700305809
111,4,99832.23076923077,10.192115384615407,2728.7,5.9935
111,5,99877.88834029624,13.36490695024689,5144.6,5.920053171287504
111,6,99856.9128565846,17.161430246189944,5451.0,5.592887846815162
111,7,99899.55111278762,18.73134666163714,4182.3,5.652583930592229
111,8,99870.61561561562,18.572560060060084,4444.4,5.298761261261261
111,9,99906.3746105919,15.47679127725859,5063.3,5.476168224299065
111,10,99828.95913646878,12.019969159599098,5681.0,5.842636854279105
111,11,99645.52507501072,7.811187312473234,6672.3,6.388469781397342
111,12,99974.06507252058,5.79839278714232,7818.7,6.773696589572717
112,1,99962.13282732447,4.235749525616721,6976.8,6.541404174573055
112,2,99962.56462864178,5.410299548625381,5615.9,7.096101764464506
112,3,99718.59327217126,7.507607033639166,4788.3,6.936773700305809
112,4,99832.23076923077,10.192115384615407,2728.7,5.9935
112,5,99877.88834029624,13.36490695024689,5144.6,5.920053171287504
112,6,99856.9128565846,17.161430246189944,5451.0,5.592887846815162
112,7,99899.55111278762,18.73134666163714,4182.3,5.652583930592229
112,8,99870.61561561562,18.572560060060084,4444.4,5.298761261261261
112,9,99906.3746105919,15.47679127725859,5063.3,5.476168224299065
112,10,99828.95913646878,12.019969159599098,5681.0,5.842636854279105
112,11,99645.52507501072,7.811187312473234,6672.3,6.388469781397342
112,12,99974.06507252058,5.79839278714232,7818.7,6.773696589572717
113,1,99962.13282732447,4.235749525616721,6976.8,6.541404174573055
113,2,99962.56462864178,5.410299548625381,5615.9,7.096101764464506
113,3,99718.59327217126,7.507607033639166,4788.3,6.936773700305809
113,4,99832.23076923077,10.192115384615407,2728.7,5.9935
113,5,99877.88834029624,13.36490695024689,5144.6,5.920053171287504
113,6,99856.9128565846,17.161430246189944,5451.0,5.592887846815162
113,7,99899.55111278762,18.73134666163714,4182.3,5.652583930592229
113,8,99870.61561561562,18.572560060060084,4444.4,5.298761261261261
113,9,99906.3746105919,15.47679127725859,5063.3,5.476168224299065
113,10,99828.95913646878,12.019969159599098,5681.0,5.842636854279105
113,11,99645.52507501072,7.811187312473234,6672.3,6.388469781397342
113,12,99974.06507252058,5.79839278714232,7818.7,6.773696589572717
114,1,99962.13282732447,4.235749525616721,6976.8,6.541404174573055
114,2,99962.56462864178,5.410299548625381,5615.9,7.096101764464506
114,3,99718.59327217126,7.507607033639166,4788.3,6.936773700305809
114,4,99832.23076923077,10.192115384615407,2728.7,5.9935
114,5,99877.88834029624,13.36490695024689,5144.6,5.920053171287504
114,6,99856.9128565846,17.161430246189944,5451.0,5.592887846815162
114,7,99899.55111278762,18.73134666163714,4182.3,5.652583930592229
114,8,99870.61561561562,18.572560060060084,4444.4,5.298761261261261
114,9,99906.3746105919,15.47679127725859,5063.3,5.476168224299065
114,10,99828.95913646878,12.019969159599098,5681.0,5.842636854279105
114,11,99645.52507501072,7.811187312473234,6672.3,6.388469781397342
114,12,99974.06507252058,5.79839278714232,7818.7,6.773696589572717
115,1,100169.38589840788,4.718157695223677,6427.9,5.516224412433662
115,2,100128.64674138647,5.706683271066855,4627.5,5.90390203403902
115,3,99836.52692307692,7.8546538461538695,4568.8,5.874153846153846
115,4,99921.57582938389,10.505410742496073,3105.1,5.172985781990521
115,5,99998.78500986194,13.918500986193317,5313.1,5.357909270216962
115,6,99955.48426150122,17.810492332526255,5377.6,4.982728006456821
115,7,100034.53997589393,19.41767778224189,2798.0,5.195660907995179
115,8,100004.65524446302,19.06130380275807,3489.7,4.728834099456749
115,9,100054.9605645496,15.686467413864698,3645.3,4.628476546284766
115,10,99963.64474739374,12.26118684843627,5760.0,4.74186046511628
115,11,99819.18018412977,8.00495396755811,5894.5,5.162428759316089
115,12,100122.87290715372,6.026560121765624,6707.5,5.50958904109589
116,1,100837.40658527562,4.781576026637092,4799.3,6.220532741398445
116,2,100801.1934826884,6.168024439918557,3998.0,6.54684317718941
116,3,100511.36904761905,8.632812500000023,4375.4,6.5018973214285705
116,4,100584.02013942681,11.598063516653779,3088.1,5.985321456235477
116,5,100618.60822760477,15.216147635524822,5399.2,5.9918108419838525
116,6,100591.71317829458,19.56554263565894,5341.7,5.727209302325582
116,7,100629.88064155166,21.38168593808283,2948.9,5.848377471092876
116,8,100616.94568452382,20.865066964285738,4583.4,5.358296130952381
116,9,100683.25920245399,17.060122699386525,4830.6,5.269363496932515
116,10,100636.10156548301,13.072088583428814,4985.4,5.283657884688813
116,11,100501.99241786015,8.378096040438102,4247.2,5.658129738837405
116,12,100807.80170813219,6.255625696249558,5697.3,6.06060155959896
117,1,100663.04396843292,5.265238632093221,5303.5,6.201315295001879
117,2,100579.1670052824,6.551320601381575,4326.7,6.368508736286063
117,3,100277.54793510324,8.78982300884958,5017.6,6.380604719764012
117,4,100294.39635535308,11.548899012908148,3000.8,5.668564920273348
117,5,100356.53450247808,14.965993137628693,5003.9,5.773770491803279
117,6,100328.23411905713,19.29948062325212,5691.2,5.387415101877747
117,7,100409.69843633656,21.186150409530924,2572.1,5.602159344750558
117,8,100382.91867805421,20.852172298551825,2847.9,5.109840326773115
117,9,100436.86010760954,17.281783243658747,4255.2,5.17544196771714
117,10,100366.17509727627,13.357548638132318,5062.7,5.470894941634241
117,11,100295.82267689685,8.747314578005138,4930.1,5.7215686274509805
117,12,100611.3672922252,6.552853312906954,4860.7,6.113443125239372
118,1,100169.38589840788,4.718157695223677,6427.9,5.516224412433662
118,2,100128.64674138647,5.706683271066855,4627.5,5.90390203403902
118,3,99836.52692307692,7.8546538461538695,4568.8,5.874153846153846
118,4,99921.57582938389,10.505410742496073,3105.1,5.172985781990521
118,5,99998.78500986194,13.918500986193317,5313.1,5.357909270216962
118,6,99955.48426150122,17.810492332526255,5377.6,4.982728006456821
118,7,100034.53997589393,19.41767778224189,2798.0,5.195660907995179
118,8,100004.65524446302,19.06130380275807,3489.7,4.728834099456749
118,9,100054.9605645496,15.686467413864698,3645.3,4.628476546284766
118,10,99963.64474739374,12.26118684843627,5760.0,4.74186046511628
118,11,99819.18018412977,8.00495396755811,5894.5,5.162428759316089
118,12,100122.87290715372,6.026560121765624,6707.5,5.50958904109589
119,1,100837.40658527562,4.781576026637092,4799.3,6.220532741398445
119,2,100801.1934826884,6.168024439918557,3998.0,6.54684317718941
119,3,100511.36904761905,8.632812500000023,4375.4,6.5018973214285705
119,4,100584.02013942681,11.598063516653779,3088.1,5.985321456235477
119,5,100618.60822760477,15.216147635524822,5399.2,5.9918108419838525
119,6,100591.71317829458,19.56554263565894,5341.7,5.727209302325582
119,7,100629.88064155166,21.38168593808283,2948.9,5.848377471092876
119,8,100616.94568452382,20.865066964285738,4583.4,5.358296130952381
119,9,100683.25920245399,17.060122699386525,4830.6,5.269363496932515
119,10,100636.10156548301,13.072088583428814,4985.4,5.283657884688813
119,11,100501.99241786015,8.378096040438102,4247.2,5.658129738837405
119,12,100807.80170813219,6.255625696249558,5697.3,6.06060155959896
120,1,100729.15349887132,7.1676072234763195,13362.9,7.8401429646350635
120,2,100652.25154639175,7.651793814433011,9881.5,8.479422680412371
120,3,100379.36435868332,8.676617480136231,7811.2,8.44755959137344
120,4,100478.3611003487,10.457884540875654,4836.3,6.969701666020922
120,5,100604.53179190752,13.09953757225436,5196.1,6.829479768786127
120,6,100567.78037383177,15.735163551401893,4927.9,6.257126168224299
120,7,100635.56596701649,17.22458770614695,5172.3,6.5232383808095955
120,8,100607.75672603259,16.944789693065577,5951.9,6.363319439181508
120,9,100616.62435541452,15.262554541848496,6013.4,6.494922649742166
120,10,100417.56619937695,12.818574766355162,10540.5,7.029049844236759
120,11,100322.77826086957,10.196782608695674,11904.2,7.815173913043479
120,12,100666.99384141648,8.813471901462686,12143.7,8.566204772902232
121,1,101528.89074926748,8.59192130598579,4948.5,11.115571368773544
121,2,101390.08743672342,8.842982052462057,4133.1,10.986056143580305
121,3,101121.90455148033,9.800265134776867,3549.0,10.694432169686257
121,4,101148.96699528504,11.717445349335641,2443.2,8.907458208315473
121,5,101223.39393939394,14.36755244755247,2370.7,8.957902097902098
121,6,101174.66702184337,17.326638252530657,2279.5,7.840916355887054
121,7,101315.34924078091,18.813665943600892,1811.7,8.033709327548808
121,8,101273.86180584994,18.801526070368823,2720.9,7.694531581178466
121,9,101285.50643776824,17.22836909871247,3042.2,8.339356223175965
121,10,101091.02979842243,14.775547765118342,4641.1,9.742769500438213
121,11,101013.85238095238,12.013523809523832,4894.7,11.649571428571427
121,12,101339.49876746097,10.367707477403474,5895.2,11.986811832374693
122,1,100729.15349887132,7.1676072234763195,13362.9,7.8401429646350635
122,2,100652.25154639175,7.651793814433011,9881.5,8.479422680412371
122,3,100379.36435868332,8.676617480136231,7811.2,8.44755959137344
122,4,100478.3611003487,10.457884540875654,4836.3,6.969701666020922
122,5,100604.53179190752,13.09953757225436,5196.1,6.829479768786127
122,6,100567.78037383177,15.735163551401893,4927.9,6.257126168224299
122,7,100635.56596701649,17.22458770614695,5172.3,6.5232383808095955
122,8,100607.75672603259,16.944789693065577,5951.9,6.363319439181508
122,9,100616.62435541452,15.262554541848496,6013.4,6.494922649742166
122,10,100417.56619937695,12.818574766355162,10540.5,7.029049844236759
122,11,100322.77826086957,10.196782608695674,11904.2,7.815173913043479
122,12,100666.99384141648,8.813471901462686,12143.7,8.566204772902232
123,1,101726.61046511628,9.428953488372116,2570.0,4.603372093023256
123,2,102008.28185328185,10.404633204633228,2154.5,4.476833976833976
123,3,101587.343387471,11.697737819025544,2325.9,4.693213457076566
123,4,101352.09302325582,13.748896839594536,2513.7,4.802802623732856
123,5,101376.82827102803,17.763726635514043,2607.5,4.71232476635514
123,6,101415.90512540894,22.660305343511475,1555.0,4.765866957470011
123,7,101328.66357069144,25.280288957688363,476.5,5.041795665634675
123,8,101292.40020736132,25.0244686365993,1366.8,4.9953862104717475
123,9,101511.9414893617,21.94643617021279,2503.7,4.896914893617022
123,10,101611.66219839142,18.262198391420934,4285.5,4.6129222520107245
123,11,101393.62804878049,13.855670731707338,6410.4,4.681158536585366
123,12,101648.13713592233,10.751456310679634,4339.8,4.582281553398058
124,1,101726.61046511628,9.428953488372116,2570.0,4.603372093023256
124,2,102008.28185328185,10.404633204633228,2154.5,4.476833976833976
124,3,101587.343387471,11.697737819025544,2325.9,4.693213457076566
124,4,101352.09302325582,13.748896839594536,2513.7,4.802802623732856
124,5,101376.82827102803,17.763726635514043,2607.5,4.71232476635514
124,6,101415.90512540894,22.660305343511475,1555.0,4.765866957470011
124,7,101328.66357069144,25.280288957688363,476.5,5.041795665634675
124,8,101292.40020736132,25.0244686365993,1366.8,4.9953862104717475
124,9,101511.9414893617,21.94643617021279,2503.7,4.896914893617022
124,10,101611.66219839142,18.262198391420934,4285.5,4.6129222520107245
124,11,101393.62804878049,13.855670731707338,6410.4,4.681158536585366
124,12,101648.13713592233,10.751456310679634,4339.8,4.582281553398058
125,1,101726.61046511628,9.428953488372116,2570.0,4.603372093023256
125,2,102008.28185328185,10.404633204633228,2154.5,4.476833976833976
125,3,101587.343387471,11.697737819025544,2325.9,4.693213457076566
125,4,101352.09302325582,13.748896839594536,2513.7,4.802802623732856
125,5,101376.82827102803,17.763726635514043,2607.5,4.71232476635514
125,6,101415.90512540894,22.660305343511475,1555.0,4.765866957470011
125,7,101328.66357069144,25.280288957688363,476.5,5.041795665634675
125,8,101292.40020736132,25.0244686365993,1366.8,4.9953862104717475
125,9,101511.9414893617,21.94643617021279,2503.7,4.896914893617022
125,10,101611.66219839142,18.262198391420934,4285.5,4.6129222520107245
125,11,101393.62804878049,13.855670731707338,6410.4,4.681158536585366
125,12,101648.13713592233,10.751456310679634,4339.8,4.582281553398058
126,1,101652.82608695653,9.447685834502126,1515.0,5.024684431977559
126,2,101879.96463306808,10.66587091069852,1401.5,4.860389036251106
126,3,101568.23444283647,11.667004341534032,2429.3,5.10397973950796
126,4,101316.08786610879,13.795746164574638,2639.5,4.813737796373779
126,5,101319.63549920761,17.84477020602221,2293.9,4.494770206022187
126,6,101334.79099678456,23.001688102893915,1366.1,4.380466237942122
126,7,101251.16518163125,26.009115832762188,417.4,4.458122001370802
126,8,101195.60697518443,25.89262240107313,517.7,4.539101274312542
126,9,101433.25191905095,21.948778785764155,1047.9,4.622679692951849
126,10,101583.32887700535,18.048061497326227,3286.9,4.540106951871658
126,11,101192.39456754825,14.004789135096521,7207.7,5.060829163688349
126,12,101564.07914764079,10.490106544901087,2227.8,4.866818873668189
127,1,101652.82608695653,9.447685834502126,1515.0,5.024684431977559
127,2,101879.96463306808,10.66587091069852,1401.5,4.860389036251106
127,3,101568.23444283647,11.667004341534032,2429.3,5.10397973950796
127,4,101316.08786610879,13.795746164574638,2639.5,4.813737796373779
127,5,101319.63549920761,17.84477020602221,2293.9,4.494770206022187
127,6,101334.79099678456,23.001688102893915,1366.1,4.380466237942122
127,7,101251.16518163125,26.009115832762188,417.4,4.458122001370802
127,8,101195.60697518443,25.89262240107313,517.7,4.539101274312542
127,9,101433.25191905095,21.948778785764155,1047.9,4.622679692951849
127,10,101583.32887700535,18.048061497326227,3286.9,4.540106951871658
127,11,101192.39456754825,14.004789135096521,7207.7,5.060829163688349
127,12,101564.07914764079,10.490106544901087,2227.8,4.866818873668189
128,1,101652.82608695653,9.447685834502126,1515.0,5.024684431977559
128,2,101879.96463306808,10.66587091069852,1401.5,4.860389036251106
128,3,101568.23444283647,11.667004341534032,2429.3,5.10397973950796
128,4,101316.08786610879,13.795746164574638,2639.5,4.813737796373779
128,5,101319.63549920761,17.84477020602221,2293.9,4.494770206022187
128,6,101334.79099678456,23.001688102893915,1366.1,4.380466237942122
128,7,101251.16518163125,26.009115832762188,417.4,4.458122001370802
128,8,101195.60697518443,25.89262240107313,517.7,4.539101274312542
128,9,101433.25191905095,21.948778785764155,1047.9,4.622679692951849
128,10,101583.32887700535,18.048061497326227,3286.9,4.540106951871658
128,11,101192.39456754825,14.004789135096521,7207.7,5.060829163688349
128,12,101564.07914764079,10.490106544901087,2227.8,4.866818873668189
129,1,101652.82608695653,9.447685834502126,1515.0,5.024684431977559
129,2,101879.96463306808,10.66587091069852,1401.5,4.860389036251106
129,3,101568.23444283647,11.667004341534032,2429.3,5.10397973950796
129,4,101316.08786610879,13.795746164574638,2639.5,4.813737796373779
129,5,101319.63549920761,17.84477020602221,2293.9,4.494770206022187
129,6,101334.79099678456,23.001688102893915,1366.1,4.380466237942122
129,7,101251.16518163125,26.009115832762188,417.4,4.458122001370802
129,8,101195.60697518443,25.89262240107313,517.7,4.539101274312542
129,9,101433.25191905095,21.948778785764155,1047.9,4.622679692951849
129,10,101583.32887700535,18.048061497326227,3286.9,4.540106951871658
129,11,101192.39456754825,14.004789135096521,7207.7,5.060829163688349
129,12,101564.07914764079,10.490106544901087,2227.8,4.866818873668189
130,1,101931.96256954983,7.924633282751667,3159.0,5.983308042488619
130,2,101885.2150854449,9.60029463759578,2150.9,6.070418385385976
130,3,101510.31466666667,11.513386666666689,3457.1,6.7627733333333335
130,4,101444.07836644592,14.194370860927174,2422.2,6.695916114790287
130,5,101448.43492586492,18.14892915980233,2783.7,6.492476661175178
130,6,101431.02634467618,22.86344676180024,1317.3,5.9696487376509335
130,7,101446.87150837989,25.436363636363662,1201.0,6.066785170137125
130,8,101464.50777202072,24.947616580310903,1402.4,5.550259067357513
130,9,101606.400990099,20.63103960396042,2793.1,5.667574257425742
130,10,101689.81633639439,16.78661188980186,4846.1,5.954567423876269
130,11,101661.2380473075,11.844539506794185,4075.4,5.860241570206341
130,12,102034.27799607073,8.806090373280965,1715.3,5.334430255402751
131,1,101931.96256954983,7.924633282751667,3159.0,5.983308042488619
131,2,101885.2150854449,9.60029463759578,2150.9,6.070418385385976
131,3,101510.31466666667,11.513386666666689,3457.1,6.7627733333333335
131,4,101444.07836644592,14.194370860927174,2422.2,6.695916114790287
131,5,101448.43492586492,18.14892915980233,2783.7,6.492476661175178
131,6,101431.02634467618,22.86344676180024,1317.3,5.9696487376509335
131,7,101446.87150837989,25.436363636363662,1201.0,6.066785170137125
131,8,101464.50777202072,24.947616580310903,1402.4,5.550259067357513
131,9,101606.400990099,20.63103960396042,2793.1,5.667574257425742
131,10,101689.81633639439,16.78661188980186,4846.1,5.954567423876269
131,11,101661.2380473075,11.844539506794185,4075.4,5.860241570206341
131,12,102034.27799607073,8.806090373280965,1715.3,5.334430255402751
132,1,101180.22023142964,5.937775289287069,4233.1,7.17010078387458
132,2,101107.01754385965,7.564218686250531,3508.9,6.614443084455324
132,3,100744.33510638298,10.215311550152,5783.9,6.202507598784194
132,4,100691.22291021672,13.412577399380828,5494.8,6.520588235294118
132,5,100678.68131868132,17.2716180371353,6135.7,6.393027661993179
132,6,100674.04642166344,22.49562862669248,5772.7,5.995744680851064
132,7,100674.91281273692,24.905686125852945,2854.7,6.721266110689917
132,8,100685.987933635,24.385822021116162,2622.1,6.359954751131221
132,9,100849.2061008995,19.585569026202606,7567.0,5.457723895189675
132,10,100924.2522106882,15.043752402921976,9438.4,5.842637447135718
132,11,100863.23240938166,9.58895522388062,8356.5,5.872878464818763
132,12,101246.14579439252,6.683663551401892,5212.3,6.080448598130841
133,1,101931.96256954983,7.924633282751667,3159.0,5.983308042488619
133,2,101885.2150854449,9.60029463759578,2150.9,6.070418385385976
133,3,101510.31466666667,11.513386666666689,3457.1,6.7627733333333335
133,4,101444.07836644592,14.194370860927174,2422.2,6.695916114790287
133,5,101448.43492586492,18.14892915980233,2783.7,6.492476661175178
133,6,101431.02634467618,22.86344676180024,1317.3,5.9696487376509335
133,7,101446.87150837989,25.436363636363662,1201.0,6.066785170137125
133,8,101464.50777202072,24.947616580310903,1402.4,5.550259067357513
133,9,101606.400990099,20.63103960396042,2793.1,5.667574257425742
133,10,101689.81633639439,16.78661188980186,4846.1,5.954567423876269
133,11,101661.2380473075,11.844539506794185,4075.4,5.860241570206341
133,12,102034.27799607073,8.806090373280965,1715.3,5.334430255402751
134,1,97858.356982823,5.51120238984319,8833.0,4.677296489917849
134,2,97736.06644790812,7.231542247744075,7790.0,4.690032813781788
134,3,97411.7292377702,9.235987864998126,6928.8,5.0412210845657945
134,4,97329.50038729666,11.853756777691736,7720.0,4.7058869093725795
134,5,97490.41197046249,15.157209483093688,6313.5,4.9
134,6,97494.36470588236,19.099490196078456,7326.3,4.440549019607843
134,7,97603.82308276386,20.748443432042546,4859.0,4.3690205011389525
134,8,97568.06719516798,20.956587391468503,4683.9,4.19278973197433
134,9,97601.65289256198,17.790791027154686,6268.0,4.210901219992129
134,10,97512.72409778813,14.450834303453652,5439.4,3.922778424524641
134,11,97507.10251954822,9.311337966985255,8136.7,4.3640747176368375
134,12,97856.71987837325,7.118966172557985,8680.1,4.501064234131508
135,1,100381.62013370036,6.347149036571002,4097.9,5.578057412504916
135,2,100257.49133448873,8.312391681109208,3451.3,6.279679376083189
135,3,99931.25513634666,10.48658946581997,3879.3,7.16361598804632
135,4,99836.33038120909,13.258259530227209,4462.9,6.839853677319984
135,5,99928.42965779468,16.709581749049452,5801.6,6.6281749049429655
135,6,99912.20272904483,21.486510721247587,5115.2,5.908265107212476
135,7,99990.36800600826,23.67442733758921,3197.7,6.065490048817123
135,8,99955.11111111111,23.665386064030155,3091.7,5.817137476459511
135,9,100045.55685814771,19.65756154747951,3014.7,5.613638139898398
135,10,99997.67450829156,15.750482067103762,3474.4,5.672078673351331
135,11,100003.71355060034,10.394554030874808,4022.8,5.595025728987993
135,12,100427.77903043969,7.776963547538543,4133.2,5.278053363397219
136,1,97858.356982823,5.51120238984319,8833.0,4.677296489917849
136,2,97736.06644790812,7.231542247744075,7790.0,4.690032813781788
136,3,97411.7292377702,9.235987864998126,6928.8,5.0412210845657945
136,4,97329.50038729666,11.853756777691736,7720.0,4.7058869093725795
136,5,97490.41197046249,15.157209483093688,6313.5,4.9
136,6,97494.36470588236,19.099490196078456,7326.3,4.440549019607843
136,7,97603.82308276386,20.748443432042546,4859.0,4.3690205011389525
136,8,97568.06719516798,20.956587391468503,4683.9,4.19278973197433
136,9,97601.65289256198,17.790791027154686,6268.0,4.210901219992129
136,10,97512.72409778813,14.450834303453652,5439.4,3.922778424524641
136,11,97507.10251954822,9.311337966985255,8136.7,4.3640747176368375
136,12,97856.71987837325,7.118966172557985,8680.1,4.501064234131508
137,1,100381.62013370036,6.347149036571002,4097.9,5.578057412504916
137,2,100257.49133448873,8.312391681109208,3451.3,6.279679376083189
137,3,99931.25513634666,10.48658946581997,3879.3,7.16361598804632
137,4,99836.33038120909,13.258259530227209,4462.9,6.839853677319984
137,5,99928.42965779468,16.709581749049452,5801.6,6.6281749049429655
137,6,99912.20272904483,21.486510721247587,5115.2,5.908265107212476
137,7,99990.36800600826,23.67442733758921,3197.7,6.065490048817123
137,8,99955.11111111111,23.665386064030155,3091.7,5.817137476459511
137,9,100045.55685814771,19.65756154747951,3014.7,5.613638139898398
137,10,99997.67450829156,15.750482067103762,3474.4,5.672078673351331
137,11,100003.71355060034,10.394554030874808,4022.8,5.595025728987993
137,12,100427.77903043969,7.776963547538543,4133.2,5.278053363397219
138,1,101603.72737347617,6.894532693018124,8303.7,5.197192463982268
138,2,101478.36206896552,8.540065681445014,6714.1,5.341625615763547
138,3,101124.8782315474,10.600187336080952,6348.9,5.883589359310603
138,4,101063.37567359507,13.37290223248655,5204.2,5.459853733641263
138,5,101164.7428139183,16.66959152798792,6205.9,5.389447806354009
138,6,101130.39645881447,20.555042340261764,7245.9,4.887336412625096
138,7,101236.8743006341,22.269973890339447,2274.9,4.955538977993286
138,8,101186.79363905326,22.24086538461541,3445.0,4.650110946745562
138,9,101244.74732006126,18.931470137825443,5446.4,4.575803981623277
138,10,101164.46669233732,15.217058144012347,6513.9,4.605852907200616
138,11,101201.07448630137,10.466738013698652,7704.4,4.68326198630137
138,12,101579.05082212258,8.214648729446958,8781.4,4.892825112107624
139,1,101603.72737347617,6.894532693018124,8303.7,5.197192463982268
139,2,101478.36206896552,8.540065681445014,6714.1,5.341625615763547
139,3,101124.8782315474,10.600187336080952,6348.9,5.883589359310603
139,4,101063.37567359507,13.37290223248655,5204.2,5.459853733641263
139,5,101164.7428139183,16.66959152798792,6205.9,5.389447806354009
139,6,101130.39645881447,20.555042340261764,7245.9,4.887336412625096
139,7,101236.8743006341,22.269973890339447,2274.9,4.955538977993286
139,8,101186.79363905326,22.24086538461541,3445.0,4.650110946745562
139,9,101244.74732006126,18.931470137825443,5446.4,4.575803981623277
139,10,101164.46669233732,15.217058144012347,6513.9,4.605852907200616
139,11,101201.07448630137,10.466738013698652,7704.4,4.68326198630137
139,12,101579.05082212258,8.214648729446958,8781.4,4.892825112107624
140,1,101603.72737347617,6.894532693018124,8303.7,5.197192463982268
140,2,101478.36206896552,8.540065681445014,6714.1,5.341625615763547
140,3,101124.8782315474,10.600187336080952,6348.9,5.883589359310603
140,4,101063.37567359507,13.37290223248655,5204.2,5.459853733641263
140,5,101164.7428139183,16.66959152798792,6205.9,5.389447806354009
140,6,101130.39645881447,20.555042340261764,7245.9,4.887336412625096
140,7,101236.8743006341,22.269973890339447,2274.9,4.955538977993286
140,8,101186.79363905326,22.24086538461541,3445.0,4.650110946745562
140,9,101244.74732006126,18.931470137825443,5446.4,4.575803981623277
140,10,101164.46669233732,15.217058144012347,6513.9,4.605852907200616
140,11,101201.07448630137,10.466738013698652,7704.4,4.68326198630137
140,12,101579.05082212258,8.214648729446958,8781.4,4.892825112107624
141,1,101603.72737347617,6.894532693018124,8303.7,5.197192463982268
141,2,101478.36206896552,8.540065681445014,6714.1,5.341625615763547
141,3,101124.8782315474,10.600187336080952,6348.9,5.883589359310603
141,4,101063.37567359507,13.37290223248655,5204.2,5.459853733641263
141,5,101164.7428139183,16.66959152798792,6205.9,5.389447806354009
141,6,101130.39645881447,20.555042340261764,7245.9,4.887336412625096
141,7,101236.8743006341,22.269973890339447,2274.9,4.955538977993286
141,8,101186.79363905326,22.24086538461541,3445.0,4.650110946745562
141,9,101244.74732006126,18.931470137825443,5446.4,4.575803981623277
141,10,101164.46669233732,15.217058144012347,6513.9,4.605852907200616
141,11,101201.07448630137,10.466738013698652,7704.4,4.68326198630137
141,12,101579.05082212258,8.214648729446958,8781.4,4.892825112107624
142,1,93622.77653213752,3.1385650224215476,3518.7,6.968385650224215
142,2,93579.63085856491,5.0826627955205534,3253.7,7.5153048527581925
142,3,93303.12971342383,6.942722473604849,3974.3,8.292533936651584
142,4,93279.82848025528,9.94587155963305,4305.6,8.121300358994814
142,5,93404.65013994402,13.435785685725733,5799.5,7.585245901639345
142,6,93502.64294790343,18.502033036848815,4283.3,6.752308343922067
142,7,93605.56296914096,21.061134278565493,2392.8,7.111718098415347
142,8,93581.14979757085,20.728178137651845,3031.6,6.763805668016194
142,9,93631.96666666666,16.03079166666669,3024.4,6.376583333333333
142,10,93537.04417670683,12.429156626506046,5033.0,6.664136546184739
142,11,93409.81849611063,7.477268798617136,4448.9,6.911538461538461
142,12,93699.25423728813,5.074839924670456,4622.7,6.5565348399246695
143,1,101931.96256954983,7.924633282751667,3159.0,5.983308042488619
143,2,101885.2150854449,9.60029463759578,2150.9,6.070418385385976
143,3,101510.31466666667,11.513386666666689,3457.1,6.7627733333333335
143,4,101444.07836644592,14.194370860927174,2422.2,6.695916114790287
143,5,101448.43492586492,18.14892915980233,2783.7,6.492476661175178
143,6,101431.02634467618,22.86344676180024,1317.3,5.9696487376509335
143,7,101446.87150837989,25.436363636363662,1201.0,6.066785170137125
143,8,101464.50777202072,24.947616580310903,1402.4,5.550259067357513
143,9,101606.400990099,20.63103960396042,2793.1,5.667574257425742
143,10,101689.81633639439,16.78661188980186,4846.1,5.954567423876269
143,11,101661.2380473075,11.844539506794185,4075.4,5.860241570206341
143,12,102034.27799607073,8.806090373280965,1715.3,5.334430255402751
144,1,101931.96256954983,7.924633282751667,3159.0,5.983308042488619
144,2,101885.2150854449,9.60029463759578,2150.9,6.070418385385976
144,3,101510.31466666667,11.513386666666689,3457.1,6.7627733333333335
144,4,101444.07836644592,14.194370860927174,2422.2,6.695916114790287
144,5,101448.43492586492,18.14892915980233,2783.7,6.492476661175178
144,6,101431.02634467618,22.86344676180024,1317.3,5.9696487376509335
144,7,101446.87150837989,25.436363636363662,1201.0,6.066785170137125
144,8,101464.50777202072,24.947616580310903,1402.4,5.550259067357513
144,9,101606.400990099,20.63103960396042,2793.1,5.667574257425742
144,10,101689.81633639439,16.78661188980186,4846.1,5.954567423876269
144,11,101661.2380473075,11.844539506794185,4075.4,5.860241570206341
144,12,102034.27799607073,8.806090373280965,1715.3,5.334430255402751
145,1,101506.34006862371,6.059207014868494,5977.8,5.896873808616088
145,2,101451.75210084034,6.987268907563048,4593.1,6.354957983193277
145,3,101152.21597300337,8.846831646044267,4279.3,6.482639670041245
145,4,101215.415484394,11.228901499797347,3450.1,5.58382650993109
145,5,101283.65892083498,14.555415517920462,4259.2,5.840685309176841
145,6,101263.91391794047,18.024054706355617,5594.5,5.2944489139179405
145,7,101321.648434553,19.528404375707304,2998.3,5.643153526970955
145,8,101292.60424564064,19.142570128885545,3316.0,5.162661106899166
145,9,101322.4663499604,16.513460015835335,4140.6,5.159422011084719
145,10,101211.6513761468,13.2284403669725,6239.9,5.226007179896291
145,11,101124.4923076923,9.29503296703299,5072.1,5.639252747252747
145,12,101457.64773599386,7.417689946277843,5330.6,5.966692248656946
146,1,101506.34006862371,6.059207014868494,5977.8,5.896873808616088
146,2,101451.75210084034,6.987268907563048,4593.1,6.354957983193277
146,3,101152.21597300337,8.846831646044267,4279.3,6.482639670041245
146,4,101215.415484394,11.228901499797347,3450.1,5.58382650993109
146,5,101283.65892083498,14.555415517920462,4259.2,5.840685309176841
146,6,101263.91391794047,18.024054706355617,5594.5,5.2944489139179405
146,7,101321.648434553,19.528404375707304,2998.3,5.643153526970955
146,8,101292.60424564064,19.142570128885545,3316.0,5.162661106899166
146,9,101322.4663499604,16.513460015835335,4140.6,5.159422011084719
146,10,101211.6513761468,13.2284403669725,6239.9,5.226007179896291
146,11,101124.4923076923,9.29503296703299,5072.1,5.639252747252747
146,12,101457.64773599386,7.417689946277843,5330.6,5.966692248656946
147,1,101506.34006862371,6.059207014868494,5977.8,5.896873808616088
147,2,101451.75210084034,6.987268907563048,4593.1,6.354957983193277
147,3,101152.21597300337,8.846831646044267,4279.3,6.482639670041245
147,4,101215.415484394,11.228901499797347,3450.1,5.58382650993109
147,5,101283.65892083498,14.555415517920462,4259.2,5.840685309176841
147,6,101263.91391794047,18.024054706355617,5594.5,5.2944489139179405
147,7,101321.648434553,19.528404375707304,2998.3,5.643153526970955
147,8,101292.60424564064,19.142570128885545,3316.0,5.162661106899166
147,9,101322.4663499604,16.513460015835335,4140.6,5.159422011084719
147,10,101211.6513761468,13.2284403669725,6239.9,5.226007179896291
147,11,101124.4923076923,9.29503296703299,5072.1,5.639252747252747
147,12,101457.64773599386,7.417689946277843,5330.6,5.966692248656946
148,1,101506.34006862371,6.059207014868494,5977.8,5.896873808616088
148,2,101451.75210084034,6.987268907563048,4593.1,6.354957983193277
148,3,101152.21597300337,8.846831646044267,4279.3,6.482639670041245
148,4,101215.415484394,11.228901499797347,3450.1,5.58382650993109
148,5,101283.65892083498,14.555415517920462,4259.2,5.840685309176841
148,6,101263.91391794047,18.024054706355617,5594.5,5.2944489139179405
148,7,101321.648434553,19.528404375707304,2998.3,5.643153526970955
148,8,101292.60424564064,19.142570128885545,3316.0,5.162661106899166
148,9,101322.4663499604,16.513460015835335,4140.6,5.159422011084719
148,10,101211.6513761468,13.2284403669725,6239.9,5.226007179896291
148,11,101124.4923076923,9.29503296703299,5072.1,5.639252747252747
148,12,101457.64773599386,7.417689946277843,5330.6,5.966692248656946
149,1,101506.34006862371,6.059207014868494,5977.8,5.896873808616088
149,2,101451.75210084034,6.987268907563048,4593.1,6.354957983193277
149,3,101152.21597300337,8.846831646044267,4279.3,6.482639670041245
149,4,101215.415484394,11.228901499797347,3450.1,5.58382650993109
149,5,101283.65892083498,14.555415517920462,4259.2,5.840685309176841
149,6,101263.91391794047,18.024054706355617,5594.5,5.2944489139179405
149,7,101321.648434553,19.528404375707304,2998.3,5.643153526970955
149,8,101292.60424564064,19.142570128885545,3316.0,5.162661106899166
149,9,101322.4663499604,16.513460015835335,4140.6,5.159422011084719
149,10,101211.6513761468,13.2284403669725,6239.9,5.226007179896291
149,11,101124.4923076923,9.29503296703299,5072.1,5.639252747252747
149,12,101457.64773599386,7.417689946277843,5330.6,5.966692248656946
150,1,100045.4382693025,4.574076837001141,5833.1,5.4554643789630735
150,2,99975.01228501229,6.186076986077009,4270.1,5.652743652743653
150,3,99655.24981357197,8.625801640566763,5295.4,5.6580536912751676
150,4,99656.81818181818,11.666063174114043,4015.9,5.083166409861325
150,5,99713.08330192235,15.266415378816458,6084.4,5.1211835657745945
150,6,99699.111725227,19.932254243979493,6921.5,4.7982629293328065
150,7,99777.99248120301,21.59586466165416,3278.7,4.96218045112782
150,8,99753.56052141527,21.405735567970225,2831.1,4.505214152700186
150,9,99826.92160611854,17.335869980879565,5232.0,4.519923518164436
150,10,99798.01614763553,13.074048442906596,5713.8,4.774394463667821
150,11,99708.91479440441,8.246926663840634,4814.1,5.117465027554048
150,12,100033.28647416414,5.7307370820668915,5217.7,5.341565349544073
151,1,100663.04396843292,5.265238632093221,5303.5,6.201315295001879
151,2,100579.1670052824,6.551320601381575,4326.7,6.368508736286063
151,3,100277.54793510324,8.78982300884958,5017.6,6.380604719764012
151,4,100294.39635535308,11.548899012908148,3000.8,5.668564920273348
151,5,100356.53450247808,14.965993137628693,5003.9,5.773770491803279
151,6,100328.23411905713,19.29948062325212,5691.2,5.387415101877747
151,7,100409.69843633656,21.186150409530924,2572.1,5.602159344750558
151,8,100382.91867805421,20.852172298551825,2847.9,5.109840326773115
151,9,100436.86010760954,17.281783243658747,4255.2,5.17544196771714
151,10,100366.17509727627,13.357548638132318,5062.7,5.470894941634241
151,11,100295.82267689685,8.747314578005138,4930.1,5.7215686274509805
151,12,100611.3672922252,6.552853312906954,4860.7,6.113443125239372
152,1,100663.04396843292,5.265238632093221,5303.5,6.201315295001879
152,2,100579.1670052824,6.551320601381575,4326.7,6.368508736286063
152,3,100277.54793510324,8.78982300884958,5017.6,6.380604719764012
152,4,100294.39635535308,11.548899012908148,3000.8,5.668564920273348
152,5,100356.53450247808,14.965993137628693,5003.9,5.773770491803279
152,6,100328.23411905713,19.29948062325212,5691.2,5.387415101877747
152,7,100409.69843633656,21.186150409530924,2572.1,5.602159344750558
152,8,100382.91867805421,20.852172298551825,2847.9,5.109840326773115
152,9,100436.86010760954,17.281783243658747,4255.2,5.17544196771714
152,10,100366.17509727627,13.357548638132318,5062.7,5.470894941634241
152,11,100295.82267689685,8.747314578005138,4930.1,5.7215686274509805
152,12,100611.3672922252,6.552853312906954,4860.7,6.113443125239372
153,1,100663.04396843292,5.265238632093221,5303.5,6.201315295001879
153,2,100579.1670052824,6.551320601381575,4326.7,6.368508736286063
153,3,100277.54793510324,8.78982300884958,5017.6,6.380604719764012
153,4,100294.39635535308,11.548899012908148,3000.8,5.668564920273348
153,5,100356.53450247808,14.965993137628693,5003.9,5.773770491803279
153,6,100328.23411905713,19.29948062325212,5691.2,5.387415101877747
153,7,100409.69843633656,21.186150409530924,2572.1,5.602159344750558
153,8,100382.91867805421,20.852172298551825,2847.9,5.109840326773115
153,9,100436.86010760954,17.281783243658747,4255.2,5.17544196771714
153,10,100366.17509727627,13.357548638132318,5062.7,5.470894941634241
153,11,100295.82267689685,8.747314578005138,4930.1,5.7215686274509805
153,12,100611.3672922252,6.552853312906954,4860.7,6.113443125239372
154,1,99207.86214522668,4.299631404349452,5032.3,5.668669369701438
154,2,99139.03238866397,6.553279352226743,3322.9,5.803562753036437
154,3,98799.78912319645,9.21361450240476,5247.5,5.785312615612283
154,4,98763.87950882579,12.500038372985442,5480.0,5.91615502686109
154,5,98781.10812883436,16.20563650306751,7260.7,5.651878834355828
154,6,98806.03780864198,21.33109567901237,7052.7,5.412345679012345
154,7,98857.34549516009,23.280789277736435,3881.1,5.428704393149665
154,8,98856.96235557212,22.900484532240053,5307.1,5.230860976518822
154,9,98963.25181505541,18.41146350783342,6204.0,4.942911730989683
154,10,98993.84382107657,13.806444275966664,8537.5,5.326042456406369
154,11,98921.86947368422,8.243284210526339,5186.5,5.020378947368421
154,12,99266.41243983709,5.347982228804169,5744.0,5.2262125138837465
155,1,91653.99902104748,1.9264317180616972,3681.1,4.984924131179638
155,2,91542.73058884835,4.265711307972926,3499.7,5.203804064616988
155,3,91311.61042944786,7.0618098159509435,3676.5,5.941513292433538
155,4,91463.75525210085,10.995010504201703,3178.6,5.946901260504202
155,5,91477.40462117142,13.960182697474501,5025.9,5.228210639441161
155,6,91687.55157437568,18.735613463626517,4188.6,5.123452768729641
155,7,91725.95560368165,21.586464537087192,2340.1,5.357227937195452
155,8,91794.95638789123,20.968650590046202,2995.7,5.120061570035916
155,9,91787.76197998947,15.914218009478697,3622.1,4.686940494997367
155,10,91750.78627968338,11.51039577836414,5498.3,4.72401055408971
155,11,91681.01557632399,6.313271028037406,4052.1,4.800436137071651
155,12,91935.58687852383,2.6131727319323654,3740.3,4.285340850845721
156,1,99207.86214522668,4.299631404349452,5032.3,5.668669369701438
156,2,99139.03238866397,6.553279352226743,3322.9,5.803562753036437
156,3,98799.78912319645,9.21361450240476,5247.5,5.785312615612283
156,4,98763.87950882579,12.500038372985442,5480.0,5.91615502686109
156,5,98781.10812883436,16.20563650306751,7260.7,5.651878834355828
156,6,98806.03780864198,21.33109567901237,7052.7,5.412345679012345
156,7,98857.34549516009,23.280789277736435,3881.1,5.428704393149665
156,8,98856.96235557212,22.900484532240053,5307.1,5.230860976518822
156,9,98963.25181505541,18.41146350783342,6204.0,4.942911730989683
156,10,98993.84382107657,13.806444275966664,8537.5,5.326042456406369
156,11,98921.86947368422,8.243284210526339,5186.5,5.020378947368421
156,12,99266.41243983709,5.347982228804169,5744.0,5.2262125138837465
157,1,101543.01136363637,6.182386363636385,6497.8,3.5791083916083917
157,2,101417.63445978105,7.909090909090931,4754.6,3.7757258448357924
157,3,101042.85171102661,10.34816223067176,5200.5,4.405703422053231
157,4,100938.24341821321,13.091842900302138,5918.6,4.315321536469573
157,5,101054.65321563682,16.312274064733103,6784.6,4.325725094577553
157,6,101005.90987124463,20.387811158798307,6739.2,4.019227467811159
157,7,101083.62046908315,22.17347547974416,3093.6,4.101151385927506
157,8,101035.0365277181,22.113794585302987,2997.9,3.868328319724968
157,9,101118.5598559856,18.640909090909112,6155.8,3.5757875787578755
157,10,101065.69068379991,15.057962368058764,6559.9,3.3295089490592016
157,11,101060.46632124353,9.652279792746137,7099.2,3.308860103626943
157,12,101410.61383417316,7.755794777828698,7064.4,3.506871278057719
158,1,101543.01136363637,6.182386363636385,6497.8,3.5791083916083917
158,2,101417.63445978105,7.909090909090931,4754.6,3.7757258448357924
158,3,101042.85171102661,10.34816223067176,5200.5,4.405703422053231
158,4,100938.24341821321,13.091842900302138,5918.6,4.315321536469573
158,5,101054.65321563682,16.312274064733103,6784.6,4.325725094577553
158,6,101005.90987124463,20.387811158798307,6739.2,4.019227467811159
158,7,101083.62046908315,22.17347547974416,3093.6,4.101151385927506
158,8,101035.0365277181,22.113794585302987,2997.9,3.868328319724968
158,9,101118.5598559856,18.640909090909112,6155.8,3.5757875787578755
158,10,101065.69068379991,15.057962368058764,6559.9,3.3295089490592016
158,11,101060.46632124353,9.652279792746137,7099.2,3.308860103626943
158,12,101410.61383417316,7.755794777828698,7064.4,3.506871278057719
159,1,101543.01136363637,6.182386363636385,6497.8,3.5791083916083917
159,2,101417.63445978105,7.909090909090931,4754.6,3.7757258448357924
159,3,101042.85171102661,10.34816223067176,5200.5,4.405703422053231
159,4,100938.24341821321,13.091842900302138,5918.6,4.315321536469573
159,5,101054.65321563682,16.312274064733103,6784.6,4.325725094577553
159,6,101005.90987124463,20.387811158798307,6739.2,4.019227467811159
159,7,101083.62046908315,22.17347547974416,3093.6,4.101151385927506
159,8,101035.0365277181,22.113794585302987,2997.9,3.868328319724968
159,9,101118.5598559856,18.640909090909112,6155.8,3.5757875787578755
159,10,101065.69068379991,15.057962368058764,6559.9,3.3295089490592016
159,11,101060.46632124353,9.652279792746137,7099.2,3.308860103626943
159,12,101410.61383417316,7.755794777828698,7064.4,3.506871278057719
160,1,101543.01136363637,6.182386363636385,6497.8,3.5791083916083917
160,2,101417.63445978105,7.909090909090931,4754.6,3.7757258448357924
160,3,101042.85171102661,10.34816223067176,5200.5,4.405703422053231
160,4,100938.24341821321,13.091842900302138,5918.6,4.315321536469573
160,5,101054.65321563682,16.312274064733103,6784.6,4.325725094577553
160,6,101005.90987124463,20.387811158798307,6739.2,4.019227467811159
160,7,101083.62046908315,22.17347547974416,3093.6,4.101151385927506
160,8,101035.0365277181,22.113794585302987,2997.9,3.868328319724968
160,9,101118.5598559856,18.640909090909112,6155.8,3.5757875787578755
160,10,101065.69068379991,15.057962368058764,6559.9,3.3295089490592016
160,11,101060.46632124353,9.652279792746137,7099.2,3.308860103626943
160,12,101410.61383417316,7.755794777828698,7064.4,3.506871278057719
161,1,101543.01136363637,6.182386363636385,6497.8,3.5791083916083917
161,2,101417.63445978105,7.909090909090931,4754.6,3.7757258448357924
161,3,101042.85171102661,10.34816223067176,5200.5,4.405703422053231
161,4,100938.24341821321,13.091842900302138,5918.6,4.315321536469573
161,5,101054.65321563682,16.312274064733103,6784.6,4.325725094577553
161,6,101005.90987124463,20.387811158798307,6739.2,4.019227467811159
161,7,101083.62046908315,22.17347547974416,3093.6,4.101151385927506
161,8,101035.0365277181,22.113794585302987,2997.9,3.868328319724968
161,9,101118.5598559856,18.640909090909112,6155.8,3.5757875787578755
161,10,101065.69068379991,15.057962368058764,6559.9,3.3295089490592016
161,11,101060.46632124353,9.652279792746137,7099.2,3.308860103626943
161,12,101410.61383417316,7.755794777828698,7064.4,3.506871278057719
162,1,100663.04396843292,5.265238632093221,5303.5,6.201315295001879
162,2,100579.1670052824,6.551320601381575,4326.7,6.368508736286063
162,3,100277.54793510324,8.78982300884958,5017.6,6.380604719764012
162,4,100294.39635535308,11.548899012908148,3000.8,5.668564920273348
162,5,100356.53450247808,14.965993137628693,5003.9,5.773770491803279
162,6,100328.23411905713,19.29948062325212,5691.2,5.387415101877747
162,7,100409.69843633656,21.186150409530924,2572.1,5.602159344750558
162,8,100382.91867805421,20.852172298551825,2847.9,5.109840326773115
162,9,100436.86010760954,17.281783243658747,4255.2,5.17544196771714
162,10,100366.17509727627,13.357548638132318,5062.7,5.470894941634241
162,11,100295.82267689685,8.747314578005138,4930.1,5.7215686274509805
162,12,100611.3672922252,6.552853312906954,4860.7,6.113443125239372
163,1,100663.04396843292,5.265238632093221,5303.5,6.201315295001879
163,2,100579.1670052824,6.551320601381575,4326.7,6.368508736286063
163,3,100277.54793510324,8.78982300884958,5017.6,6.380604719764012
163,4,100294.39635535308,11.548899012908148,3000.8,5.668564920273348
163,5,100356.53450247808,14.965993137628693,5003.9,5.773770491803279
163,6,100328.23411905713,19.29948062325212,5691.2,5.387415101877747
163,7,100409.69843633656,21.186150409530924,2572.1,5.602159344750558
163,8,100382.91867805421,20.852172298551825,2847.9,5.109840326773115
163,9,100436.86010760954,17.281783243658747,4255.2,5.17544196771714
163,10,100366.17509727627,13.357548638132318,5062.7,5.470894941634241
163,11,100295.82267689685,8.747314578005138,4930.1,5.7215686274509805
163,12,100611.3672922252,6.552853312906954,4860.7,6.113443125239372
164,1,92262.8349944629,1.6459210040605619,3439.0,5.003617571059431
164,2,92227.83187682064,3.1732833957553286,2341.5,5.146317103620475
164,3,91966.8446969697,5.31416666666669,4020.9,5.725492424242424
164,4,91984.68217054264,8.158759689922505,4103.1,5.4657364341085275
164,5,92108.23712948518,11.960062402496122,6555.9,5.1180967238689545
164,6,92235.43486973947,16.9785971943888,7048.6,4.560320641282565
164,7,92330.19852082523,19.180342545737666,4250.2,4.59116387699494
164,8,92331.59907300115,18.560602549246838,4488.9,4.248281189648512
164,9,92332.1768172888,13.917053045186664,5913.0,4.138310412573674
164,10,92262.41089307169,10.384301161393696,4288.0,4.397316780136164
164,11,92069.28816466553,5.484691252144105,5103.5,4.710548885077187
164,12,92356.04391371341,2.816255778120208,3967.9,4.472804314329738
165,1,92262.8349944629,1.6459210040605619,3439.0,5.003617571059431
165,2,92227.83187682064,3.1732833957553286,2341.5,5.146317103620475
165,3,91966.8446969697,5.31416666666669,4020.9,5.725492424242424
165,4,91984.68217054264,8.158759689922505,4103.1,5.4657364341085275
165,5,92108.23712948518,11.960062402496122,6555.9,5.1180967238689545
165,6,92235.43486973947,16.9785971943888,7048.6,4.560320641282565
165,7,92330.19852082523,19.180342545737666,4250.2,4.59116387699494
165,8,92331.59907300115,18.560602549246838,4488.9,4.248281189648512
165,9,92332.1768172888,13.917053045186664,5913.0,4.138310412573674
165,10,92262.41089307169,10.384301161393696,4288.0,4.397316780136164
165,11,92069.28816466553,5.484691252144105,5103.5,4.710548885077187
165,12,92356.04391371341,2.816255778120208,3967.9,4.472804314329738
166,1,98148.96756509822,4.6032891731384415,1738.4,5.365280950205573
166,2,98043.33509793541,6.721916357861325,1021.1,5.607676019057703
166,3,97690.29985721085,8.774440742503593,1874.4,5.92574964302713
166,4,97704.26897844423,11.329147141518298,3146.5,5.457731958762886
166,5,97781.4,15.170476190476215,4598.4,5.004619047619048
166,6,97793.50571854798,19.765539532570887,6952.8,4.47672799602188
166,7,97905.45544066963,21.69305760709013,2462.5,4.273658296405711
166,8,97890.59301769489,21.69115255858443,3343.1,4.093974175035868
166,9,97957.59355755567,17.34599715774517,3940.0,4.226480341070583
166,10,97923.18633808906,13.383138780804172,2860.9,4.779853004755728
166,11,97843.53372434017,8.706109481915957,2440.5,4.964565004887586
166,12,98188.60120426123,5.732468735525729,2264.1,5.152339045854562
167,1,99207.86214522668,4.299631404349452,5032.3,5.668669369701438
167,2,99139.03238866397,6.553279352226743,3322.9,5.803562753036437
167,3,98799.78912319645,9.21361450240476,5247.5,5.785312615612283
167,4,98763.87950882579,12.500038372985442,5480.0,5.91615502686109
167,5,98781.10812883436,16.20563650306751,7260.7,5.651878834355828
167,6,98806.03780864198,21.33109567901237,7052.7,5.412345679012345
167,7,98857.34549516009,23.280789277736435,3881.1,5.428704393149665
167,8,98856.96235557212,22.900484532240053,5307.1,5.230860976518822
167,9,98963.25181505541,18.41146350783342,6204.0,4.942911730989683
167,10,98993.84382107657,13.806444275966664,8537.5,5.326042456406369
167,11,98921.86947368422,8.243284210526339,5186.5,5.020378947368421
167,12,99266.41243983709,5.347982228804169,5744.0,5.2262125138837465
168,1,98148.96756509822,4.6032891731384415,1738.4,5.365280950205573
168,2,98043.33509793541,6.721916357861325,1021.1,5.607676019057703
168,3,97690.29985721085,8.774440742503593,1874.4,5.92574964302713
168,4,97704.26897844423,11.329147141518298,3146.5,5.457731958762886
168,5,97781.4,15.170476190476215,4598.4,5.004619047619048
168,6,97793.50571854798,19.765539532570887,6952.8,4.47672799602188
168,7,97905.45544066963,21.69305760709013,2462.5,4.273658296405711
168,8,97890.59301769489,21.69115255858443,3343.1,4.093974175035868
168,9,97957.59355755567,17.34599715774517,3940.0,4.226480341070583
168,10,97923.18633808906,13.383138780804172,2860.9,4.779853004755728
168,11,97843.53372434017,8.706109481915957,2440.5,4.964565004887586
168,12,98188.60120426123,5.732468735525729,2264.1,5.152339045854562
169,1,101506.34006862371,6.059207014868494,5977.8,5.896873808616088
169,2,101451.75210084034,6.987268907563048,4593.1,6.354957983193277
169,3,101152.21597300337,8.846831646044267,4279.3,6.482639670041245
169,4,101215.415484394,11.228901499797347,3450.1,5.58382650993109
169,5,101283.65892083498,14.555415517920462,4259.2,5.840685309176841
169,6,101263.91391794047,18.024054706355617,5594.5,5.2944489139179405
169,7,101321.648434553,19.528404375707304,2998.3,5.643153526970955
169,8,101292.60424564064,19.142570128885545,3316.0,5.162661106899166
169,9,101322.4663499604,16.513460015835335,4140.6,5.159422011084719
169,10,101211.6513761468,13.2284403669725,6239.9,5.226007179896291
169,11,101124.4923076923,9.29503296703299,5072.1,5.639252747252747
169,12,101457.64773599386,7.417689946277843,5330.6,5.966692248656946
170,1,101695.90254706534,6.366666666666689,8306.3,6.184865263935031
170,2,101623.81242387333,7.436256597645172,6039.3,6.471538773853025
170,3,101305.65233506302,9.379799851742055,5574.1,6.6602297998517415
170,4,101311.56750572083,12.01994660564457,3836.9,5.836231884057971
170,5,101396.56155015198,15.288297872340449,5407.3,5.947340425531915
170,6,101357.3225308642,18.85613425925928,5631.0,5.382947530864198
170,7,101454.85163204747,20.22203264094958,3581.6,5.595252225519287
170,8,101412.59080800593,20.020422535211292,3600.6,5.166493699036323
170,9,101450.43461538461,17.194961538461563,4953.2,5.209076923076923
170,10,101351.5390534821,13.804771065794561,7433.8,5.355059638322431
170,11,101280.04672897197,9.60046728971965,7664.1,5.7984706881903145
170,12,101642.50746268657,7.635895522388083,7428.5,6.1761940298507465
171,1,101695.90254706534,6.366666666666689,8306.3,6.184865263935031
171,2,101623.81242387333,7.436256597645172,6039.3,6.471538773853025
171,3,101305.65233506302,9.379799851742055,5574.1,6.6602297998517415
171,4,101311.56750572083,12.01994660564457,3836.9,5.836231884057971
171,5,101396.56155015198,15.288297872340449,5407.3,5.947340425531915
171,6,101357.3225308642,18.85613425925928,5631.0,5.382947530864198
171,7,101454.85163204747,20.22203264094958,3581.6,5.595252225519287
171,8,101412.59080800593,20.020422535211292,3600.6,5.166493699036323
171,9,101450.43461538461,17.194961538461563,4953.2,5.209076923076923
171,10,101351.5390534821,13.804771065794561,7433.8,5.355059638322431
171,11,101280.04672897197,9.60046728971965,7664.1,5.7984706881903145
171,12,101642.50746268657,7.635895522388083,7428.5,6.1761940298507465
172,1,101695.90254706534,6.366666666666689,8306.3,6.184865263935031
172,2,101623.81242387333,7.436256597645172,6039.3,6.471538773853025
172,3,101305.65233506302,9.379799851742055,5574.1,6.6602297998517415
172,4,101311.56750572083,12.01994660564457,3836.9,5.836231884057971
172,5,101396.56155015198,15.288297872340449,5407.3,5.947340425531915
172,6,101357.3225308642,18.85613425925928,5631.0,5.382947530864198
172,7,101454.85163204747,20.22203264094958,3581.6,5.595252225519287
172,8,101412.59080800593,20.020422535211292,3600.6,5.166493699036323
172,9,101450.43461538461,17.194961538461563,4953.2,5.209076923076923
172,10,101351.5390534821,13.804771065794561,7433.8,5.355059638322431
172,11,101280.04672897197,9.60046728971965,7664.1,5.7984706881903145
172,12,101642.50746268657,7.635895522388083,7428.5,6.1761940298507465
173,1,101695.90254706534,6.366666666666689,8306.3,6.184865263935031
173,2,101623.81242387333,7.436256597645172,6039.3,6.471538773853025
173,3,101305.65233506302,9.379799851742055,5574.1,6.6602297998517415
173,4,101311.56750572083,12.01994660564457,3836.9,5.836231884057971
173,5,101396.56155015198,15.288297872340449,5407.3,5.947340425531915
173,6,101357.3225308642,18.85613425925928,5631.0,5.382947530864198
173,7,101454.85163204747,20.22203264094958,3581.6,5.595252225519287
173,8,101412.59080800593,20.020422535211292,3600.6,5.166493699036323
173,9,101450.43461538461,17.194961538461563,4953.2,5.209076923076923
173,10,101351.5390534821,13.804771065794561,7433.8,5.355059638322431
173,11,101280.04672897197,9.60046728971965,7664.1,5.7984706881903145
173,12,101642.50746268657,7.635895522388083,7428.5,6.1761940298507465
174,1,101695.90254706534,6.366666666666689,8306.3,6.184865263935031
174,2,101623.81242387333,7.436256597645172,6039.3,6.471538773853025
174,3,101305.65233506302,9.379799851742055,5574.1,6.6602297998517415
174,4,101311.56750572083,12.01994660564457,3836.9,5.836231884057971
174,5,101396.56155015198,15.288297872340449,5407.3,5.947340425531915
174,6,101357.3225308642,18.85613425925928,5631.0,5.382947530864198
174,7,101454.85163204747,20.22203264094958,3581.6,5.595252225519287
174,8,101412.59080800593,20.020422535211292,3600.6,5.166493699036323
174,9,101450.43461538461,17.194961538461563,4953.2,5.209076923076923
174,10,101351.5390534821,13.804771065794561,7433.8,5.355059638322431
174,11,101280.04672897197,9.60046728971965,7664.1,5.7984706881903145
174,12,101642.50746268657,7.635895522388083,7428.5,6.1761940298507465
175,1,101695.90254706534,6.366666666666689,8306.3,6.184865263935031
175,2,101623.81242387333,7.436256597645172,6039.3,6.471538773853025
175,3,101305.65233506302,9.379799851742055,5574.1,6.6602297998517415
175,4,101311.56750572083,12.01994660564457,3836.9,5.836231884057971
175,5,101396.56155015198,15.288297872340449,5407.3,5.947340425531915
175,6,101357.3225308642,18.85613425925928,5631.0,5.382947530864198
175,7,101454.85163204747,20.22203264094958,3581.6,5.595252225519287
175,8,101412.59080800593,20.020422535211292,3600.6,5.166493699036323
175,9,101450.43461538461,17.194961538461563,4953.2,5.209076923076923
175,10,101351.5390534821,13.804771065794561,7433.8,5.355059638322431
175,11,101280.04672897197,9.60046728971965,7664.1,5.7984706881903145
175,12,101642.50746268657,7.635895522388083,7428.5,6.1761940298507465
176,1,101695.90254706534,6.366666666666689,8306.3,6.184865263935031
176,2,101623.81242387333,7.436256597645172,6039.3,6.471538773853025
176,3,101305.65233506302,9.379799851742055,5574.1,6.6602297998517415
176,4,101311.56750572083,12.01994660564457,3836.9,5.836231884057971
176,5,101396.56155015198,15.288297872340449,5407.3,5.947340425531915
176,6,101357.3225308642,18.85613425925928,5631.0,5.382947530864198
176,7,101454.85163204747,20.22203264094958,3581.6,5.595252225519287
176,8,101412.59080800593,20.020422535211292,3600.6,5.166493699036323
176,9,101450.43461538461,17.194961538461563,4953.2,5.209076923076923
176,10,101351.5390534821,13.804771065794561,7433.8,5.355059638322431
176,11,101280.04672897197,9.60046728971965,7664.1,5.7984706881903145
176,12,101642.50746268657,7.635895522388083,7428.5,6.1761940298507465
177,1,101695.90254706534,6.366666666666689,8306.3,6.184865263935031
177,2,101623.81242387333,7.436256597645172,6039.3,6.471538773853025
177,3,101305.65233506302,9.379799851742055,5574.1,6.6602297998517415
177,4,101311.56750572083,12.01994660564457,3836.9,5.836231884057971
177,5,101396.56155015198,15.288297872340449,5407.3,5.947340425531915
177,6,101357.3225308642,18.85613425925928,5631.0,5.382947530864198
177,7,101454.85163204747,20.22203264094958,3581.6,5.595252225519287
177,8,101412.59080800593,20.020422535211292,3600.6,5.166493699036323
177,9,101450.43461538461,17.194961538461563,4953.2,5.209076923076923
177,10,101351.5390534821,13.804771065794561,7433.8,5.355059638322431
177,11,101280.04672897197,9.60046728971965,7664.1,5.7984706881903145
177,12,101642.50746268657,7.635895522388083,7428.5,6.1761940298507465
178,1,101695.90254706534,6.366666666666689,8306.3,6.184865263935031
178,2,101623.81242387333,7.436256597645172,6039.3,6.471538773853025
178,3,101305.65233506302,9.379799851742055,5574.1,6.6602297998517415
178,4,101311.56750572083,12.01994660564457,3836.9,5.836231884057971
178,5,101396.56155015198,15.288297872340449,5407.3,5.947340425531915
178,6,101357.3225308642,18.85613425925928,5631.0,5.382947530864198
178,7,101454.85163204747,20.22203264094958,3581.6,5.595252225519287
178,8,101412.59080800593,20.020422535211292,3600.6,5.166493699036323
178,9,101450.43461538461,17.194961538461563,4953.2,5.209076923076923
178,10,101351.5390534821,13.804771065794561,7433.8,5.355059638322431
178,11,101280.04672897197,9.60046728971965,7664.1,5.7984706881903145
178,12,101642.50746268657,7.635895522388083,7428.5,6.1761940298507465
179,1,101695.90254706534,6.366666666666689,8306.3,6.184865263935031
179,2,101623.81242387333,7.436256597645172,6039.3,6.471538773853025
179,3,101305.65233506302,9.379799851742055,5574.1,6.6602297998517415
179,4,101311.56750572083,12.01994660564457,3836.9,5.836231884057971
179,5,101396.56155015198,15.288297872340449,5407.3,5.947340425531915
179,6,101357.3225308642,18.85613425925928,5631.0,5.382947530864198
179,7,101454.85163204747,20.22203264094958,3581.6,5.595252225519287
179,8,101412.59080800593,20.020422535211292,3600.6,5.166493699036323
179,9,101450.43461538461,17.194961538461563,4953.2,5.209076923076923
179,10,101351.5390534821,13.804771065794561,7433.8,5.355059638322431
179,11,101280.04672897197,9.60046728971965,7664.1,5.7984706881903145
179,12,101642.50746268657,7.635895522388083,7428.5,6.1761940298507465
180,1,100045.4382693025,4.574076837001141,5833.1,5.4554643789630735
180,2,99975.01228501229,6.186076986077009,4270.1,5.652743652743653
180,3,99655.24981357197,8.625801640566763,5295.4,5.6580536912751676
180,4,99656.81818181818,11.666063174114043,4015.9,5.083166409861325
180,5,99713.08330192235,15.266415378816458,6084.4,5.1211835657745945
180,6,99699.111725227,19.932254243979493,6921.5,4.7982629293328065
180,7,99777.99248120301,21.59586466165416,3278.7,4.96218045112782
180,8,99753.56052141527,21.405735567970225,2831.1,4.505214152700186
180,9,99826.92160611854,17.335869980879565,5232.0,4.519923518164436
180,10,99798.01614763553,13.074048442906596,5713.8,4.774394463667821
180,11,99708.91479440441,8.246926663840634,4814.1,5.117465027554048
180,12,100033.28647416414,5.7307370820668915,5217.7,5.341565349544073
181,1,100837.40658527562,4.781576026637092,4799.3,6.220532741398445
181,2,100801.1934826884,6.168024439918557,3998.0,6.54684317718941
181,3,100511.36904761905,8.632812500000023,4375.4,6.5018973214285705
181,4,100584.02013942681,11.598063516653779,3088.1,5.985321456235477
181,5,100618.60822760477,15.216147635524822,5399.2,5.9918108419838525
181,6,100591.71317829458,19.56554263565894,5341.7,5.727209302325582
181,7,100629.88064155166,21.38168593808283,2948.9,5.848377471092876
181,8,100616.94568452382,20.865066964285738,4583.4,5.358296130952381
181,9,100683.25920245399,17.060122699386525,4830.6,5.269363496932515
181,10,100636.10156548301,13.072088583428814,4985.4,5.283657884688813
181,11,100501.99241786015,8.378096040438102,4247.2,5.658129738837405
181,12,100807.80170813219,6.255625696249558,5697.3,6.06060155959896
182,1,100837.40658527562,4.781576026637092,4799.3,6.220532741398445
182,2,100801.1934826884,6.168024439918557,3998.0,6.54684317718941
182,3,100511.36904761905,8.632812500000023,4375.4,6.5018973214285705
182,4,100584.02013942681,11.598063516653779,3088.1,5.985321456235477
182,5,100618.60822760477,15.216147635524822,5399.2,5.9918108419838525
182,6,100591.71317829458,19.56554263565894,5341.7,5.727209302325582
182,7,100629.88064155166,21.38168593808283,2948.9,5.848377471092876
182,8,100616.94568452382,20.865066964285738,4583.4,5.358296130952381
182,9,100683.25920245399,17.060122699386525,4830.6,5.269363496932515
182,10,100636.10156548301,13.072088583428814,4985.4,5.283657884688813
182,11,100501.99241786015,8.378096040438102,4247.2,5.658129738837405
182,12,100807.80170813219,6.255625696249558,5697.3,6.06060155959896
183,1,100837.40658527562,4.781576026637092,4799.3,6.220532741398445
183,2,100801.1934826884,6.168024439918557,3998.0,6.54684317718941
183,3,100511.36904761905,8.632812500000023,4375.4,6.5018973214285705
183,4,100584.02013942681,11.598063516653779,3088.1,5.985321456235477
183,5,100618.60822760477,15.216147635524822,5399.2,5.9918108419838525
183,6,100591.71317829458,19.56554263565894,5341.7,5.727209302325582
183,7,100629.88064155166,21.38168593808283,2948.9,5.848377471092876
183,8,100616.94568452382,20.865066964285738,4583.4,5.358296130952381
183,9,100683.25920245399,17.060122699386525,4830.6,5.269363496932515
183,10,100636.10156548301,13.072088583428814,4985.4,5.283657884688813
183,11,100501.99241786015,8.378096040438102,4247.2,5.658129738837405
183,12,100807.80170813219,6.255625696249558,5697.3,6.06060155959896
184,1,98985.07291666667,5.256875000000023,2779.2,4.137395833333334
184,2,98564.85360360361,5.511036036036058,2144.4,4.842117117117117
184,3,98451.55694879833,8.686624869383513,2702.6,4.822152560083595
184,4,98580.57546145494,12.233984799131402,2743.2,4.502605863192182
184,5,98594.09836065574,15.548306010928984,2286.3,4.277049180327869
184,6,98709.91379310345,19.711206896551747,1616.3,3.6428160919540233
184,7,98803.31071913161,21.72591587516963,380.6,3.785481682496608
184,8,98909.51476793249,21.362658227848126,374.3,3.4820675105485233
184,9,98797.82978723405,16.41971631205676,1286.6,3.400851063829787
184,10,98860.71225071225,12.659544159544183,874.5,3.2981481481481483
184,11,98935.18571428572,8.90714285714288,1148.9,3.900571428571429
184,12,99461.53601694915,6.143750000000023,1117.6,3.595656779661017
185,1,98985.07291666667,5.256875000000023,2779.2,4.137395833333334
185,2,98564.85360360361,5.511036036036058,2144.4,4.842117117117117
185,3,98451.55694879833,8.686624869383513,2702.6,4.822152560083595
185,4,98580.57546145494,12.233984799131402,2743.2,4.502605863192182
185,5,98594.09836065574,15.548306010928984,2286.3,4.277049180327869
185,6,98709.91379310345,19.711206896551747,1616.3,3.6428160919540233
185,7,98803.31071913161,21.72591587516963,380.6,3.785481682496608
185,8,98909.51476793249,21.362658227848126,374.3,3.4820675105485233
185,9,98797.82978723405,16.41971631205676,1286.6,3.400851063829787
185,10,98860.71225071225,12.659544159544183,874.5,3.2981481481481483
185,11,98935.18571428572,8.90714285714288,1148.9,3.900571428571429
185,12,99461.53601694915,6.143750000000023,1117.6,3.595656779661017
186,1,98985.07291666667,5.256875000000023,2779.2,4.137395833333334
186,2,98564.85360360361,5.511036036036058,2144.4,4.842117117117117
186,3,98451.55694879833,8.686624869383513,2702.6,4.822152560083595
186,4,98580.57546145494,12.233984799131402,2743.2,4.502605863192182
186,5,98594.09836065574,15.548306010928984,2286.3,4.277049180327869
186,6,98709.91379310345,19.711206896551747,1616.3,3.6428160919540233
186,7,98803.31071913161,21.72591587516963,380.6,3.785481682496608
186,8,98909.51476793249,21.362658227848126,374.3,3.4820675105485233
186,9,98797.82978723405,16.41971631205676,1286.6,3.400851063829787
186,10,98860.71225071225,12.659544159544183,874.5,3.2981481481481483
186,11,98935.18571428572,8.90714285714288,1148.9,3.900571428571429
186,12,99461.53601694915,6.143750000000023,1117.6,3.595656779661017
187,1,100381.62013370036,6.347149036571002,4097.9,5.578057412504916
187,2,100257.49133448873,8.312391681109208,3451.3,6.279679376083189
187,3,99931.25513634666,10.48658946581997,3879.3,7.16361598804632
187,4,99836.33038120909,13.258259530227209,4462.9,6.839853677319984
187,5,99928.42965779468,16.709581749049452,5801.6,6.6281749049429655
187,6,99912.20272904483,21.486510721247587,5115.2,5.908265107212476
187,7,99990.36800600826,23.67442733758921,3197.7,6.065490048817123
187,8,99955.11111111111,23.665386064030155,3091.7,5.817137476459511
187,9,100045.55685814771,19.65756154747951,3014.7,5.613638139898398
187,10,99997.67450829156,15.750482067103762,3474.4,5.672078673351331
187,11,100003.71355060034,10.394554030874808,4022.8,5.595025728987993
187,12,100427.77903043969,7.776963547538543,4133.2,5.278053363397219
188,1,101543.01136363637,6.182386363636385,6497.8,3.5791083916083917
188,2,101417.63445978105,7.909090909090931,4754.6,3.7757258448357924
188,3,101042.85171102661,10.34816223067176,5200.5,4.405703422053231
188,4,100938.24341821321,13.091842900302138,5918.6,4.315321536469573
188,5,101054.65321563682,16.312274064733103,6784.6,4.325725094577553
188,6,101005.90987124463,20.387811158798307,6739.2,4.019227467811159
188,7,101083.62046908315,22.17347547974416,3093.6,4.101151385927506
188,8,101035.0365277181,22.113794585302987,2997.9,3.868328319724968
188,9,101118.5598559856,18.640909090909112,6155.8,3.5757875787578755
188,10,101065.69068379991,15.057962368058764,6559.9,3.3295089490592016
188,11,101060.46632124353,9.652279792746137,7099.2,3.308860103626943
188,12,101410.61383417316,7.755794777828698,7064.4,3.506871278057719
189,1,98985.07291666667,5.256875000000023,2779.2,4.137395833333334
189,2,98564.85360360361,5.511036036036058,2144.4,4.842117117117117
189,3,98451.55694879833,8.686624869383513,2702.6,4.822152560083595
189,4,98580.57546145494,12.233984799131402,2743.2,4.502605863192182
189,5,98594.09836065574,15.548306010928984,2286.3,4.277049180327869
189,6,98709.91379310345,19.711206896551747,1616.3,3.6428160919540233
189,7,98803.31071913161,21.72591587516963,380.6,3.785481682496608
189,8,98909.51476793249,21.362658227848126,374.3,3.4820675105485233
189,9,98797.82978723405,16.41971631205676,1286.6,3.400851063829787
189,10,98860.71225071225,12.659544159544183,874.5,3.2981481481481483
189,11,98935.18571428572,8.90714285714288,1148.9,3.900571428571429
189,12,99461.53601694915,6.143750000000023,1117.6,3.595656779661017
190,1,101603.72737347617,6.894532693018124,8303.7,5.197192463982268
190,2,101478.36206896552,8.540065681445014,6714.1,5.341625615763547
190,3,101124.8782315474,10.600187336080952,6348.9,5.883589359310603
190,4,101063.37567359507,13.37290223248655,5204.2,5.459853733641263
190,5,101164.7428139183,16.66959152798792,6205.9,5.389447806354009
190,6,101130.39645881447,20.555042340261764,7245.9,4.887336412625096
190,7,101236.8743006341,22.269973890339447,2274.9,4.955538977993286
190,8,101186.79363905326,22.24086538461541,3445.0,4.650110946745562
190,9,101244.74732006126,18.931470137825443,5446.4,4.575803981623277
190,10,101164.46669233732,15.217058144012347,6513.9,4.605852907200616
190,11,101201.07448630137,10.466738013698652,7704.4,4.68326198630137
190,12,101579.05082212258,8.214648729446958,8781.4,4.892825112107624
191,1,92262.8349944629,1.6459210040605619,3439.0,5.003617571059431
191,2,92227.83187682064,3.1732833957553286,2341.5,5.146317103620475
191,3,91966.8446969697,5.31416666666669,4020.9,5.725492424242424
191,4,91984.68217054264,8.158759689922505,4103.1,5.4657364341085275
191,5,92108.23712948518,11.960062402496122,6555.9,5.1180967238689545
191,6,92235.43486973947,16.9785971943888,7048.6,4.560320641282565
191,7,92330.19852082523,19.180342545737666,4250.2,4.59116387699494
191,8,92331.59907300115,18.560602549246838,4488.9,4.248281189648512
191,9,92332.1768172888,13.917053045186664,5913.0,4.138310412573674
191,10,92262.41089307169,10.384301161393696,4288.0,4.397316780136164
191,11,92069.28816466553,5.484691252144105,5103.5,4.710548885077187
191,12,92356.04391371341,2.816255778120208,3967.9,4.472804314329738
192,1,101931.96256954983,7.924633282751667,3159.0,5.983308042488619
192,2,101885.2150854449,9.60029463759578,2150.9,6.070418385385976
192,3,101510.31466666667,11.513386666666689,3457.1,6.7627733333333335
192,4,101444.07836644592,14.194370860927174,2422.2,6.695916114790287
192,5,101448.43492586492,18.14892915980233,2783.7,6.492476661175178
192,6,101431.02634467618,22.86344676180024,1317.3,5.9696487376509335
192,7,101446.87150837989,25.436363636363662,1201.0,6.066785170137125
192,8,101464.50777202072,24.947616580310903,1402.4,5.550259067357513
192,9,101606.400990099,20.63103960396042,2793.1,5.667574257425742
192,10,101689.81633639439,16.78661188980186,4846.1,5.954567423876269
192,11,101661.2380473075,11.844539506794185,4075.4,5.860241570206341
192,12,102034.27799607073,8.806090373280965,1715.3,5.334430255402751
193,1,100609.37476459511,5.293333333333356,5436.9,6.389303201506591
193,2,100530.0208594076,6.630871923237402,4348.5,6.478848560700876
193,3,100205.24024024024,8.80840840840843,5212.3,6.41265015015015
193,4,100193.02784222738,11.678151585460192,3347.2,5.748105181747873
193,5,100283.82500967867,14.9403406891212,5490.6,5.842624854819976
193,6,100256.9910121141,19.38655724892538,6111.6,5.3604142243063695
193,7,100347.85930408472,21.043986384266287,2078.6,5.638086232980333
193,8,100324.31978107897,20.829554339327622,2228.8,5.124550430023456
193,9,100370.33838973162,17.209295993776763,4314.3,5.210501750291716
193,10,100293.77257011141,13.384978870534024,5814.5,5.563119477525931
193,11,100250.95708154507,8.751330472103026,4905.4,5.741502145922747
193,12,100598.02567006418,6.51468478671199,4691.3,6.305209513023782
194,1,101695.90254706534,6.366666666666689,8306.3,6.184865263935031
194,2,101623.81242387333,7.436256597645172,6039.3,6.471538773853025
194,3,101305.65233506302,9.379799851742055,5574.1,6.6602297998517415
194,4,101311.56750572083,12.01994660564457,3836.9,5.836231884057971
194,5,101396.56155015198,15.288297872340449,5407.3,5.947340425531915
194,6,101357.3225308642,18.85613425925928,5631.0,5.382947530864198
194,7,101454.85163204747,20.22203264094958,3581.6,5.595252225519287
194,8,101412.59080800593,20.020422535211292,3600.6,5.166493699036323
194,9,101450.43461538461,17.194961538461563,4953.2,5.209076923076923
194,10,101351.5390534821,13.804771065794561,7433.8,5.355059638322431
194,11,101280.04672897197,9.60046728971965,7664.1,5.7984706881903145
194,12,101642.50746268657,7.635895522388083,7428.5,6.1761940298507465
195,1,101506.34006862371,6.059207014868494,5977.8,5.896873808616088
195,2,101451.75210084034,6.987268907563048,4593.1,6.354957983193277
195,3,101152.21597300337,8.846831646044267,4279.3,6.482639670041245
195,4,101215.415484394,11.228901499797347,3450.1,5.58382650993109
195,5,101283.65892083498,14.555415517920462,4259.2,5.840685309176841
195,6,101263.91391794047,18.024054706355617,5594.5,5.2944489139179405
195,7,101321.648434553,19.528404375707304,2998.3,5.643153526970955
195,8,101292.60424564064,19.142570128885545,3316.0,5.162661106899166
195,9,101322.4663499604,16.513460015835335,4140.6,5.159422011084719
195,10,101211.6513761468,13.2284403669725,6239.9,5.226007179896291
195,11,101124.4923076923,9.29503296703299,5072.1,5.639252747252747
195,12,101457.64773599386,7.417689946277843,5330.6,5.966692248656946
196,1,101695.90254706534,6.366666666666689,8306.3,6.184865263935031
196,2,101623.81242387333,7.436256597645172,6039.3,6.471538773853025
196,3,101305.65233506302,9.379799851742055,5574.1,6.6602297998517415
196,4,101311.56750572083,12.01994660564457,3836.9,5.836231884057971
196,5,101396.56155015198,15.288297872340449,5407.3,5.947340425531915
196,6,101357.3225308642,18.85613425925928,5631.0,5.382947530864198
196,7,101454.85163204747,20.22203264094958,3581.6,5.595252225519287
196,8,101412.59080800593,20.020422535211292,3600.6,5.166493699036323
196,9,101450.43461538461,17.194961538461563,4953.2,5.209076923076923
196,10,101351.5390534821,13.804771065794561,7433.8,5.355059638322431
196,11,101280.04672897197,9.60046728971965,7664.1,5.7984706881903145
196,12,101642.50746268657,7.635895522388083,7428.5,6.1761940298507465
197,1,100663.04396843292,5.265238632093221,5303.5,6.201315295001879
197,2,100579.1670052824,6.551320601381575,4326.7,6.368508736286063
197,3,100277.54793510324,8.78982300884958,5017.6,6.380604719764012
197,4,100294.39635535308,11.548899012908148,3000.8,5.668564920273348
197,5,100356.53450247808,14.965993137628693,5003.9,5.773770491803279
197,6,100328.23411905713,19.29948062325212,5691.2,5.387415101877747
197,7,100409.69843633656,21.186150409530924,2572.1,5.602159344750558
197,8,100382.91867805421,20.852172298551825,2847.9,5.109840326773115
197,9,100436.86010760954,17.281783243658747,4255.2,5.17544196771714
197,10,100366.17509727627,13.357548638132318,5062.7,5.470894941634241
197,11,100295.82267689685,8.747314578005138,4930.1,5.7215686274509805
197,12,100611.3672922252,6.552853312906954,4860.7,6.113443125239372
198,1,100169.38589840788,4.718157695223677,6427.9,5.516224412433662
198,2,100128.64674138647,5.706683271066855,4627.5,5.90390203403902
198,3,99836.52692307692,7.8546538461538695,4568.8,5.874153846153846
198,4,99921.57582938389,10.505410742496073,3105.1,5.172985781990521
198,5,99998.78500986194,13.918500986193317,5313.1,5.357909270216962
198,6,99955.48426150122,17.810492332526255,5377.6,4.982728006456821
198,7,100034.53997589393,19.41767778224189,2798.0,5.195660907995179
198,8,100004.65524446302,19.06130380275807,3489.7,4.728834099456749
198,9,100054.9605645496,15.686467413864698,3645.3,4.628476546284766
198,10,99963.64474739374,12.26118684843627,5760.0,4.74186046511628
198,11,99819.18018412977,8.00495396755811,5894.5,5.162428759316089
198,12,100122.87290715372,6.026560121765624,6707.5,5.50958904109589
199,1,101048.43867569602,5.599435665914244,6650.8,7.136305492851768
199,2,101017.52832563996,6.571590432228307,4507.6,7.6874527906000845
199,3,100729.57148422283,8.119049474094297,3841.9,7.336969224776003
199,4,100867.14983713355,10.063965798045626,3452.0,5.980781758957654
199,5,100948.15017598748,13.189049667579217,4382.1,6.0079389910050836
199,6,100898.94757744242,16.523669579031,4759.8,5.435424940428912
199,7,100933.06942277691,18.391107644305794,2859.6,5.972191887675507
199,8,100907.52877973906,18.335379892555665,4478.1,5.806331542594013
199,9,100946.84231222965,15.98458513566656,4431.2,5.805033425088478
199,10,100815.34938807737,12.794472956968045,6134.5,6.080931701539677
199,11,100682.81536446966,9.006110868616348,6384.9,6.913051069402008
199,12,100970.83333333333,7.2274961597542475,5427.8,7.512941628264209
200,1,101565.08071367885,8.266864910790167,7349.5,11.435046728971962
200,2,101569.90328820117,8.266827852998087,4508.4,11.761653771760153
200,3,101330.23935091277,9.019716024340793,4854.2,10.316916835699798
200,4,101510.7251908397,10.157967557251931,1928.4,8.904007633587787
200,5,101613.15561959654,12.560566762728168,3208.1,7.8626801152737755
200,6,101523.85745375408,15.19015233949948,2747.5,7.404570184983678
200,7,101553.43451377178,17.199606520517168,2638.4,7.426756604834177
200,8,101492.45901639345,17.920316159250607,2136.7,7.92271662763466
200,9,101479.65557501459,16.721366024518414,3975.0,9.361062463514303
200,10,101333.57276995305,14.595821596244155,6803.2,10.222300469483567
200,11,101356.53372722797,11.664352535696723,6515.2,11.775972427375677
200,12,101480.29187817259,9.857233502538094,7315.9,12.21163282571912
201,1,101506.34006862371,6.059207014868494,5977.8,5.896873808616088
201,2,101451.75210084034,6.987268907563048,4593.1,6.354957983193277
201,3,101152.21597300337,8.846831646044267,4279.3,6.482639670041245
201,4,101215.415484394,11.228901499797347,3450.1,5.58382650993109
201,5,101283.65892083498,14.555415517920462,4259.2,5.840685309176841
201,6,101263.91391794047,18.024054706355617,5594.5,5.2944489139179405
201,7,101321.648434553,19.528404375707304,2998.3,5.643153526970955
201,8,101292.60424564064,19.142570128885545,3316.0,5.162661106899166
201,9,101322.4663499604,16.513460015835335,4140.6,5.159422011084719
201,10,101211.6513761468,13.2284403669725,6239.9,5.226007179896291
201,11,101124.4923076923,9.29503296703299,5072.1,5.639252747252747
201,12,101457.64773599386,7.417689946277843,5330.6,5.966692248656946
202,1,101565.08071367885,8.266864910790167,7349.5,11.435046728971962
202,2,101569.90328820117,8.266827852998087,4508.4,11.761653771760153
202,3,101330.23935091277,9.019716024340793,4854.2,10.316916835699798
202,4,101510.7251908397,10.157967557251931,1928.4,8.904007633587787
202,5,101613.15561959654,12.560566762728168,3208.1,7.8626801152737755
202,6,101523.85745375408,15.19015233949948,2747.5,7.404570184983678
202,7,101553.43451377178,17.199606520517168,2638.4,7.426756604834177
202,8,101492.45901639345,17.920316159250607,2136.7,7.92271662763466
202,9,101479.65557501459,16.721366024518414,3975.0,9.361062463514303
202,10,101333.57276995305,14.595821596244155,6803.2,10.222300469483567
202,11,101356.53372722797,11.664352535696723,6515.2,11.775972427375677
202,12,101480.29187817259,9.857233502538094,7315.9,12.21163282571912
203,1,101506.34006862371,6.059207014868494,5977.8,5.896873808616088
203,2,101451.75210084034,6.987268907563048,4593.1,6.354957983193277
203,3,101152.21597300337,8.846831646044267,4279.3,6.482639670041245
203,4,101215.415484394,11.228901499797347,3450.1,5.58382650993109
203,5,101283.65892083498,14.555415517920462,4259.2,5.840685309176841
203,6,101263.91391794047,18.024054706355617,5594.5,5.2944489139179405
203,7,101321.648434553,19.528404375707304,2998.3,5.643153526970955
203,8,101292.60424564064,19.142570128885545,3316.0,5.162661106899166
203,9,101322.4663499604,16.513460015835335,4140.6,5.159422011084719
203,10,101211.6513761468,13.2284403669725,6239.9,5.226007179896291
203,11,101124.4923076923,9.29503296703299,5072.1,5.639252747252747
203,12,101457.64773599386,7.417689946277843,5330.6,5.966692248656946
204,1,101048.43867569602,5.599435665914244,6650.8,7.136305492851768
204,2,101017.52832563996,6.571590432228307,4507.6,7.6874527906000845
204,3,100729.57148422283,8.119049474094297,3841.9,7.336969224776003
204,4,100867.14983713355,10.063965798045626,3452.0,5.980781758957654
204,5,100948.15017598748,13.189049667579217,4382.1,6.0079389910050836
204,6,100898.94757744242,16.523669579031,4759.8,5.435424940428912
204,7,100933.06942277691,18.391107644305794,2859.6,5.972191887675507
204,8,100907.52877973906,18.335379892555665,4478.1,5.806331542594013
204,9,100946.84231222965,15.98458513566656,4431.2,5.805033425088478
204,10,100815.34938807737,12.794472956968045,6134.5,6.080931701539677
204,11,100682.81536446966,9.006110868616348,6384.9,6.913051069402008
204,12,100970.83333333333,7.2274961597542475,5427.8,7.512941628264209
205,1,101048.43867569602,5.599435665914244,6650.8,7.136305492851768
205,2,101017.52832563996,6.571590432228307,4507.6,7.6874527906000845
205,3,100729.57148422283,8.119049474094297,3841.9,7.336969224776003
205,4,100867.14983713355,10.063965798045626,3452.0,5.980781758957654
205,5,100948.15017598748,13.189049667579217,4382.1,6.0079389910050836
205,6,100898.94757744242,16.523669579031,4759.8,5.435424940428912
205,7,100933.06942277691,18.391107644305794,2859.6,5.972191887675507
205,8,100907.52877973906,18.335379892555665,4478.1,5.806331542594013
205,9,100946.84231222965,15.98458513566656,4431.2,5.805033425088478
205,10,100815.34938807737,12.794472956968045,6134.5,6.080931701539677
205,11,100682.81536446966,9.006110868616348,6384.9,6.913051069402008
205,12,100970.83333333333,7.2274961597542475,5427.8,7.512941628264209
206,1,100738.35018196523,3.9377678932470905,4319.6,5.573271330367975
206,2,100732.33842010771,5.43164272890487,3317.7,5.966741472172352
206,3,100386.49773382777,7.265595385249301,3421.3,5.778903996703749
206,4,100466.45527089458,10.043553128937445,2573.1,4.973162536749265
206,5,100518.08225108225,14.098961038961061,3466.8,4.81051948051948
206,6,100480.6230248307,18.24261851015804,5009.9,4.444695259593679
206,7,100536.3494025546,19.799752781211396,4698.9,4.686979810465595
206,8,100538.75677930747,19.61919065498542,2523.7,4.359240717563622
206,9,100609.58417440452,15.723617278966517,3847.7,4.5
206,10,100587.80534351146,11.971526717557275,4905.0,4.663740458015267
206,11,100437.6530612245,7.398426870748322,3633.8,5.1656462585034015
206,12,100711.04391052196,5.527091963546005,3919.0,5.514291632145816
207,1,100738.35018196523,3.9377678932470905,4319.6,5.573271330367975
207,2,100732.33842010771,5.43164272890487,3317.7,5.966741472172352
207,3,100386.49773382777,7.265595385249301,3421.3,5.778903996703749
207,4,100466.45527089458,10.043553128937445,2573.1,4.973162536749265
207,5,100518.08225108225,14.098961038961061,3466.8,4.81051948051948
207,6,100480.6230248307,18.24261851015804,5009.9,4.444695259593679
207,7,100536.3494025546,19.799752781211396,4698.9,4.686979810465595
207,8,100538.75677930747,19.61919065498542,2523.7,4.359240717563622
207,9,100609.58417440452,15.723617278966517,3847.7,4.5
207,10,100587.80534351146,11.971526717557275,4905.0,4.663740458015267
207,11,100437.6530612245,7.398426870748322,3633.8,5.1656462585034015
207,12,100711.04391052196,5.527091963546005,3919.0,5.514291632145816
208,1,100539.40794499619,4.157333842627984,4807.8,6.130557677616501
208,2,100502.37322515213,5.588316430020306,4015.2,6.276551724137931
208,3,100209.16543026706,7.690912462908035,4238.5,6.035200296735905
208,4,100249.39777522055,10.675067126965883,2999.6,5.124587648638281
208,5,100259.78454680534,14.582392273402697,5926.1,5.165044576523031
208,6,100250.21375825885,19.069296541002743,5338.5,4.862844928099495
208,7,100285.21052631579,20.75135338345867,3771.4,5.160676691729323
208,8,100283.6109064112,20.468238761974966,3749.2,4.744583640383198
208,9,100369.46195234435,16.264027671022312,4605.8,4.7077248270561105
208,10,100349.59346504559,12.428153495440752,4803.1,4.98677811550152
208,11,100226.0435875943,7.619237217099771,4269.1,5.494761106454317
208,12,100540.1352874859,5.6020668921458325,4173.6,6.026907177752725
209,1,100539.40794499619,4.157333842627984,4807.8,6.130557677616501
209,2,100502.37322515213,5.588316430020306,4015.2,6.276551724137931
209,3,100209.16543026706,7.690912462908035,4238.5,6.035200296735905
209,4,100249.39777522055,10.675067126965883,2999.6,5.124587648638281
209,5,100259.78454680534,14.582392273402697,5926.1,5.165044576523031
209,6,100250.21375825885,19.069296541002743,5338.5,4.862844928099495
209,7,100285.21052631579,20.75135338345867,3771.4,5.160676691729323
209,8,100283.6109064112,20.468238761974966,3749.2,4.744583640383198
209,9,100369.46195234435,16.264027671022312,4605.8,4.7077248270561105
209,10,100349.59346504559,12.428153495440752,4803.1,4.98677811550152
209,11,100226.0435875943,7.619237217099771,4269.1,5.494761106454317
209,12,100540.1352874859,5.6020668921458325,4173.6,6.026907177752725
210,1,100738.35018196523,3.9377678932470905,4319.6,5.573271330367975
210,2,100732.33842010771,5.43164272890487,3317.7,5.966741472172352
210,3,100386.49773382777,7.265595385249301,3421.3,5.778903996703749
210,4,100466.45527089458,10.043553128937445,2573.1,4.973162536749265
210,5,100518.08225108225,14.098961038961061,3466.8,4.81051948051948
210,6,100480.6230248307,18.24261851015804,5009.9,4.444695259593679
210,7,100536.3494025546,19.799752781211396,4698.9,4.686979810465595
210,8,100538.75677930747,19.61919065498542,2523.7,4.359240717563622
210,9,100609.58417440452,15.723617278966517,3847.7,4.5
210,10,100587.80534351146,11.971526717557275,4905.0,4.663740458015267
210,11,100437.6530612245,7.398426870748322,3633.8,5.1656462585034015
210,12,100711.04391052196,5.527091963546005,3919.0,5.514291632145816
211,1,97743.59433258761,2.624011931394504,6387.3,6.725354213273677
211,2,97764.43618339529,4.502106567534099,5055.9,6.998595621643948
211,3,97494.76951672863,6.997732342007457,5185.6,6.555985130111524
211,4,97545.37634408602,10.219623655914,4457.6,5.770890937019969
211,5,97583.8031496063,14.189881889763804,6149.2,5.405590551181103
211,6,97620.60769230769,18.808615384615408,5805.0,5.138423076923077
211,7,97660.37411148522,20.3389450056117,4384.4,5.259184436962214
211,8,97663.021609538,20.12932190760062,5199.1,4.916132637853949
211,9,97724.63957055214,15.72285276073622,6090.5,5.13263036809816
211,10,97704.89647239263,11.578144171779165,5386.7,5.63696319018405
211,11,97512.1520106054,6.3730004418913175,5453.7,6.213610251878038
211,12,97791.33433283359,4.161469265367339,5939.1,6.572863568215893
212,1,101506.34006862371,6.059207014868494,5977.8,5.896873808616088
212,2,101451.75210084034,6.987268907563048,4593.1,6.354957983193277
212,3,101152.21597300337,8.846831646044267,4279.3,6.482639670041245
212,4,101215.415484394,11.228901499797347,3450.1,5.58382650993109
212,5,101283.65892083498,14.555415517920462,4259.2,5.840685309176841
212,6,101263.91391794047,18.024054706355617,5594.5,5.2944489139179405
212,7,101321.648434553,19.528404375707304,2998.3,5.643153526970955
212,8,101292.60424564064,19.142570128885545,3316.0,5.162661106899166
212,9,101322.4663499604,16.513460015835335,4140.6,5.159422011084719
212,10,101211.6513761468,13.2284403669725,6239.9,5.226007179896291
212,11,101124.4923076923,9.29503296703299,5072.1,5.639252747252747
212,12,101457.64773599386,7.417689946277843,5330.6,5.966692248656946
213,1,100169.38589840788,4.718157695223677,6427.9,5.516224412433662
213,2,100128.64674138647,5.706683271066855,4627.5,5.90390203403902
213,3,99836.52692307692,7.8546538461538695,4568.8,5.874153846153846
213,4,99921.57582938389,10.505410742496073,3105.1,5.172985781990521
213,5,99998.78500986194,13.918500986193317,5313.1,5.357909270216962
213,6,99955.48426150122,17.810492332526255,5377.6,4.982728006456821
213,7,100034.53997589393,19.41767778224189,2798.0,5.195660907995179
213,8,100004.65524446302,19.06130380275807,3489.7,4.728834099456749
213,9,100054.9605645496,15.686467413864698,3645.3,4.628476546284766
213,10,99963.64474739374,12.26118684843627,5760.0,4.74186046511628
213,11,99819.18018412977,8.00495396755811,5894.5,5.162428759316089
213,12,100122.87290715372,6.026560121765624,6707.5,5.50958904109589
214,1,101506.34006862371,6.059207014868494,5977.8,5.896873808616088
214,2,101451.75210084034,6.987268907563048,4593.1,6.354957983193277
214,3,101152.21597300337,8.846831646044267,4279.3,6.482639670041245
214,4,101215.415484394,11.228901499797347,3450.1,5.58382650993109
214,5,101283.65892083498,14.555415517920462,4259.2,5.840685309176841
214,6,101263.91391794047,18.024054706355617,5594.5,5.2944489139179405
214,7,101321.648434553,19.528404375707304,2998.3,5.643153526970955
214,8,101292.60424564064,19.142570128885545,3316.0,5.162661106899166
214,9,101322.4663499604,16.513460015835335,4140.6,5.159422011084719
214,10,101211.6513761468,13.2284403669725,6239.9,5.226007179896291
214,11,101124.4923076923,9.29503296703299,5072.1,5.639252747252747
214,12,101457.64773599386,7.417689946277843,5330.6,5.966692248656946
215,1,100169.38589840788,4.718157695223677,6427.9,5.516224412433662
215,2,100128.64674138647,5.706683271066855,4627.5,5.90390203403902
215,3,99836.52692307692,7.8546538461538695,4568.8,5.874153846153846
215,4,99921.57582938389,10.505410742496073,3105.1,5.172985781990521
215,5,99998.78500986194,13.918500986193317,5313.1,5.357909270216962
215,6,99955.48426150122,17.810492332526255,5377.6,4.982728006456821
215,7,100034.53997589393,19.41767778224189,2798.0,5.195660907995179
215,8,100004.65524446302,19.06130380275807,3489.7,4.728834099456749
215,9,100054.9605645496,15.686467413864698,3645.3,4.628476546284766
215,10,99963.64474739374,12.26118684843627,5760.0,4.74186046511628
215,11,99819.18018412977,8.00495396755811,5894.5,5.162428759316089
215,12,100122.87290715372,6.026560121765624,6707.5,5.50958904109589
216,1,97743.59433258761,2.624011931394504,6387.3,6.725354213273677
216,2,97764.43618339529,4.502106567534099,5055.9,6.998595621643948
216,3,97494.76951672863,6.997732342007457,5185.6,6.555985130111524
216,4,97545.37634408602,10.219623655914,4457.6,5.770890937019969
216,5,97583.8031496063,14.189881889763804,6149.2,5.405590551181103
216,6,97620.60769230769,18.808615384615408,5805.0,5.138423076923077
216,7,97660.37411148522,20.3389450056117,4384.4,5.259184436962214
216,8,97663.021609538,20.12932190760062,5199.1,4.916132637853949
216,9,97724.63957055214,15.72285276073622,6090.5,5.13263036809816
216,10,97704.89647239263,11.578144171779165,5386.7,5.63696319018405
216,11,97512.1520106054,6.3730004418913175,5453.7,6.213610251878038
216,12,97791.33433283359,4.161469265367339,5939.1,6.572863568215893
217,1,97743.59433258761,2.624011931394504,6387.3,6.725354213273677
217,2,97764.43618339529,4.502106567534099,5055.9,6.998595621643948
217,3,97494.76951672863,6.997732342007457,5185.6,6.555985130111524
217,4,97545.37634408602,10.219623655914,4457.6,5.770890937019969
217,5,97583.8031496063,14.189881889763804,6149.2,5.405590551181103
217,6,97620.60769230769,18.808615384615408,5805.0,5.138423076923077
217,7,97660.37411148522,20.3389450056117,4384.4,5.259184436962214
217,8,97663.021609538,20.12932190760062,5199.1,4.916132637853949
217,9,97724.63957055214,15.72285276073622,6090.5,5.13263036809816
217,10,97704.89647239263,11.578144171779165,5386.7,5.63696319018405
217,11,97512.1520106054,6.3730004418913175,5453.7,6.213610251878038
217,12,97791.33433283359,4.161469265367339,5939.1,6.572863568215893
218,1,97743.59433258761,2.624011931394504,6387.3,6.725354213273677
218,2,97764.43618339529,4.502106567534099,5055.9,6.998595621643948
218,3,97494.76951672863,6.997732342007457,5185.6,6.555985130111524
218,4,97545.37634408602,10.219623655914,4457.6,5.770890937019969
218,5,97583.8031496063,14.189881889763804,6149.2,5.405590551181103
218,6,97620.60769230769,18.808615384615408,5805.0,5.138423076923077
218,7,97660.37411148522,20.3389450056117,4384.4,5.259184436962214
218,8,97663.021609538,20.12932190760062,5199.1,4.916132637853949
218,9,97724.63957055214,15.72285276073622,6090.5,5.13263036809816
218,10,97704.89647239263,11.578144171779165,5386.7,5.63696319018405
218,11,97512.1520106054,6.3730004418913175,5453.7,6.213610251878038
218,12,97791.33433283359,4.161469265367339,5939.1,6.572863568215893
219,1,100144.05385190726,3.239977561705334,4176.4,5.301757666417352
219,2,100150.89643880475,4.841301678264451,2979.4,5.468276708964388
219,3,99847.78781038374,7.803950338600474,2861.2,5.42234762979684
219,4,99850.18752391887,11.372062763107563,3925.6,5.037428243398392
219,5,99843.67686943045,15.795738086013197,6537.0,4.913134444013948
219,6,99839.51402607665,20.443421572501013,6829.6,4.626037139470565
219,7,99865.78649566202,21.512561297623563,4700.7,4.532214258770275
219,8,99879.78911042945,21.205253067484687,5450.5,4.103565950920245
219,9,99998.49550605705,16.57190308714344,4060.1,4.186166471277843
219,10,100043.56756756757,11.95617760617763,3927.5,4.051621621621622
219,11,99885.31088082901,6.848445595854945,3460.9,4.504922279792746
219,12,100184.91962616822,4.399663551401892,2833.5,4.874056074766355
220,1,100144.05385190726,3.239977561705334,4176.4,5.301757666417352
220,2,100150.89643880475,4.841301678264451,2979.4,5.468276708964388
220,3,99847.78781038374,7.803950338600474,2861.2,5.42234762979684
220,4,99850.18752391887,11.372062763107563,3925.6,5.037428243398392
220,5,99843.67686943045,15.795738086013197,6537.0,4.913134444013948
220,6,99839.51402607665,20.443421572501013,6829.6,4.626037139470565
220,7,99865.78649566202,21.512561297623563,4700.7,4.532214258770275
220,8,99879.78911042945,21.205253067484687,5450.5,4.103565950920245
220,9,99998.49550605705,16.57190308714344,4060.1,4.186166471277843
220,10,100043.56756756757,11.95617760617763,3927.5,4.051621621621622
220,11,99885.31088082901,6.848445595854945,3460.9,4.504922279792746
220,12,100184.91962616822,4.399663551401892,2833.5,4.874056074766355
221,1,100738.35018196523,3.9377678932470905,4319.6,5.573271330367975
221,2,100732.33842010771,5.43164272890487,3317.7,5.966741472172352
221,3,100386.49773382777,7.265595385249301,3421.3,5.778903996703749
221,4,100466.45527089458,10.043553128937445,2573.1,4.973162536749265
221,5,100518.08225108225,14.098961038961061,3466.8,4.81051948051948
221,6,100480.6230248307,18.24261851015804,5009.9,4.444695259593679
221,7,100536.3494025546,19.799752781211396,4698.9,4.686979810465595
221,8,100538.75677930747,19.61919065498542,2523.7,4.359240717563622
221,9,100609.58417440452,15.723617278966517,3847.7,4.5
221,10,100587.80534351146,11.971526717557275,4905.0,4.663740458015267
221,11,100437.6530612245,7.398426870748322,3633.8,5.1656462585034015
221,12,100711.04391052196,5.527091963546005,3919.0,5.514291632145816
222,1,97743.59433258761,2.624011931394504,6387.3,6.725354213273677
222,2,97764.43618339529,4.502106567534099,5055.9,6.998595621643948
222,3,97494.76951672863,6.997732342007457,5185.6,6.555985130111524
222,4,97545.37634408602,10.219623655914,4457.6,5.770890937019969
222,5,97583.8031496063,14.189881889763804,6149.2,5.405590551181103
222,6,97620.60769230769,18.808615384615408,5805.0,5.138423076923077
222,7,97660.37411148522,20.3389450056117,4384.4,5.259184436962214
222,8,97663.021609538,20.12932190760062,5199.1,4.916132637853949
222,9,97724.63957055214,15.72285276073622,6090.5,5.13263036809816
222,10,97704.89647239263,11.578144171779165,5386.7,5.63696319018405
222,11,97512.1520106054,6.3730004418913175,5453.7,6.213610251878038
222,12,97791.33433283359,4.161469265367339,5939.1,6.572863568215893
223,1,97743.59433258761,2.624011931394504,6387.3,6.725354213273677
223,2,97764.43618339529,4.502106567534099,5055.9,6.998595621643948
223,3,97494.76951672863,6.997732342007457,5185.6,6.555985130111524
223,4,97545.37634408602,10.219623655914,4457.6,5.770890937019969
223,5,97583.8031496063,14.189881889763804,6149.2,5.405590551181103
223,6,97620.60769230769,18.808615384615408,5805.0,5.138423076923077
223,7,97660.37411148522,20.3389450056117,4384.4,5.259184436962214
223,8,97663.021609538,20.12932190760062,5199.1,4.916132637853949
223,9,97724.63957055214,15.72285276073622,6090.5,5.13263036809816
223,10,97704.89647239263,11.578144171779165,5386.7,5.63696319018405
223,11,97512.1520106054,6.3730004418913175,5453.7,6.213610251878038
223,12,97791.33433283359,4.161469265367339,5939.1,6.572863568215893
224,1,101506.34006862371,6.059207014868494,5977.8,5.896873808616088
224,2,101451.75210084034,6.987268907563048,4593.1,6.354957983193277
224,3,101152.21597300337,8.846831646044267,4279.3,6.482639670041245
224,4,101215.415484394,11.228901499797347,3450.1,5.58382650993109
224,5,101283.65892083498,14.555415517920462,4259.2,5.840685309176841
224,6,101263.91391794047,18.024054706355617,5594.5,5.2944489139179405
224,7,101321.648434553,19.528404375707304,2998.3,5.643153526970955
224,8,101292.60424564064,19.142570128885545,3316.0,5.162661106899166
224,9,101322.4663499604,16.513460015835335,4140.6,5.159422011084719
224,10,101211.6513761468,13.2284403669725,6239.9,5.226007179896291
224,11,101124.4923076923,9.29503296703299,5072.1,5.639252747252747
224,12,101457.64773599386,7.417689946277843,5330.6,5.966692248656946
225,1,101528.89074926748,8.59192130598579,4948.5,11.115571368773544
225,2,101390.08743672342,8.842982052462057,4133.1,10.986056143580305
225,3,101121.90455148033,9.800265134776867,3549.0,10.694432169686257
225,4,101148.96699528504,11.717445349335641,2443.2,8.907458208315473
225,5,101223.39393939394,14.36755244755247,2370.7,8.957902097902098
225,6,101174.66702184337,17.326638252530657,2279.5,7.840916355887054
225,7,101315.34924078091,18.813665943600892,1811.7,8.033709327548808
225,8,101273.86180584994,18.801526070368823,2720.9,7.694531581178466
225,9,101285.50643776824,17.22836909871247,3042.2,8.339356223175965
225,10,101091.02979842243,14.775547765118342,4641.1,9.742769500438213
225,11,101013.85238095238,12.013523809523832,4894.7,11.649571428571427
225,12,101339.49876746097,10.367707477403474,5895.2,11.986811832374693
226,1,101506.34006862371,6.059207014868494,5977.8,5.896873808616088
226,2,101451.75210084034,6.987268907563048,4593.1,6.354957983193277
226,3,101152.21597300337,8.846831646044267,4279.3,6.482639670041245
226,4,101215.415484394,11.228901499797347,3450.1,5.58382650993109
226,5,101283.65892083498,14.555415517920462,4259.2,5.840685309176841
226,6,101263.91391794047,18.024054706355617,5594.5,5.2944489139179405
226,7,101321.648434553,19.528404375707304,2998.3,5.643153526970955
226,8,101292.60424564064,19.142570128885545,3316.0,5.162661106899166
226,9,101322.4663499604,16.513460015835335,4140.6,5.159422011084719
226,10,101211.6513761468,13.2284403669725,6239.9,5.226007179896291
226,11,101124.4923076923,9.29503296703299,5072.1,5.639252747252747
226,12,101457.64773599386,7.417689946277843,5330.6,5.966692248656946
227,1,101528.89074926748,8.59192130598579,4948.5,11.115571368773544
227,2,101390.08743672342,8.842982052462057,4133.1,10.986056143580305
227,3,101121.90455148033,9.800265134776867,3549.0,10.694432169686257
227,4,101148.96699528504,11.717445349335641,2443.2,8.907458208315473
227,5,101223.39393939394,14.36755244755247,2370.7,8.957902097902098
227,6,101174.66702184337,17.326638252530657,2279.5,7.840916355887054
227,7,101315.34924078091,18.813665943600892,1811.7,8.033709327548808
227,8,101273.86180584994,18.801526070368823,2720.9,7.694531581178466
227,9,101285.50643776824,17.22836909871247,3042.2,8.339356223175965
227,10,101091.02979842243,14.775547765118342,4641.1,9.742769500438213
227,11,101013.85238095238,12.013523809523832,4894.7,11.649571428571427
227,12,101339.49876746097,10.367707477403474,5895.2,11.986811832374693
228,1,101528.89074926748,8.59192130598579,4948.5,11.115571368773544
228,2,101390.08743672342,8.842982052462057,4133.1,10.986056143580305
228,3,101121.90455148033,9.800265134776867,3549.0,10.694432169686257
228,4,101148.96699528504,11.717445349335641,2443.2,8.907458208315473
228,5,101223.39393939394,14.36755244755247,2370.7,8.957902097902098
228,6,101174.66702184337,17.326638252530657,2279.5,7.840916355887054
228,7,101315.34924078091,18.813665943600892,1811.7,8.033709327548808
228,8,101273.86180584994,18.801526070368823,2720.9,7.694531581178466
228,9,101285.50643776824,17.22836909871247,3042.2,8.339356223175965
228,10,101091.02979842243,14.775547765118342,4641.1,9.742769500438213
228,11,101013.85238095238,12.013523809523832,4894.7,11.649571428571427
228,12,101339.49876746097,10.367707477403474,5895.2,11.986811832374693
229,1,101528.89074926748,8.59192130598579,4948.5,11.115571368773544
229,2,101390.08743672342,8.842982052462057,4133.1,10.986056143580305
229,3,101121.90455148033,9.800265134776867,3549.0,10.694432169686257
229,4,101148.96699528504,11.717445349335641,2443.2,8.907458208315473
229,5,101223.39393939394,14.36755244755247,2370.7,8.957902097902098
229,6,101174.66702184337,17.326638252530657,2279.5,7.840916355887054
229,7,101315.34924078091,18.813665943600892,1811.7,8.033709327548808
229,8,101273.86180584994,18.801526070368823,2720.9,7.694531581178466
229,9,101285.50643776824,17.22836909871247,3042.2,8.339356223175965
229,10,101091.02979842243,14.775547765118342,4641.1,9.742769500438213
229,11,101013.85238095238,12.013523809523832,4894.7,11.649571428571427
229,12,101339.49876746097,10.367707477403474,5895.2,11.986811832374693
230,1,101506.34006862371,6.059207014868494,5977.8,5.896873808616088
230,2,101451.75210084034,6.987268907563048,4593.1,6.354957983193277
230,3,101152.21597300337,8.846831646044267,4279.3,6.482639670041245
230,4,101215.415484394,11.228901499797347,3450.1,5.58382650993109
230,5,101283.65892083498,14.555415517920462,4259.2,5.840685309176841
230,6,101263.91391794047,18.024054706355617,5594.5,5.2944489139179405
230,7,101321.648434553,19.528404375707304,2998.3,5.643153526970955
230,8,101292.60424564064,19.142570128885545,3316.0,5.162661106899166
230,9,101322.4663499604,16.513460015835335,4140.6,5.159422011084719
230,10,101211.6513761468,13.2284403669725,6239.9,5.226007179896291
230,11,101124.4923076923,9.29503296703299,5072.1,5.639252747252747
230,12,101457.64773599386,7.417689946277843,5330.6,5.966692248656946
231,1,101141.05241605242,7.990990990991014,7985.4,9.755692055692057
231,2,101079.44021495746,8.348723690103023,6294.2,9.98871473354232
231,3,100828.41144753214,9.216175860638762,5056.0,9.422895064288676
231,4,100937.90221479315,10.747137484329315,3286.8,7.644880902632679
231,5,101063.64801366937,13.221870995301176,3450.7,7.304955147372918
231,6,101029.16769674495,15.518376596621367,3590.5,6.674660074165637
231,7,101071.13293741434,17.21973503883054,2680.2,6.802695294655094
231,8,101046.92931112112,17.456956325979313,4205.3,6.787257991895543
231,9,101057.05716963449,16.18631677600752,3628.2,7.616166822867854
231,10,100954.19823788546,14.017092511013239,6525.4,8.033039647577093
231,11,100838.28095238096,11.070523809523833,6939.3,9.432714285714287
231,12,101083.96621078037,9.539541432019332,7357.2,10.030370072405471
232,1,101141.05241605242,7.990990990991014,7985.4,9.755692055692057
232,2,101079.44021495746,8.348723690103023,6294.2,9.98871473354232
232,3,100828.41144753214,9.216175860638762,5056.0,9.422895064288676
232,4,100937.90221479315,10.747137484329315,3286.8,7.644880902632679
232,5,101063.64801366937,13.221870995301176,3450.7,7.304955147372918
232,6,101029.16769674495,15.518376596621367,3590.5,6.674660074165637
232,7,101071.13293741434,17.21973503883054,2680.2,6.802695294655094
232,8,101046.92931112112,17.456956325979313,4205.3,6.787257991895543
232,9,101057.05716963449,16.18631677600752,3628.2,7.616166822867854
232,10,100954.19823788546,14.017092511013239,6525.4,8.033039647577093
232,11,100838.28095238096,11.070523809523833,6939.3,9.432714285714287
232,12,101083.96621078037,9.539541432019332,7357.2,10.030370072405471
233,1,97743.59433258761,2.624011931394504,6387.3,6.725354213273677
233,2,97764.43618339529,4.502106567534099,5055.9,6.998595621643948
233,3,97494.76951672863,6.997732342007457,5185.6,6.555985130111524
233,4,97545.37634408602,10.219623655914,4457.6,5.770890937019969
233,5,97583.8031496063,14.189881889763804,6149.2,5.405590551181103
233,6,97620.60769230769,18.808615384615408,5805.0,5.138423076923077
233,7,97660.37411148522,20.3389450056117,4384.4,5.259184436962214
233,8,97663.021609538,20.12932190760062,5199.1,4.916132637853949
233,9,97724.63957055214,15.72285276073622,6090.5,5.13263036809816
233,10,97704.89647239263,11.578144171779165,5386.7,5.63696319018405
233,11,97512.1520106054,6.3730004418913175,5453.7,6.213610251878038
233,12,97791.33433283359,4.161469265367339,5939.1,6.572863568215893
234,1,100144.05385190726,3.239977561705334,4176.4,5.301757666417352
234,2,100150.89643880475,4.841301678264451,2979.4,5.468276708964388
234,3,99847.78781038374,7.803950338600474,2861.2,5.42234762979684
234,4,99850.18752391887,11.372062763107563,3925.6,5.037428243398392
234,5,99843.67686943045,15.795738086013197,6537.0,4.913134444013948
234,6,99839.51402607665,20.443421572501013,6829.6,4.626037139470565
234,7,99865.78649566202,21.512561297623563,4700.7,4.532214258770275
234,8,99879.78911042945,21.205253067484687,5450.5,4.103565950920245
234,9,99998.49550605705,16.57190308714344,4060.1,4.186166471277843
234,10,100043.56756756757,11.95617760617763,3927.5,4.051621621621622
234,11,99885.31088082901,6.848445595854945,3460.9,4.504922279792746
234,12,100184.91962616822,4.399663551401892,2833.5,4.874056074766355
235,1,100144.05385190726,3.239977561705334,4176.4,5.301757666417352
235,2,100150.89643880475,4.841301678264451,2979.4,5.468276708964388
235,3,99847.78781038374,7.803950338600474,2861.2,5.42234762979684
235,4,99850.18752391887,11.372062763107563,3925.6,5.037428243398392
235,5,99843.67686943045,15.795738086013197,6537.0,4.913134444013948
235,6,99839.51402607665,20.443421572501013,6829.6,4.626037139470565
235,7,99865.78649566202,21.512561297623563,4700.7,4.532214258770275
235,8,99879.78911042945,21.205253067484687,5450.5,4.103565950920245
235,9,99998.49550605705,16.57190308714344,4060.1,4.186166471277843
235,10,100043.56756756757,11.95617760617763,3927.5,4.051621621621622
235,11,99885.31088082901,6.848445595854945,3460.9,4.504922279792746
235,12,100184.91962616822,4.399663551401892,2833.5,4.874056074766355
236,1,100045.4382693025,4.574076837001141,5833.1,5.4554643789630735
236,2,99975.01228501229,6.186076986077009,4270.1,5.652743652743653
236,3,99655.24981357197,8.625801640566763,5295.4,5.6580536912751676
236,4,99656.81818181818,11.666063174114043,4015.9,5.083166409861325
236,5,99713.08330192235,15.266415378816458,6084.4,5.1211835657745945
236,6,99699.111725227,19.932254243979493,6921.5,4.7982629293328065
236,7,99777.99248120301,21.59586466165416,3278.7,4.96218045112782
236,8,99753.56052141527,21.405735567970225,2831.1,4.505214152700186
236,9,99826.92160611854,17.335869980879565,5232.0,4.519923518164436
236,10,99798.01614763553,13.074048442906596,5713.8,4.774394463667821
236,11,99708.91479440441,8.246926663840634,4814.1,5.117465027554048
236,12,100033.28647416414,5.7307370820668915,5217.7,5.341565349544073
237,1,100045.4382693025,4.574076837001141,5833.1,5.4554643789630735
237,2,99975.01228501229,6.186076986077009,4270.1,5.652743652743653
237,3,99655.24981357197,8.625801640566763,5295.4,5.6580536912751676
237,4,99656.81818181818,11.666063174114043,4015.9,5.083166409861325
237,5,99713.08330192235,15.266415378816458,6084.4,5.1211835657745945
237,6,99699.111725227,19.932254243979493,6921.5,4.7982629293328065
237,7,99777.99248120301,21.59586466165416,3278.7,4.96218045112782
237,8,99753.56052141527,21.405735567970225,2831.1,4.505214152700186
237,9,99826.92160611854,17.335869980879565,5232.0,4.519923518164436
237,10,99798.01614763553,13.074048442906596,5713.8,4.774394463667821
237,11,99708.91479440441,8.246926663840634,4814.1,5.117465027554048
237,12,100033.28647416414,5.7307370820668915,5217.7,5.341565349544073
238,1,100539.40794499619,4.157333842627984,4807.8,6.130557677616501
238,2,100502.37322515213,5.588316430020306,4015.2,6.276551724137931
238,3,100209.16543026706,7.690912462908035,4238.5,6.035200296735905
238,4,100249.39777522055,10.675067126965883,2999.6,5.124587648638281
238,5,100259.78454680534,14.582392273402697,5926.1,5.165044576523031
238,6,100250.21375825885,19.069296541002743,5338.5,4.862844928099495
238,7,100285.21052631579,20.75135338345867,3771.4,5.160676691729323
238,8,100283.6109064112,20.468238761974966,3749.2,4.744583640383198
238,9,100369.46195234435,16.264027671022312,4605.8,4.7077248270561105
238,10,100349.59346504559,12.428153495440752,4803.1,4.98677811550152
238,11,100226.0435875943,7.619237217099771,4269.1,5.494761106454317
238,12,100540.1352874859,5.6020668921458325,4173.6,6.026907177752725
239,1,98148.96756509822,4.6032891731384415,1738.4,5.365280950205573
239,2,98043.33509793541,6.721916357861325,1021.1,5.607676019057703
239,3,97690.29985721085,8.774440742503593,1874.4,5.92574964302713
239,4,97704.26897844423,11.329147141518298,3146.5,5.457731958762886
239,5,97781.4,15.170476190476215,4598.4,5.004619047619048
239,6,97793.50571854798,19.765539532570887,6952.8,4.47672799602188
239,7,97905.45544066963,21.69305760709013,2462.5,4.273658296405711
239,8,97890.59301769489,21.69115255858443,3343.1,4.093974175035868
239,9,97957.59355755567,17.34599715774517,3940.0,4.226480341070583
239,10,97923.18633808906,13.383138780804172,2860.9,4.779853004755728
239,11,97843.53372434017,8.706109481915957,2440.5,4.964565004887586
239,12,98188.60120426123,5.732468735525729,2264.1,5.152339045854562
240,1,99335.51243406179,3.2539186134137377,4471.7,5.2310474755086664
240,2,99270.80474375264,5.011393477340133,3100.7,5.397585768742059
240,3,98970.05679666792,7.765884134797448,4517.6,5.338546005301023
240,4,98969.6460521198,11.03158304161807,4090.6,5.101555814858032
240,5,98987.54906054279,14.993569937369543,5194.7,5.051899791231732
240,6,99004.87148594378,20.10240963855424,5555.6,4.75425702811245
240,7,99065.11618900078,21.994268009295144,3825.4,4.984779240898528
240,8,99059.2272379495,21.576396327467506,3795.9,4.612127008416221
240,9,99152.72549019608,16.8898823529412,5449.0,4.562588235294117
240,10,99159.72200772201,12.229305019305043,6709.7,4.476679536679537
240,11,99055.95698924731,6.852344086021527,4052.0,4.531311827956989
240,12,99366.08216051731,4.336325599087128,5024.8,4.644237352605554
241,1,100539.40794499619,4.157333842627984,4807.8,6.130557677616501
241,2,100502.37322515213,5.588316430020306,4015.2,6.276551724137931
241,3,100209.16543026706,7.690912462908035,4238.5,6.035200296735905
241,4,100249.39777522055,10.675067126965883,2999.6,5.124587648638281
241,5,100259.78454680534,14.582392273402697,5926.1,5.165044576523031
241,6,100250.21375825885,19.069296541002743,5338.5,4.862844928099495
241,7,100285.21052631579,20.75135338345867,3771.4,5.160676691729323
241,8,100283.6109064112,20.468238761974966,3749.2,4.744583640383198
241,9,100369.46195234435,16.264027671022312,4605.8,4.7077248270561105
241,10,100349.59346504559,12.428153495440752,4803.1,4.98677811550152
241,11,100226.0435875943,7.619237217099771,4269.1,5.494761106454317
241,12,100540.1352874859,5.6020668921458325,4173.6,6.026907177752725
242,1,101161.87429854096,4.217508417508441,5558.5,6.892517770295548
242,2,101187.26753670473,5.635522022838523,4509.0,7.536052202283851
242,3,100968.86743408837,7.811399925733405,4761.1,7.051281099145934
242,4,101096.1203239491,10.55800231392212,3235.2,6.328731199382955
242,5,101113.47038853263,14.309769898151664,5162.1,6.227121840814786
242,6,101092.17357310398,18.0495699765442,5669.3,5.948670836591087
242,7,101078.66972477065,19.563799694189626,3394.7,5.949503058103976
242,8,101078.42688048874,19.56231386025203,5188.6,5.6221458571974035
242,9,101138.63295140261,16.182338996444116,4705.5,5.442789411299882
242,10,101037.26601941748,12.485242718446624,6043.7,5.908077669902912
242,11,100864.79914529914,7.959658119658142,5863.7,6.513162393162393
242,12,101122.77841125047,5.883504370961634,5468.8,7.095667046750285
243,1,101161.87429854096,4.217508417508441,5558.5,6.892517770295548
243,2,101187.26753670473,5.635522022838523,4509.0,7.536052202283851
243,3,100968.86743408837,7.811399925733405,4761.1,7.051281099145934
243,4,101096.1203239491,10.55800231392212,3235.2,6.328731199382955
243,5,101113.47038853263,14.309769898151664,5162.1,6.227121840814786
243,6,101092.17357310398,18.0495699765442,5669.3,5.948670836591087
243,7,101078.66972477065,19.563799694189626,3394.7,5.949503058103976
243,8,101078.42688048874,19.56231386025203,5188.6,5.6221458571974035
243,9,101138.63295140261,16.182338996444116,4705.5,5.442789411299882
243,10,101037.26601941748,12.485242718446624,6043.7,5.908077669902912
243,11,100864.79914529914,7.959658119658142,5863.7,6.513162393162393
243,12,101122.77841125047,5.883504370961634,5468.8,7.095667046750285
244,1,101161.87429854096,4.217508417508441,5558.5,6.892517770295548
244,2,101187.26753670473,5.635522022838523,4509.0,7.536052202283851
244,3,100968.86743408837,7.811399925733405,4761.1,7.051281099145934
244,4,101096.1203239491,10.55800231392212,3235.2,6.328731199382955
244,5,101113.47038853263,14.309769898151664,5162.1,6.227121840814786
244,6,101092.17357310398,18.0495699765442,5669.3,5.948670836591087
244,7,101078.66972477065,19.563799694189626,3394.7,5.949503058103976
244,8,101078.42688048874,19.56231386025203,5188.6,5.6221458571974035
244,9,101138.63295140261,16.182338996444116,4705.5,5.442789411299882
244,10,101037.26601941748,12.485242718446624,6043.7,5.908077669902912
244,11,100864.79914529914,7.959658119658142,5863.7,6.513162393162393
244,12,101122.77841125047,5.883504370961634,5468.8,7.095667046750285
245,1,101161.87429854096,4.217508417508441,5558.5,6.892517770295548
245,2,101187.26753670473,5.635522022838523,4509.0,7.536052202283851
245,3,100968.86743408837,7.811399925733405,4761.1,7.051281099145934
245,4,101096.1203239491,10.55800231392212,3235.2,6.328731199382955
245,5,101113.47038853263,14.309769898151664,5162.1,6.227121840814786
245,6,101092.17357310398,18.0495699765442,5669.3,5.948670836591087
245,7,101078.66972477065,19.563799694189626,3394.7,5.949503058103976
245,8,101078.42688048874,19.56231386025203,5188.6,5.6221458571974035
245,9,101138.63295140261,16.182338996444116,4705.5,5.442789411299882
245,10,101037.26601941748,12.485242718446624,6043.7,5.908077669902912
245,11,100864.79914529914,7.959658119658142,5863.7,6.513162393162393
245,12,101122.77841125047,5.883504370961634,5468.8,7.095667046750285
246,1,101161.87429854096,4.217508417508441,5558.5,6.892517770295548
246,2,101187.26753670473,5.635522022838523,4509.0,7.536052202283851
246,3,100968.86743408837,7.811399925733405,4761.1,7.051281099145934
246,4,101096.1203239491,10.55800231392212,3235.2,6.328731199382955
246,5,101113.47038853263,14.309769898151664,5162.1,6.227121840814786
246,6,101092.17357310398,18.0495699765442,5669.3,5.948670836591087
246,7,101078.66972477065,19.563799694189626,3394.7,5.949503058103976
246,8,101078.42688048874,19.56231386025203,5188.6,5.6221458571974035
246,9,101138.63295140261,16.182338996444116,4705.5,5.442789411299882
246,10,101037.26601941748,12.485242718446624,6043.7,5.908077669902912
246,11,100864.79914529914,7.959658119658142,5863.7,6.513162393162393
246,12,101122.77841125047,5.883504370961634,5468.8,7.095667046750285
247,1,101161.87429854096,4.217508417508441,5558.5,6.892517770295548
247,2,101187.26753670473,5.635522022838523,4509.0,7.536052202283851
247,3,100968.86743408837,7.811399925733405,4761.1,7.051281099145934
247,4,101096.1203239491,10.55800231392212,3235.2,6.328731199382955
247,5,101113.47038853263,14.309769898151664,5162.1,6.227121840814786
247,6,101092.17357310398,18.0495699765442,5669.3,5.948670836591087
247,7,101078.66972477065,19.563799694189626,3394.7,5.949503058103976
247,8,101078.42688048874,19.56231386025203,5188.6,5.6221458571974035
247,9,101138.63295140261,16.182338996444116,4705.5,5.442789411299882
247,10,101037.26601941748,12.485242718446624,6043.7,5.908077669902912
247,11,100864.79914529914,7.959658119658142,5863.7,6.513162393162393
247,12,101122.77841125047,5.883504370961634,5468.8,7.095667046750285
248,1,100910.25344763325,4.6662691017517925,7894.7,6.534364517331346
248,2,100912.39476910503,5.9017981201471414,4781.3,7.359297098487945
248,3,100675.14613392527,7.765112837587887,4713.0,7.002108768035517
248,4,100792.29321834575,10.245589964719741,3686.4,5.97953743629949
248,5,100846.63909774437,13.319022556391001,4719.7,5.878383458646616
248,6,100824.30704441041,16.73629402756511,4463.1,5.699119448698315
248,7,100837.56859756098,18.375266768292708,4400.5,5.775838414634146
248,8,100800.17843289372,18.483669511249055,5661.4,5.359387121799845
248,9,100847.7648878577,15.711755607115258,6121.9,5.184686774941995
248,10,100756.70233091326,12.47019487963319,6067.4,5.470042032862056
248,11,100573.88235294117,8.34668067226893,8246.5,6.190042016806722
248,12,100835.0167847818,6.389593435285365,7179.3,6.810854158895935
249,1,101161.87429854096,4.217508417508441,5558.5,6.892517770295548
249,2,101187.26753670473,5.635522022838523,4509.0,7.536052202283851
249,3,100968.86743408837,7.811399925733405,4761.1,7.051281099145934
249,4,101096.1203239491,10.55800231392212,3235.2,6.328731199382955
249,5,101113.47038853263,14.309769898151664,5162.1,6.227121840814786
249,6,101092.17357310398,18.0495699765442,5669.3,5.948670836591087
249,7,101078.66972477065,19.563799694189626,3394.7,5.949503058103976
249,8,101078.42688048874,19.56231386025203,5188.6,5.6221458571974035
249,9,101138.63295140261,16.182338996444116,4705.5,5.442789411299882
249,10,101037.26601941748,12.485242718446624,6043.7,5.908077669902912
249,11,100864.79914529914,7.959658119658142,5863.7,6.513162393162393
249,12,101122.77841125047,5.883504370961634,5468.8,7.095667046750285
250,1,101161.87429854096,4.217508417508441,5558.5,6.892517770295548
250,2,101187.26753670473,5.635522022838523,4509.0,7.536052202283851
250,3,100968.86743408837,7.811399925733405,4761.1,7.051281099145934
250,4,101096.1203239491,10.55800231392212,3235.2,6.328731199382955
250,5,101113.47038853263,14.309769898151664,5162.1,6.227121840814786
250,6,101092.17357310398,18.0495699765442,5669.3,5.948670836591087
250,7,101078.66972477065,19.563799694189626,3394.7,5.949503058103976
250,8,101078.42688048874,19.56231386025203,5188.6,5.6221458571974035
250,9,101138.63295140261,16.182338996444116,4705.5,5.442789411299882
250,10,101037.26601941748,12.485242718446624,6043.7,5.908077669902912
250,11,100864.79914529914,7.959658119658142,5863.7,6.513162393162393
250,12,101122.77841125047,5.883504370961634,5468.8,7.095667046750285
251,1,100910.25344763325,4.6662691017517925,7894.7,6.534364517331346
251,2,100912.39476910503,5.9017981201471414,4781.3,7.359297098487945
251,3,100675.14613392527,7.765112837587887,4713.0,7.002108768035517
251,4,100792.29321834575,10.245589964719741,3686.4,5.97953743629949
251,5,100846.63909774437,13.319022556391001,4719.7,5.878383458646616
251,6,100824.30704441041,16.73629402756511,4463.1,5.699119448698315
251,7,100837.56859756098,18.375266768292708,4400.5,5.775838414634146
251,8,100800.17843289372,18.483669511249055,5661.4,5.359387121799845
251,9,100847.7648878577,15.711755607115258,6121.9,5.184686774941995
251,10,100756.70233091326,12.47019487963319,6067.4,5.470042032862056
251,11,100573.88235294117,8.34668067226893,8246.5,6.190042016806722
251,12,100835.0167847818,6.389593435285365,7179.3,6.810854158895935
252,1,100837.40658527562,4.781576026637092,4799.3,6.220532741398445
252,2,100801.1934826884,6.168024439918557,3998.0,6.54684317718941
252,3,100511.36904761905,8.632812500000023,4375.4,6.5018973214285705
252,4,100584.02013942681,11.598063516653779,3088.1,5.985321456235477
252,5,100618.60822760477,15.216147635524822,5399.2,5.9918108419838525
252,6,100591.71317829458,19.56554263565894,5341.7,5.727209302325582
252,7,100629.88064155166,21.38168593808283,2948.9,5.848377471092876
252,8,100616.94568452382,20.865066964285738,4583.4,5.358296130952381
252,9,100683.25920245399,17.060122699386525,4830.6,5.269363496932515
252,10,100636.10156548301,13.072088583428814,4985.4,5.283657884688813
252,11,100501.99241786015,8.378096040438102,4247.2,5.658129738837405
252,12,100807.80170813219,6.255625696249558,5697.3,6.06060155959896
253,1,100837.40658527562,4.781576026637092,4799.3,6.220532741398445
253,2,100801.1934826884,6.168024439918557,3998.0,6.54684317718941
253,3,100511.36904761905,8.632812500000023,4375.4,6.5018973214285705
253,4,100584.02013942681,11.598063516653779,3088.1,5.985321456235477
253,5,100618.60822760477,15.216147635524822,5399.2,5.9918108419838525
253,6,100591.71317829458,19.56554263565894,5341.7,5.727209302325582
253,7,100629.88064155166,21.38168593808283,2948.9,5.848377471092876
253,8,100616.94568452382,20.865066964285738,4583.4,5.358296130952381
253,9,100683.25920245399,17.060122699386525,4830.6,5.269363496932515
253,10,100636.10156548301,13.072088583428814,4985.4,5.283657884688813
253,11,100501.99241786015,8.378096040438102,4247.2,5.658129738837405
253,12,100807.80170813219,6.255625696249558,5697.3,6.06060155959896
254,1,100837.40658527562,4.781576026637092,4799.3,6.220532741398445
254,2,100801.1934826884,6.168024439918557,3998.0,6.54684317718941
254,3,100511.36904761905,8.632812500000023,4375.4,6.5018973214285705
254,4,100584.02013942681,11.598063516653779,3088.1,5.985321456235477
254,5,100618.60822760477,15.216147635524822,5399.2,5.9918108419838525
254,6,100591.71317829458,19.56554263565894,5341.7,5.727209302325582
254,7,100629.88064155166,21.38168593808283,2948.9,5.848377471092876
254,8,100616.94568452382,20.865066964285738,4583.4,5.358296130952381
254,9,100683.25920245399,17.060122699386525,4830.6,5.269363496932515
254,10,100636.10156548301,13.072088583428814,4985.4,5.283657884688813
254,11,100501.99241786015,8.378096040438102,4247.2,5.658129738837405
254,12,100807.80170813219,6.255625696249558,5697.3,6.06060155959896
255,1,100169.38589840788,4.718157695223677,6427.9,5.516224412433662
255,2,100128.64674138647,5.706683271066855,4627.5,5.90390203403902
255,3,99836.52692307692,7.8546538461538695,4568.8,5.874153846153846
255,4,99921.57582938389,10.505410742496073,3105.1,5.172985781990521
255,5,99998.78500986194,13.918500986193317,5313.1,5.357909270216962
255,6,99955.48426150122,17.810492332526255,5377.6,4.982728006456821
255,7,100034.53997589393,19.41767778224189,2798.0,5.195660907995179
255,8,100004.65524446302,19.06130380275807,3489.7,4.728834099456749
255,9,100054.9605645496,15.686467413864698,3645.3,4.628476546284766
255,10,99963.64474739374,12.26118684843627,5760.0,4.74186046511628
255,11,99819.18018412977,8.00495396755811,5894.5,5.162428759316089
255,12,100122.87290715372,6.026560121765624,6707.5,5.50958904109589
256,1,100169.38589840788,4.718157695223677,6427.9,5.516224412433662
256,2,100128.64674138647,5.706683271066855,4627.5,5.90390203403902
256,3,99836.52692307692,7.8546538461538695,4568.8,5.874153846153846
256,4,99921.57582938389,10.505410742496073,3105.1,5.172985781990521
256,5,99998.78500986194,13.918500986193317,5313.1,5.357909270216962
256,6,99955.48426150122,17.810492332526255,5377.6,4.982728006456821
256,7,100034.53997589393,19.41767778224189,2798.0,5.195660907995179
256,8,100004.65524446302,19.06130380275807,3489.7,4.728834099456749
256,9,100054.9605645496,15.686467413864698,3645.3,4.628476546284766
256,10,99963.64474739374,12.26118684843627,5760.0,4.74186046511628
256,11,99819.18018412977,8.00495396755811,5894.5,5.162428759316089
256,12,100122.87290715372,6.026560121765624,6707.5,5.50958904109589
257,1,100169.38589840788,4.718157695223677,6427.9,5.516224412433662
257,2,100128.64674138647,5.706683271066855,4627.5,5.90390203403902
257,3,99836.52692307692,7.8546538461538695,4568.8,5.874153846153846
257,4,99921.57582938389,10.505410742496073,3105.1,5.172985781990521
257,5,99998.78500986194,13.918500986193317,5313.1,5.357909270216962
257,6,99955.48426150122,17.810492332526255,5377.6,4.982728006456821
257,7,100034.53997589393,19.41767778224189,2798.0,5.195660907995179
257,8,100004.65524446302,19.06130380275807,3489.7,4.728834099456749
257,9,100054.9605645496,15.686467413864698,3645.3,4.628476546284766
257,10,99963.64474739374,12.26118684843627,5760.0,4.74186046511628
257,11,99819.18018412977,8.00495396755811,5894.5,5.162428759316089
257,12,100122.87290715372,6.026560121765624,6707.5,5.50958904109589
258,1,100169.38589840788,4.718157695223677,6427.9,5.516224412433662
258,2,100128.64674138647,5.706683271066855,4627.5,5.90390203403902
258,3,99836.52692307692,7.8546538461538695,4568.8,5.874153846153846
258,4,99921.57582938389,10.505410742496073,3105.1,5.172985781990521
258,5,99998.78500986194,13.918500986193317,5313.1,5.357909270216962
258,6,99955.48426150122,17.810492332526255,5377.6,4.982728006456821
258,7,100034.53997589393,19.41767778224189,2798.0,5.195660907995179
258,8,100004.65524446302,19.06130380275807,3489.7,4.728834099456749
258,9,100054.9605645496,15.686467413864698,3645.3,4.628476546284766
258,10,99963.64474739374,12.26118684843627,5760.0,4.74186046511628
258,11,99819.18018412977,8.00495396755811,5894.5,5.162428759316089
258,12,100122.87290715372,6.026560121765624,6707.5,5.50958904109589
259,1,101161.87429854096,4.217508417508441,5558.5,6.892517770295548
259,2,101187.26753670473,5.635522022838523,4509.0,7.536052202283851
259,3,100968.86743408837,7.811399925733405,4761.1,7.051281099145934
259,4,101096.1203239491,10.55800231392212,3235.2,6.328731199382955
259,5,101113.47038853263,14.309769898151664,5162.1,6.227121840814786
259,6,101092.17357310398,18.0495699765442,5669.3,5.948670836591087
259,7,101078.66972477065,19.563799694189626,3394.7,5.949503058103976
259,8,101078.42688048874,19.56231386025203,5188.6,5.6221458571974035
259,9,101138.63295140261,16.182338996444116,4705.5,5.442789411299882
259,10,101037.26601941748,12.485242718446624,6043.7,5.908077669902912
259,11,100864.79914529914,7.959658119658142,5863.7,6.513162393162393
259,12,101122.77841125047,5.883504370961634,5468.8,7.095667046750285
260,1,101161.87429854096,4.217508417508441,5558.5,6.892517770295548
260,2,101187.26753670473,5.635522022838523,4509.0,7.536052202283851
260,3,100968.86743408837,7.811399925733405,4761.1,7.051281099145934
260,4,101096.1203239491,10.55800231392212,3235.2,6.328731199382955
260,5,101113.47038853263,14.309769898151664,5162.1,6.227121840814786
260,6,101092.17357310398,18.0495699765442,5669.3,5.948670836591087
260,7,101078.66972477065,19.563799694189626,3394.7,5.949503058103976
260,8,101078.42688048874,19.56231386025203,5188.6,5.6221458571974035
260,9,101138.63295140261,16.182338996444116,4705.5,5.442789411299882
260,10,101037.26601941748,12.485242718446624,6043.7,5.908077669902912
260,11,100864.79914529914,7.959658119658142,5863.7,6.513162393162393
260,12,101122.77841125047,5.883504370961634,5468.8,7.095667046750285
261,1,100910.25344763325,4.6662691017517925,7894.7,6.534364517331346
261,2,100912.39476910503,5.9017981201471414,4781.3,7.359297098487945
261,3,100675.14613392527,7.765112837587887,4713.0,7.002108768035517
261,4,100792.29321834575,10.245589964719741,3686.4,5.97953743629949
261,5,100846.63909774437,13.319022556391001,4719.7,5.878383458646616
261,6,100824.30704441041,16.73629402756511,4463.1,5.699119448698315
261,7,100837.56859756098,18.375266768292708,4400.5,5.775838414634146
261,8,100800.17843289372,18.483669511249055,5661.4,5.359387121799845
261,9,100847.7648878577,15.711755607115258,6121.9,5.184686774941995
261,10,100756.70233091326,12.47019487963319,6067.4,5.470042032862056
261,11,100573.88235294117,8.34668067226893,8246.5,6.190042016806722
261,12,100835.0167847818,6.389593435285365,7179.3,6.810854158895935
262,1,100910.25344763325,4.6662691017517925,7894.7,6.534364517331346
262,2,100912.39476910503,5.9017981201471414,4781.3,7.359297098487945
262,3,100675.14613392527,7.765112837587887,4713.0,7.002108768035517
262,4,100792.29321834575,10.245589964719741,3686.4,5.97953743629949
262,5,100846.63909774437,13.319022556391001,4719.7,5.878383458646616
262,6,100824.30704441041,16.73629402756511,4463.1,5.699119448698315
262,7,100837.56859756098,18.375266768292708,4400.5,5.775838414634146
262,8,100800.17843289372,18.483669511249055,5661.4,5.359387121799845
262,9,100847.7648878577,15.711755607115258,6121.9,5.184686774941995
262,10,100756.70233091326,12.47019487963319,6067.4,5.470042032862056
262,11,100573.88235294117,8.34668067226893,8246.5,6.190042016806722
262,12,100835.0167847818,6.389593435285365,7179.3,6.810854158895935
263,1,100910.25344763325,4.6662691017517925,7894.7,6.534364517331346
263,2,100912.39476910503,5.9017981201471414,4781.3,7.359297098487945
263,3,100675.14613392527,7.765112837587887,4713.0,7.002108768035517
263,4,100792.29321834575,10.245589964719741,3686.4,5.97953743629949
263,5,100846.63909774437,13.319022556391001,4719.7,5.878383458646616
263,6,100824.30704441041,16.73629402756511,4463.1,5.699119448698315
263,7,100837.56859756098,18.375266768292708,4400.5,5.775838414634146
263,8,100800.17843289372,18.483669511249055,5661.4,5.359387121799845
263,9,100847.7648878577,15.711755607115258,6121.9,5.184686774941995
263,10,100756.70233091326,12.47019487963319,6067.4,5.470042032862056
263,11,100573.88235294117,8.34668067226893,8246.5,6.190042016806722
263,12,100835.0167847818,6.389593435285365,7179.3,6.810854158895935
264,1,98148.96756509822,4.6032891731384415,1738.4,5.365280950205573
264,2,98043.33509793541,6.721916357861325,1021.1,5.607676019057703
264,3,97690.29985721085,8.774440742503593,1874.4,5.92574964302713
264,4,97704.26897844423,11.329147141518298,3146.5,5.457731958762886
264,5,97781.4,15.170476190476215,4598.4,5.004619047619048
264,6,97793.50571854798,19.765539532570887,6952.8,4.47672799602188
264,7,97905.45544066963,21.69305760709013,2462.5,4.273658296405711
264,8,97890.59301769489,21.69115255858443,3343.1,4.093974175035868
264,9,97957.59355755567,17.34599715774517,3940.0,4.226480341070583
264,10,97923.18633808906,13.383138780804172,2860.9,4.779853004755728
264,11,97843.53372434017,8.706109481915957,2440.5,4.964565004887586
264,12,98188.60120426123,5.732468735525729,2264.1,5.152339045854562
265,1,98148.96756509822,4.6032891731384415,1738.4,5.365280950205573
265,2,98043.33509793541,6.721916357861325,1021.1,5.607676019057703
265,3,97690.29985721085,8.774440742503593,1874.4,5.92574964302713
265,4,97704.26897844423,11.329147141518298,3146.5,5.457731958762886
265,5,97781.4,15.170476190476215,4598.4,5.004619047619048
265,6,97793.50571854798,19.765539532570887,6952.8,4.47672799602188
265,7,97905.45544066963,21.69305760709013,2462.5,4.273658296405711
265,8,97890.59301769489,21.69115255858443,3343.1,4.093974175035868
265,9,97957.59355755567,17.34599715774517,3940.0,4.226480341070583
265,10,97923.18633808906,13.383138780804172,2860.9,4.779853004755728
265,11,97843.53372434017,8.706109481915957,2440.5,4.964565004887586
265,12,98188.60120426123,5.732468735525729,2264.1,5.152339045854562
266,1,98148.96756509822,4.6032891731384415,1738.4,5.365280950205573
266,2,98043.33509793541,6.721916357861325,1021.1,5.607676019057703
266,3,97690.29985721085,8.774440742503593,1874.4,5.92574964302713
266,4,97704.26897844423,11.329147141518298,3146.5,5.457731958762886
266,5,97781.4,15.170476190476215,4598.4,5.004619047619048
266,6,97793.50571854798,19.765539532570887,6952.8,4.47672799602188
266,7,97905.45544066963,21.69305760709013,2462.5,4.273658296405711
266,8,97890.59301769489,21.69115255858443,3343.1,4.093974175035868
266,9,97957.59355755567,17.34599715774517,3940.0,4.226480341070583
266,10,97923.18633808906,13.383138780804172,2860.9,4.779853004755728
266,11,97843.53372434017,8.706109481915957,2440.5,4.964565004887586
266,12,98188.60120426123,5.732468735525729,2264.1,5.152339045854562
267,1,98148.96756509822,4.6032891731384415,1738.4,5.365280950205573
267,2,98043.33509793541,6.721916357861325,1021.1,5.607676019057703
267,3,97690.29985721085,8.774440742503593,1874.4,5.92574964302713
267,4,97704.26897844423,11.329147141518298,3146.5,5.457731958762886
267,5,97781.4,15.170476190476215,4598.4,5.004619047619048
267,6,97793.50571854798,19.765539532570887,6952.8,4.47672799602188
267,7,97905.45544066963,21.69305760709013,2462.5,4.273658296405711
267,8,97890.59301769489,21.69115255858443,3343.1,4.093974175035868
267,9,97957.59355755567,17.34599715774517,3940.0,4.226480341070583
267,10,97923.18633808906,13.383138780804172,2860.9,4.779853004755728
267,11,97843.53372434017,8.706109481915957,2440.5,4.964565004887586
267,12,98188.60120426123,5.732468735525729,2264.1,5.152339045854562
268,1,98148.96756509822,4.6032891731384415,1738.4,5.365280950205573
268,2,98043.33509793541,6.721916357861325,1021.1,5.607676019057703
268,3,97690.29985721085,8.774440742503593,1874.4,5.92574964302713
268,4,97704.26897844423,11.329147141518298,3146.5,5.457731958762886
268,5,97781.4,15.170476190476215,4598.4,5.004619047619048
268,6,97793.50571854798,19.765539532570887,6952.8,4.47672799602188
268,7,97905.45544066963,21.69305760709013,2462.5,4.273658296405711
268,8,97890.59301769489,21.69115255858443,3343.1,4.093974175035868
268,9,97957.59355755567,17.34599715774517,3940.0,4.226480341070583
268,10,97923.18633808906,13.383138780804172,2860.9,4.779853004755728
268,11,97843.53372434017,8.706109481915957,2440.5,4.964565004887586
268,12,98188.60120426123,5.732468735525729,2264.1,5.152339045854562
269,1,98148.96756509822,4.6032891731384415,1738.4,5.365280950205573
269,2,98043.33509793541,6.721916357861325,1021.1,5.607676019057703
269,3,97690.29985721085,8.774440742503593,1874.4,5.92574964302713
269,4,97704.26897844423,11.329147141518298,3146.5,5.457731958762886
269,5,97781.4,15.170476190476215,4598.4,5.004619047619048
269,6,97793.50571854798,19.765539532570887,6952.8,4.47672799602188
269,7,97905.45544066963,21.69305760709013,2462.5,4.273658296405711
269,8,97890.59301769489,21.69115255858443,3343.1,4.093974175035868
269,9,97957.59355755567,17.34599715774517,3940.0,4.226480341070583
269,10,97923.18633808906,13.383138780804172,2860.9,4.779853004755728
269,11,97843.53372434017,8.706109481915957,2440.5,4.964565004887586
269,12,98188.60120426123,5.732468735525729,2264.1,5.152339045854562
270,1,97858.356982823,5.51120238984319,8833.0,4.677296489917849
270,2,97736.06644790812,7.231542247744075,7790.0,4.690032813781788
270,3,97411.7292377702,9.235987864998126,6928.8,5.0412210845657945
270,4,97329.50038729666,11.853756777691736,7720.0,4.7058869093725795
270,5,97490.41197046249,15.157209483093688,6313.5,4.9
270,6,97494.36470588236,19.099490196078456,7326.3,4.440549019607843
270,7,97603.82308276386,20.748443432042546,4859.0,4.3690205011389525
270,8,97568.06719516798,20.956587391468503,4683.9,4.19278973197433
270,9,97601.65289256198,17.790791027154686,6268.0,4.210901219992129
270,10,97512.72409778813,14.450834303453652,5439.4,3.922778424524641
270,11,97507.10251954822,9.311337966985255,8136.7,4.3640747176368375
270,12,97856.71987837325,7.118966172557985,8680.1,4.501064234131508
271,1,101543.01136363637,6.182386363636385,6497.8,3.5791083916083917
271,2,101417.63445978105,7.909090909090931,4754.6,3.7757258448357924
271,3,101042.85171102661,10.34816223067176,5200.5,4.405703422053231
271,4,100938.24341821321,13.091842900302138,5918.6,4.315321536469573
271,5,101054.65321563682,16.312274064733103,6784.6,4.325725094577553
271,6,101005.90987124463,20.387811158798307,6739.2,4.019227467811159
271,7,101083.62046908315,22.17347547974416,3093.6,4.101151385927506
271,8,101035.0365277181,22.113794585302987,2997.9,3.868328319724968
271,9,101118.5598559856,18.640909090909112,6155.8,3.5757875787578755
271,10,101065.69068379991,15.057962368058764,6559.9,3.3295089490592016
271,11,101060.46632124353,9.652279792746137,7099.2,3.308860103626943
271,12,101410.61383417316,7.755794777828698,7064.4,3.506871278057719
272,1,101543.01136363637,6.182386363636385,6497.8,3.5791083916083917
272,2,101417.63445978105,7.909090909090931,4754.6,3.7757258448357924
272,3,101042.85171102661,10.34816223067176,5200.5,4.405703422053231
272,4,100938.24341821321,13.091842900302138,5918.6,4.315321536469573
272,5,101054.65321563682,16.312274064733103,6784.6,4.325725094577553
272,6,101005.90987124463,20.387811158798307,6739.2,4.019227467811159
272,7,101083.62046908315,22.17347547974416,3093.6,4.101151385927506
272,8,101035.0365277181,22.113794585302987,2997.9,3.868328319724968
272,9,101118.5598559856,18.640909090909112,6155.8,3.5757875787578755
272,10,101065.69068379991,15.057962368058764,6559.9,3.3295089490592016
272,11,101060.46632124353,9.652279792746137,7099.2,3.308860103626943
272,12,101410.61383417316,7.755794777828698,7064.4,3.506871278057719
273,1,101543.01136363637,6.182386363636385,6497.8,3.5791083916083917
273,2,101417.63445978105,7.909090909090931,4754.6,3.7757258448357924
273,3,101042.85171102661,10.34816223067176,5200.5,4.405703422053231
273,4,100938.24341821321,13.091842900302138,5918.6,4.315321536469573
273,5,101054.65321563682,16.312274064733103,6784.6,4.325725094577553
273,6,101005.90987124463,20.387811158798307,6739.2,4.019227467811159
273,7,101083.62046908315,22.17347547974416,3093.6,4.101151385927506
273,8,101035.0365277181,22.113794585302987,2997.9,3.868328319724968
273,9,101118.5598559856,18.640909090909112,6155.8,3.5757875787578755
273,10,101065.69068379991,15.057962368058764,6559.9,3.3295089490592016
273,11,101060.46632124353,9.652279792746137,7099.2,3.308860103626943
273,12,101410.61383417316,7.755794777828698,7064.4,3.506871278057719
274,1,101543.01136363637,6.182386363636385,6497.8,3.5791083916083917
274,2,101417.63445978105,7.909090909090931,4754.6,3.7757258448357924
274,3,101042.85171102661,10.34816223067176,5200.5,4.405703422053231
274,4,100938.24341821321,13.091842900302138,5918.6,4.315321536469573
274,5,101054.65321563682,16.312274064733103,6784.6,4.325725094577553
274,6,101005.90987124463,20.387811158798307,6739.2,4.019227467811159
274,7,101083.62046908315,22.17347547974416,3093.6,4.101151385927506
274,8,101035.0365277181,22.113794585302987,2997.9,3.868328319724968
274,9,101118.5598559856,18.640909090909112,6155.8,3.5757875787578755
274,10,101065.69068379991,15.057962368058764,6559.9,3.3295089490592016
274,11,101060.46632124353,9.652279792746137,7099.2,3.308860103626943
274,12,101410.61383417316,7.755794777828698,7064.4,3.506871278057719
275,1,97858.356982823,5.51120238984319,8833.0,4.677296489917849
275,2,97736.06644790812,7.231542247744075,7790.0,4.690032813781788
275,3,97411.7292377702,9.235987864998126,6928.8,5.0412210845657945
275,4,97329.50038729666,11.853756777691736,7720.0,4.7058869093725795
275,5,97490.41197046249,15.157209483093688,6313.5,4.9
275,6,97494.36470588236,19.099490196078456,7326.3,4.440549019607843
275,7,97603.82308276386,20.748443432042546,4859.0,4.3690205011389525
275,8,97568.06719516798,20.956587391468503,4683.9,4.19278973197433
275,9,97601.65289256198,17.790791027154686,6268.0,4.210901219992129
275,10,97512.72409778813,14.450834303453652,5439.4,3.922778424524641
275,11,97507.10251954822,9.311337966985255,8136.7,4.3640747176368375
275,12,97856.71987837325,7.118966172557985,8680.1,4.501064234131508
276,1,97276.62621359223,4.908535598705524,7548.1,3.7808252427184468
276,2,97148.76950512706,6.981720909496233,6310.8,4.049175211769951
276,3,96834.11384739605,9.081186919660903,5646.7,4.323859507468712
276,4,96753.59523809524,11.597817460317483,6923.5,3.958849206349206
276,5,96893.69863013699,14.761956947162451,8891.5,3.8706849315068497
276,6,96906.80241935483,19.107056451612927,6696.8,3.4059677419354837
276,7,97022.89106671693,20.876064832265385,4975.4,3.5687900490011306
276,8,96990.85346843336,20.942478565861286,5074.9,3.382501948558067
276,9,97030.42147117296,17.37626242544734,6373.6,3.3058051689860837
276,10,96907.69904126719,13.903626511046292,5771.0,3.3358899541475617
276,11,96929.93412384717,8.722002635046136,7696.1,3.3493631971892843
276,12,97282.32189973615,6.538673200150796,8228.6,3.6212966453071993
277,1,97858.356982823,5.51120238984319,8833.0,4.677296489917849
277,2,97736.06644790812,7.231542247744075,7790.0,4.690032813781788
277,3,97411.7292377702,9.235987864998126,6928.8,5.0412210845657945
277,4,97329.50038729666,11.853756777691736,7720.0,4.7058869093725795
277,5,97490.41197046249,15.157209483093688,6313.5,4.9
277,6,97494.36470588236,19.099490196078456,7326.3,4.440549019607843
277,7,97603.82308276386,20.748443432042546,4859.0,4.3690205011389525
277,8,97568.06719516798,20.956587391468503,4683.9,4.19278973197433
277,9,97601.65289256198,17.790791027154686,6268.0,4.210901219992129
277,10,97512.72409778813,14.450834303453652,5439.4,3.922778424524641
277,11,97507.10251954822,9.311337966985255,8136.7,4.3640747176368375
277,12,97856.71987837325,7.118966172557985,8680.1,4.501064234131508
278,1,101514.96517820565,8.968414584186831,2886.9,8.136911102007375
278,2,101495.3217158177,10.511974977658646,2296.5,7.589276139410187
278,3,101087.86810452095,12.085275819162197,4103.3,8.17685607631688
278,4,101013.13381787088,14.444463445917084,4899.5,7.626977340743908
278,5,101068.73042742276,18.27359289039359,2860.7,7.911045281421921
278,6,101043.85934065934,23.280527472527496,1634.3,6.769978021978022
278,7,101087.08071936428,25.745462149728173,1385.6,7.576369719782517
278,8,101080.8502538071,25.55833333333336,1188.2,6.9661590524534684
278,9,101213.05131218175,21.311006658832767,3422.2,6.548256952604779
278,10,101217.30127956573,17.36731291198141,6735.9,5.854090732842187
278,11,101198.78813923507,12.750322303394952,2713.1,7.271293510958315
278,12,101573.10108739429,10.088763592428537,2085.4,6.493918646798228
279,1,100144.05385190726,3.239977561705334,4176.4,5.301757666417352
279,2,100150.89643880475,4.841301678264451,2979.4,5.468276708964388
279,3,99847.78781038374,7.803950338600474,2861.2,5.42234762979684
279,4,99850.18752391887,11.372062763107563,3925.6,5.037428243398392
279,5,99843.67686943045,15.795738086013197,6537.0,4.913134444013948
279,6,99839.51402607665,20.443421572501013,6829.6,4.626037139470565
279,7,99865.78649566202,21.512561297623563,4700.7,4.532214258770275
279,8,99879.78911042945,21.205253067484687,5450.5,4.103565950920245
279,9,99998.49550605705,16.57190308714344,4060.1,4.186166471277843
279,10,100043.56756756757,11.95617760617763,3927.5,4.051621621621622
279,11,99885.31088082901,6.848445595854945,3460.9,4.504922279792746
279,12,100184.91962616822,4.399663551401892,2833.5,4.874056074766355
280,1,100144.05385190726,3.239977561705334,4176.4,5.301757666417352
280,2,100150.89643880475,4.841301678264451,2979.4,5.468276708964388
280,3,99847.78781038374,7.803950338600474,2861.2,5.42234762979684
280,4,99850.18752391887,11.372062763107563,3925.6,5.037428243398392
280,5,99843.67686943045,15.795738086013197,6537.0,4.913134444013948
280,6,99839.51402607665,20.443421572501013,6829.6,4.626037139470565
280,7,99865.78649566202,21.512561297623563,4700.7,4.532214258770275
280,8,99879.78911042945,21.205253067484687,5450.5,4.103565950920245
280,9,99998.49550605705,16.57190308714344,4060.1,4.186166471277843
280,10,100043.56756756757,11.95617760617763,3927.5,4.051621621621622
280,11,99885.31088082901,6.848445595854945,3460.9,4.504922279792746
280,12,100184.91962616822,4.399663551401892,2833.5,4.874056074766355
281,1,100144.05385190726,3.239977561705334,4176.4,5.301757666417352
281,2,100150.89643880475,4.841301678264451,2979.4,5.468276708964388
281,3,99847.78781038374,7.803950338600474,2861.2,5.42234762979684
281,4,99850.18752391887,11.372062763107563,3925.6,5.037428243398392
281,5,99843.67686943045,15.795738086013197,6537.0,4.913134444013948
281,6,99839.51402607665,20.443421572501013,6829.6,4.626037139470565
281,7,99865.78649566202,21.512561297623563,4700.7,4.532214258770275
281,8,99879.78911042945,21.205253067484687,5450.5,4.103565950920245
281,9,99998.49550605705,16.57190308714344,4060.1,4.186166471277843
281,10,100043.56756756757,11.95617760617763,3927.5,4.051621621621622
281,11,99885.31088082901,6.848445595854945,3460.9,4.504922279792746
281,12,100184.91962616822,4.399663551401892,2833.5,4.874056074766355
282,1,98722.97347777363,2.9088905491221744,4782.2,5.070638774747852
282,2,98717.63243683781,4.773431132844358,3432.2,5.243317033414833
282,3,98399.88428518103,7.265285554311333,3503.7,5.034565136244868
282,4,98392.29361370717,10.669119937694726,5164.4,4.741588785046729
282,5,98413.55802374569,14.940674071237096,6087.9,4.612600536193029
282,6,98445.16229956981,19.931443097379766,6448.8,4.378646851779429
282,7,98483.80737396539,21.3145974416855,4482.1,4.380173062452972
282,8,98499.44611906556,20.878711379050515,5988.7,3.97189148455162
282,9,98600.37816764132,16.19863547758287,4838.3,3.9104093567251463
282,10,98623.20610687023,11.780725190839718,4550.7,3.968549618320611
282,11,98487.32226479353,6.575862068965539,3683.7,4.370072371221796
282,12,98788.92469089547,3.9974522292993857,3860.7,4.743799175721244
283,1,98722.97347777363,2.9088905491221744,4782.2,5.070638774747852
283,2,98717.63243683781,4.773431132844358,3432.2,5.243317033414833
283,3,98399.88428518103,7.265285554311333,3503.7,5.034565136244868
283,4,98392.29361370717,10.669119937694726,5164.4,4.741588785046729
283,5,98413.55802374569,14.940674071237096,6087.9,4.612600536193029
283,6,98445.16229956981,19.931443097379766,6448.8,4.378646851779429
283,7,98483.80737396539,21.3145974416855,4482.1,4.380173062452972
283,8,98499.44611906556,20.878711379050515,5988.7,3.97189148455162
283,9,98600.37816764132,16.19863547758287,4838.3,3.9104093567251463
283,10,98623.20610687023,11.780725190839718,4550.7,3.968549618320611
283,11,98487.32226479353,6.575862068965539,3683.7,4.370072371221796
283,12,98788.92469089547,3.9974522292993857,3860.7,4.743799175721244
284,1,98722.97347777363,2.9088905491221744,4782.2,5.070638774747852
284,2,98717.63243683781,4.773431132844358,3432.2,5.243317033414833
284,3,98399.88428518103,7.265285554311333,3503.7,5.034565136244868
284,4,98392.29361370717,10.669119937694726,5164.4,4.741588785046729
284,5,98413.55802374569,14.940674071237096,6087.9,4.612600536193029
284,6,98445.16229956981,19.931443097379766,6448.8,4.378646851779429
284,7,98483.80737396539,21.3145974416855,4482.1,4.380173062452972
284,8,98499.44611906556,20.878711379050515,5988.7,3.97189148455162
284,9,98600.37816764132,16.19863547758287,4838.3,3.9104093567251463
284,10,98623.20610687023,11.780725190839718,4550.7,3.968549618320611
284,11,98487.32226479353,6.575862068965539,3683.7,4.370072371221796
284,12,98788.92469089547,3.9974522292993857,3860.7,4.743799175721244
285,1,99207.86214522668,4.299631404349452,5032.3,5.668669369701438
285,2,99139.03238866397,6.553279352226743,3322.9,5.803562753036437
285,3,98799.78912319645,9.21361450240476,5247.5,5.785312615612283
285,4,98763.87950882579,12.500038372985442,5480.0,5.91615502686109
285,5,98781.10812883436,16.20563650306751,7260.7,5.651878834355828
285,6,98806.03780864198,21.33109567901237,7052.7,5.412345679012345
285,7,98857.34549516009,23.280789277736435,3881.1,5.428704393149665
285,8,98856.96235557212,22.900484532240053,5307.1,5.230860976518822
285,9,98963.25181505541,18.41146350783342,6204.0,4.942911730989683
285,10,98993.84382107657,13.806444275966664,8537.5,5.326042456406369
285,11,98921.86947368422,8.243284210526339,5186.5,5.020378947368421
285,12,99266.41243983709,5.347982228804169,5744.0,5.2262125138837465
286,1,99207.86214522668,4.299631404349452,5032.3,5.668669369701438
286,2,99139.03238866397,6.553279352226743,3322.9,5.803562753036437
286,3,98799.78912319645,9.21361450240476,5247.5,5.785312615612283
286,4,98763.87950882579,12.500038372985442,5480.0,5.91615502686109
286,5,98781.10812883436,16.20563650306751,7260.7,5.651878834355828
286,6,98806.03780864198,21.33109567901237,7052.7,5.412345679012345
286,7,98857.34549516009,23.280789277736435,3881.1,5.428704393149665
286,8,98856.96235557212,22.900484532240053,5307.1,5.230860976518822
286,9,98963.25181505541,18.41146350783342,6204.0,4.942911730989683
286,10,98993.84382107657,13.806444275966664,8537.5,5.326042456406369
286,11,98921.86947368422,8.243284210526339,5186.5,5.020378947368421
286,12,99266.41243983709,5.347982228804169,5744.0,5.2262125138837465
287,1,99207.86214522668,4.299631404349452,5032.3,5.668669369701438
287,2,99139.03238866397,6.553279352226743,3322.9,5.803562753036437
287,3,98799.78912319645,9.21361450240476,5247.5,5.785312615612283
287,4,98763.87950882579,12.500038372985442,5480.0,5.91615502686109
287,5,98781.10812883436,16.20563650306751,7260.7,5.651878834355828
287,6,98806.03780864198,21.33109567901237,7052.7,5.412345679012345
287,7,98857.34549516009,23.280789277736435,3881.1,5.428704393149665
287,8,98856.96235557212,22.900484532240053,5307.1,5.230860976518822
287,9,98963.25181505541,18.41146350783342,6204.0,4.942911730989683
287,10,98993.84382107657,13.806444275966664,8537.5,5.326042456406369
287,11,98921.86947368422,8.243284210526339,5186.5,5.020378947368421
287,12,99266.41243983709,5.347982228804169,5744.0,5.2262125138837465
288,1,99207.86214522668,4.299631404349452,5032.3,5.668669369701438
288,2,99139.03238866397,6.553279352226743,3322.9,5.803562753036437
288,3,98799.78912319645,9.21361450240476,5247.5,5.785312615612283
288,4,98763.87950882579,12.500038372985442,5480.0,5.91615502686109
288,5,98781.10812883436,16.20563650306751,7260.7,5.651878834355828
288,6,98806.03780864198,21.33109567901237,7052.7,5.412345679012345
288,7,98857.34549516009,23.280789277736435,3881.1,5.428704393149665
288,8,98856.96235557212,22.900484532240053,5307.1,5.230860976518822
288,9,98963.25181505541,18.41146350783342,6204.0,4.942911730989683
288,10,98993.84382107657,13.806444275966664,8537.5,5.326042456406369
288,11,98921.86947368422,8.243284210526339,5186.5,5.020378947368421
288,12,99266.41243983709,5.347982228804169,5744.0,5.2262125138837465
289,1,99207.86214522668,4.299631404349452,5032.3,5.668669369701438
289,2,99139.03238866397,6.553279352226743,3322.9,5.803562753036437
289,3,98799.78912319645,9.21361450240476,5247.5,5.785312615612283
289,4,98763.87950882579,12.500038372985442,5480.0,5.91615502686109
289,5,98781.10812883436,16.20563650306751,7260.7,5.651878834355828
289,6,98806.03780864198,21.33109567901237,7052.7,5.412345679012345
289,7,98857.34549516009,23.280789277736435,3881.1,5.428704393149665
289,8,98856.96235557212,22.900484532240053,5307.1,5.230860976518822
289,9,98963.25181505541,18.41146350783342,6204.0,4.942911730989683
289,10,98993.84382107657,13.806444275966664,8537.5,5.326042456406369
289,11,98921.86947368422,8.243284210526339,5186.5,5.020378947368421
289,12,99266.41243983709,5.347982228804169,5744.0,5.2262125138837465
290,1,97743.59433258761,2.624011931394504,6387.3,6.725354213273677
290,2,97764.43618339529,4.502106567534099,5055.9,6.998595621643948
290,3,97494.76951672863,6.997732342007457,5185.6,6.555985130111524
290,4,97545.37634408602,10.219623655914,4457.6,5.770890937019969
290,5,97583.8031496063,14.189881889763804,6149.2,5.405590551181103
290,6,97620.60769230769,18.808615384615408,5805.0,5.138423076923077
290,7,97660.37411148522,20.3389450056117,4384.4,5.259184436962214
290,8,97663.021609538,20.12932190760062,5199.1,4.916132637853949
290,9,97724.63957055214,15.72285276073622,6090.5,5.13263036809816
290,10,97704.89647239263,11.578144171779165,5386.7,5.63696319018405
290,11,97512.1520106054,6.3730004418913175,5453.7,6.213610251878038
290,12,97791.33433283359,4.161469265367339,5939.1,6.572863568215893
291,1,99335.51243406179,3.2539186134137377,4471.7,5.2310474755086664
291,2,99270.80474375264,5.011393477340133,3100.7,5.397585768742059
291,3,98970.05679666792,7.765884134797448,4517.6,5.338546005301023
291,4,98969.6460521198,11.03158304161807,4090.6,5.101555814858032
291,5,98987.54906054279,14.993569937369543,5194.7,5.051899791231732
291,6,99004.87148594378,20.10240963855424,5555.6,4.75425702811245
291,7,99065.11618900078,21.994268009295144,3825.4,4.984779240898528
291,8,99059.2272379495,21.576396327467506,3795.9,4.612127008416221
291,9,99152.72549019608,16.8898823529412,5449.0,4.562588235294117
291,10,99159.72200772201,12.229305019305043,6709.7,4.476679536679537
291,11,99055.95698924731,6.852344086021527,4052.0,4.531311827956989
291,12,99366.08216051731,4.336325599087128,5024.8,4.644237352605554
292,1,98722.97347777363,2.9088905491221744,4782.2,5.070638774747852
292,2,98717.63243683781,4.773431132844358,3432.2,5.243317033414833
292,3,98399.88428518103,7.265285554311333,3503.7,5.034565136244868
292,4,98392.29361370717,10.669119937694726,5164.4,4.741588785046729
292,5,98413.55802374569,14.940674071237096,6087.9,4.612600536193029
292,6,98445.16229956981,19.931443097379766,6448.8,4.378646851779429
292,7,98483.80737396539,21.3145974416855,4482.1,4.380173062452972
292,8,98499.44611906556,20.878711379050515,5988.7,3.97189148455162
292,9,98600.37816764132,16.19863547758287,4838.3,3.9104093567251463
292,10,98623.20610687023,11.780725190839718,4550.7,3.968549618320611
292,11,98487.32226479353,6.575862068965539,3683.7,4.370072371221796
292,12,98788.92469089547,3.9974522292993857,3860.7,4.743799175721244
293,1,99335.51243406179,3.2539186134137377,4471.7,5.2310474755086664
293,2,99270.80474375264,5.011393477340133,3100.7,5.397585768742059
293,3,98970.05679666792,7.765884134797448,4517.6,5.338546005301023
293,4,98969.6460521198,11.03158304161807,4090.6,5.101555814858032
293,5,98987.54906054279,14.993569937369543,5194.7,5.051899791231732
293,6,99004.87148594378,20.10240963855424,5555.6,4.75425702811245
293,7,99065.11618900078,21.994268009295144,3825.4,4.984779240898528
293,8,99059.2272379495,21.576396327467506,3795.9,4.612127008416221
293,9,99152.72549019608,16.8898823529412,5449.0,4.562588235294117
293,10,99159.72200772201,12.229305019305043,6709.7,4.476679536679537
293,11,99055.95698924731,6.852344086021527,4052.0,4.531311827956989
293,12,99366.08216051731,4.336325599087128,5024.8,4.644237352605554
294,1,98722.97347777363,2.9088905491221744,4782.2,5.070638774747852
294,2,98717.63243683781,4.773431132844358,3432.2,5.243317033414833
294,3,98399.88428518103,7.265285554311333,3503.7,5.034565136244868
294,4,98392.29361370717,10.669119937694726,5164.4,4.741588785046729
294,5,98413.55802374569,14.940674071237096,6087.9,4.612600536193029
294,6,98445.16229956981,19.931443097379766,6448.8,4.378646851779429
294,7,98483.80737396539,21.3145974416855,4482.1,4.380173062452972
294,8,98499.44611906556,20.878711379050515,5988.7,3.97189148455162
294,9,98600.37816764132,16.19863547758287,4838.3,3.9104093567251463
294,10,98623.20610687023,11.780725190839718,4550.7,3.968549618320611
294,11,98487.32226479353,6.575862068965539,3683.7,4.370072371221796
294,12,98788.92469089547,3.9974522292993857,3860.7,4.743799175721244
295,1,99207.86214522668,4.299631404349452,5032.3,5.668669369701438
295,2,99139.03238866397,6.553279352226743,3322.9,5.803562753036437
295,3,98799.78912319645,9.21361450240476,5247.5,5.785312615612283
295,4,98763.87950882579,12.500038372985442,5480.0,5.91615502686109
295,5,98781.10812883436,16.20563650306751,7260.7,5.651878834355828
295,6,98806.03780864198,21.33109567901237,7052.7,5.412345679012345
295,7,98857.34549516009,23.280789277736435,3881.1,5.428704393149665
295,8,98856.96235557212,22.900484532240053,5307.1,5.230860976518822
295,9,98963.25181505541,18.41146350783342,6204.0,4.942911730989683
295,10,98993.84382107657,13.806444275966664,8537.5,5.326042456406369
295,11,98921.86947368422,8.243284210526339,5186.5,5.020378947368421
295,12,99266.41243983709,5.347982228804169,5744.0,5.2262125138837465
296,1,99335.51243406179,3.2539186134137377,4471.7,5.2310474755086664
296,2,99270.80474375264,5.011393477340133,3100.7,5.397585768742059
296,3,98970.05679666792,7.765884134797448,4517.6,5.338546005301023
296,4,98969.6460521198,11.03158304161807,4090.6,5.101555814858032
296,5,98987.54906054279,14.993569937369543,5194.7,5.051899791231732
296,6,99004.87148594378,20.10240963855424,5555.6,4.75425702811245
296,7,99065.11618900078,21.994268009295144,3825.4,4.984779240898528
296,8,99059.2272379495,21.576396327467506,3795.9,4.612127008416221
296,9,99152.72549019608,16.8898823529412,5449.0,4.562588235294117
296,10,99159.72200772201,12.229305019305043,6709.7,4.476679536679537
296,11,99055.95698924731,6.852344086021527,4052.0,4.531311827956989
296,12,99366.08216051731,4.336325599087128,5024.8,4.644237352605554
297,1,99335.51243406179,3.2539186134137377,4471.7,5.2310474755086664
297,2,99270.80474375264,5.011393477340133,3100.7,5.397585768742059
297,3,98970.05679666792,7.765884134797448,4517.6,5.338546005301023
297,4,98969.6460521198,11.03158304161807,4090.6,5.101555814858032
297,5,98987.54906054279,14.993569937369543,5194.7,5.051899791231732
297,6,99004.87148594378,20.10240963855424,5555.6,4.75425702811245
297,7,99065.11618900078,21.994268009295144,3825.4,4.984779240898528
297,8,99059.2272379495,21.576396327467506,3795.9,4.612127008416221
297,9,99152.72549019608,16.8898823529412,5449.0,4.562588235294117
297,10,99159.72200772201,12.229305019305043,6709.7,4.476679536679537
297,11,99055.95698924731,6.852344086021527,4052.0,4.531311827956989
297,12,99366.08216051731,4.336325599087128,5024.8,4.644237352605554
298,1,99335.51243406179,3.2539186134137377,4471.7,5.2310474755086664
298,2,99270.80474375264,5.011393477340133,3100.7,5.397585768742059
298,3,98970.05679666792,7.765884134797448,4517.6,5.338546005301023
298,4,98969.6460521198,11.03158304161807,4090.6,5.101555814858032
298,5,98987.54906054279,14.993569937369543,5194.7,5.051899791231732
298,6,99004.87148594378,20.10240963855424,5555.6,4.75425702811245
298,7,99065.11618900078,21.994268009295144,3825.4,4.984779240898528
298,8,99059.2272379495,21.576396327467506,3795.9,4.612127008416221
298,9,99152.72549019608,16.8898823529412,5449.0,4.562588235294117
298,10,99159.72200772201,12.229305019305043,6709.7,4.476679536679537
298,11,99055.95698924731,6.852344086021527,4052.0,4.531311827956989
298,12,99366.08216051731,4.336325599087128,5024.8,4.644237352605554
299,1,99335.51243406179,3.2539186134137377,4471.7,5.2310474755086664
299,2,99270.80474375264,5.011393477340133,3100.7,5.397585768742059
299,3,98970.05679666792,7.765884134797448,4517.6,5.338546005301023
299,4,98969.6460521198,11.03158304161807,4090.6,5.101555814858032
299,5,98987.54906054279,14.993569937369543,5194.7,5.051899791231732
299,6,99004.87148594378,20.10240963855424,5555.6,4.75425702811245
299,7,99065.11618900078,21.994268009295144,3825.4,4.984779240898528
299,8,99059.2272379495,21.576396327467506,3795.9,4.612127008416221
299,9,99152.72549019608,16.8898823529412,5449.0,4.562588235294117
299,10,99159.72200772201,12.229305019305043,6709.7,4.476679536679537
299,11,99055.95698924731,6.852344086021527,4052.0,4.531311827956989
299,12,99366.08216051731,4.336325599087128,5024.8,4.644237352605554
300,1,99335.51243406179,3.2539186134137377,4471.7,5.2310474755086664
300,2,99270.80474375264,5.011393477340133,3100.7,5.397585768742059
300,3,98970.05679666792,7.765884134797448,4517.6,5.338546005301023
300,4,98969.6460521198,11.03158304161807,4090.6,5.101555814858032
300,5,98987.54906054279,14.993569937369543,5194.7,5.051899791231732
300,6,99004.87148594378,20.10240963855424,5555.6,4.75425702811245
300,7,99065.11618900078,21.994268009295144,3825.4,4.984779240898528
300,8,99059.2272379495,21.576396327467506,3795.9,4.612127008416221
300,9,99152.72549019608,16.8898823529412,5449.0,4.562588235294117
300,10,99159.72200772201,12.229305019305043,6709.7,4.476679536679537
300,11,99055.95698924731,6.852344086021527,4052.0,4.531311827956989
300,12,99366.08216051731,4.336325599087128,5024.8,4.644237352605554
301,1,100169.38589840788,4.718157695223677,6427.9,5.516224412433662
301,2,100128.64674138647,5.706683271066855,4627.5,5.90390203403902
301,3,99836.52692307692,7.8546538461538695,4568.8,5.874153846153846
301,4,99921.57582938389,10.505410742496073,3105.1,5.172985781990521
301,5,99998.78500986194,13.918500986193317,5313.1,5.357909270216962
301,6,99955.48426150122,17.810492332526255,5377.6,4.982728006456821
301,7,100034.53997589393,19.41767778224189,2798.0,5.195660907995179
301,8,100004.65524446302,19.06130380275807,3489.7,4.728834099456749
301,9,100054.9605645496,15.686467413864698,3645.3,4.628476546284766
301,10,99963.64474739374,12.26118684843627,5760.0,4.74186046511628
301,11,99819.18018412977,8.00495396755811,5894.5,5.162428759316089
301,12,100122.87290715372,6.026560121765624,6707.5,5.50958904109589
302,1,100169.38589840788,4.718157695223677,6427.9,5.516224412433662
302,2,100128.64674138647,5.706683271066855,4627.5,5.90390203403902
302,3,99836.52692307692,7.8546538461538695,4568.8,5.874153846153846
302,4,99921.57582938389,10.505410742496073,3105.1,5.172985781990521
302,5,99998.78500986194,13.918500986193317,5313.1,5.357909270216962
302,6,99955.48426150122,17.810492332526255,5377.6,4.982728006456821
302,7,100034.53997589393,19.41767778224189,2798.0,5.195660907995179
302,8,100004.65524446302,19.06130380275807,3489.7,4.728834099456749
302,9,100054.9605645496,15.686467413864698,3645.3,4.628476546284766
302,10,99963.64474739374,12.26118684843627,5760.0,4.74186046511628
302,11,99819.18018412977,8.00495396755811,5894.5,5.162428759316089
302,12,100122.87290715372,6.026560121765624,6707.5,5.50958904109589
303,1,99207.86214522668,4.299631404349452,5032.3,5.668669369701438
303,2,99139.03238866397,6.553279352226743,3322.9,5.803562753036437
303,3,98799.78912319645,9.21361450240476,5247.5,5.785312615612283
303,4,98763.87950882579,12.500038372985442,5480.0,5.91615502686109
303,5,98781.10812883436,16.20563650306751,7260.7,5.651878834355828
303,6,98806.03780864198,21.33109567901237,7052.7,5.412345679012345
303,7,98857.34549516009,23.280789277736435,3881.1,5.428704393149665
303,8,98856.96235557212,22.900484532240053,5307.1,5.230860976518822
303,9,98963.25181505541,18.41146350783342,6204.0,4.942911730989683
303,10,98993.84382107657,13.806444275966664,8537.5,5.326042456406369
303,11,98921.86947368422,8.243284210526339,5186.5,5.020378947368421
303,12,99266.41243983709,5.347982228804169,5744.0,5.2262125138837465
304,1,91653.99902104748,1.9264317180616972,3681.1,4.984924131179638
304,2,91542.73058884835,4.265711307972926,3499.7,5.203804064616988
304,3,91311.61042944786,7.0618098159509435,3676.5,5.941513292433538
304,4,91463.75525210085,10.995010504201703,3178.6,5.946901260504202
304,5,91477.40462117142,13.960182697474501,5025.9,5.228210639441161
304,6,91687.55157437568,18.735613463626517,4188.6,5.123452768729641
304,7,91725.95560368165,21.586464537087192,2340.1,5.357227937195452
304,8,91794.95638789123,20.968650590046202,2995.7,5.120061570035916
304,9,91787.76197998947,15.914218009478697,3622.1,4.686940494997367
304,10,91750.78627968338,11.51039577836414,5498.3,4.72401055408971
304,11,91681.01557632399,6.313271028037406,4052.1,4.800436137071651
304,12,91935.58687852383,2.6131727319323654,3740.3,4.285340850845721
305,1,99207.86214522668,4.299631404349452,5032.3,5.668669369701438
305,2,99139.03238866397,6.553279352226743,3322.9,5.803562753036437
305,3,98799.78912319645,9.21361450240476,5247.5,5.785312615612283
305,4,98763.87950882579,12.500038372985442,5480.0,5.91615502686109
305,5,98781.10812883436,16.20563650306751,7260.7,5.651878834355828
305,6,98806.03780864198,21.33109567901237,7052.7,5.412345679012345
305,7,98857.34549516009,23.280789277736435,3881.1,5.428704393149665
305,8,98856.96235557212,22.900484532240053,5307.1,5.230860976518822
305,9,98963.25181505541,18.41146350783342,6204.0,4.942911730989683
305,10,98993.84382107657,13.806444275966664,8537.5,5.326042456406369
305,11,98921.86947368422,8.243284210526339,5186.5,5.020378947368421
305,12,99266.41243983709,5.347982228804169,5744.0,5.2262125138837465
306,1,91653.99902104748,1.9264317180616972,3681.1,4.984924131179638
306,2,91542.73058884835,4.265711307972926,3499.7,5.203804064616988
306,3,91311.61042944786,7.0618098159509435,3676.5,5.941513292433538
306,4,91463.75525210085,10.995010504201703,3178.6,5.946901260504202
306,5,91477.40462117142,13.960182697474501,5025.9,5.228210639441161
306,6,91687.55157437568,18.735613463626517,4188.6,5.123452768729641
306,7,91725.95560368165,21.586464537087192,2340.1,5.357227937195452
306,8,91794.95638789123,20.968650590046202,2995.7,5.120061570035916
306,9,91787.76197998947,15.914218009478697,3622.1,4.686940494997367
306,10,91750.78627968338,11.51039577836414,5498.3,4.72401055408971
306,11,91681.01557632399,6.313271028037406,4052.1,4.800436137071651
306,12,91935.58687852383,2.6131727319323654,3740.3,4.285340850845721
307,1,99207.86214522668,4.299631404349452,5032.3,5.668669369701438
307,2,99139.03238866397,6.553279352226743,3322.9,5.803562753036437
307,3,98799.78912319645,9.21361450240476,5247.5,5.785312615612283
307,4,98763.87950882579,12.500038372985442,5480.0,5.91615502686109
307,5,98781.10812883436,16.20563650306751,7260.7,5.651878834355828
307,6,98806.03780864198,21.33109567901237,7052.7,5.412345679012345
307,7,98857.34549516009,23.280789277736435,3881.1,5.428704393149665
307,8,98856.96235557212,22.900484532240053,5307.1,5.230860976518822
307,9,98963.25181505541,18.41146350783342,6204.0,4.942911730989683
307,10,98993.84382107657,13.806444275966664,8537.5,5.326042456406369
307,11,98921.86947368422,8.243284210526339,5186.5,5.020378947368421
307,12,99266.41243983709,5.347982228804169,5744.0,5.2262125138837465
308,1,99207.86214522668,4.299631404349452,5032.3,5.668669369701438
308,2,99139.03238866397,6.553279352226743,3322.9,5.803562753036437
308,3,98799.78912319645,9.21361450240476,5247.5,5.785312615612283
308,4,98763.87950882579,12.500038372985442,5480.0,5.91615502686109
308,5,98781.10812883436,16.20563650306751,7260.7,5.651878834355828
308,6,98806.03780864198,21.33109567901237,7052.7,5.412345679012345
308,7,98857.34549516009,23.280789277736435,3881.1,5.428704393149665
308,8,98856.96235557212,22.900484532240053,5307.1,5.230860976518822
308,9,98963.25181505541,18.41146350783342,6204.0,4.942911730989683
308,10,98993.84382107657,13.806444275966664,8537.5,5.326042456406369
308,11,98921.86947368422,8.243284210526339,5186.5,5.020378947368421
308,12,99266.41243983709,5.347982228804169,5744.0,5.2262125138837465
309,1,91653.99902104748,1.9264317180616972,3681.1,4.984924131179638
309,2,91542.73058884835,4.265711307972926,3499.7,5.203804064616988
309,3,91311.61042944786,7.0618098159509435,3676.5,5.941513292433538
309,4,91463.75525210085,10.995010504201703,3178.6,5.946901260504202
309,5,91477.40462117142,13.960182697474501,5025.9,5.228210639441161
309,6,91687.55157437568,18.735613463626517,4188.6,5.123452768729641
309,7,91725.95560368165,21.586464537087192,2340.1,5.357227937195452
309,8,91794.95638789123,20.968650590046202,2995.7,5.120061570035916
309,9,91787.76197998947,15.914218009478697,3622.1,4.686940494997367
309,10,91750.78627968338,11.51039577836414,5498.3,4.72401055408971
309,11,91681.01557632399,6.313271028037406,4052.1,4.800436137071651
309,12,91935.58687852383,2.6131727319323654,3740.3,4.285340850845721
310,1,98722.97347777363,2.9088905491221744,4782.2,5.070638774747852
310,2,98717.63243683781,4.773431132844358,3432.2,5.243317033414833
310,3,98399.88428518103,7.265285554311333,3503.7,5.034565136244868
310,4,98392.29361370717,10.669119937694726,5164.4,4.741588785046729
310,5,98413.55802374569,14.940674071237096,6087.9,4.612600536193029
310,6,98445.16229956981,19.931443097379766,6448.8,4.378646851779429
310,7,98483.80737396539,21.3145974416855,4482.1,4.380173062452972
310,8,98499.44611906556,20.878711379050515,5988.7,3.97189148455162
310,9,98600.37816764132,16.19863547758287,4838.3,3.9104093567251463
310,10,98623.20610687023,11.780725190839718,4550.7,3.968549618320611
310,11,98487.32226479353,6.575862068965539,3683.7,4.370072371221796
310,12,98788.92469089547,3.9974522292993857,3860.7,4.743799175721244
311,1,99207.86214522668,4.299631404349452,5032.3,5.668669369701438
311,2,99139.03238866397,6.553279352226743,3322.9,5.803562753036437
311,3,98799.78912319645,9.21361450240476,5247.5,5.785312615612283
311,4,98763.87950882579,12.500038372985442,5480.0,5.91615502686109
311,5,98781.10812883436,16.20563650306751,7260.7,5.651878834355828
311,6,98806.03780864198,21.33109567901237,7052.7,5.412345679012345
311,7,98857.34549516009,23.280789277736435,3881.1,5.428704393149665
311,8,98856.96235557212,22.900484532240053,5307.1,5.230860976518822
311,9,98963.25181505541,18.41146350783342,6204.0,4.942911730989683
311,10,98993.84382107657,13.806444275966664,8537.5,5.326042456406369
311,11,98921.86947368422,8.243284210526339,5186.5,5.020378947368421
311,12,99266.41243983709,5.347982228804169,5744.0,5.2262125138837465
312,1,91653.99902104748,1.9264317180616972,3681.1,4.984924131179638
312,2,91542.73058884835,4.265711307972926,3499.7,5.203804064616988
312,3,91311.61042944786,7.0618098159509435,3676.5,5.941513292433538
312,4,91463.75525210085,10.995010504201703,3178.6,5.946901260504202
312,5,91477.40462117142,13.960182697474501,5025.9,5.228210639441161
312,6,91687.55157437568,18.735613463626517,4188.6,5.123452768729641
312,7,91725.95560368165,21.586464537087192,2340.1,5.357227937195452
312,8,91794.95638789123,20.968650590046202,2995.7,5.120061570035916
312,9,91787.76197998947,15.914218009478697,3622.1,4.686940494997367
312,10,91750.78627968338,11.51039577836414,5498.3,4.72401055408971
312,11,91681.01557632399,6.313271028037406,4052.1,4.800436137071651
312,12,91935.58687852383,2.6131727319323654,3740.3,4.285340850845721
313,1,100837.40658527562,4.781576026637092,4799.3,6.220532741398445
313,2,100801.1934826884,6.168024439918557,3998.0,6.54684317718941
313,3,100511.36904761905,8.632812500000023,4375.4,6.5018973214285705
313,4,100584.02013942681,11.598063516653779,3088.1,5.985321456235477
313,5,100618.60822760477,15.216147635524822,5399.2,5.9918108419838525
313,6,100591.71317829458,19.56554263565894,5341.7,5.727209302325582
313,7,100629.88064155166,21.38168593808283,2948.9,5.848377471092876
313,8,100616.94568452382,20.865066964285738,4583.4,5.358296130952381
313,9,100683.25920245399,17.060122699386525,4830.6,5.269363496932515
313,10,100636.10156548301,13.072088583428814,4985.4,5.283657884688813
313,11,100501.99241786015,8.378096040438102,4247.2,5.658129738837405
313,12,100807.80170813219,6.255625696249558,5697.3,6.06060155959896
314,1,99962.13282732447,4.235749525616721,6976.8,6.541404174573055
314,2,99962.56462864178,5.410299548625381,5615.9,7.096101764464506
314,3,99718.59327217126,7.507607033639166,4788.3,6.936773700305809
314,4,99832.23076923077,10.192115384615407,2728.7,5.9935
314,5,99877.88834029624,13.36490695024689,5144.6,5.920053171287504
314,6,99856.9128565846,17.161430246189944,5451.0,5.592887846815162
314,7,99899.55111278762,18.73134666163714,4182.3,5.652583930592229
314,8,99870.61561561562,18.572560060060084,4444.4,5.298761261261261
314,9,99906.3746105919,15.47679127725859,5063.3,5.476168224299065
314,10,99828.95913646878,12.019969159599098,5681.0,5.842636854279105
314,11,99645.52507501072,7.811187312473234,6672.3,6.388469781397342
314,12,99974.06507252058,5.79839278714232,7818.7,6.773696589572717
315,1,99962.13282732447,4.235749525616721,6976.8,6.541404174573055
315,2,99962.56462864178,5.410299548625381,5615.9,7.096101764464506
315,3,99718.59327217126,7.507607033639166,4788.3,6.936773700305809
315,4,99832.23076923077,10.192115384615407,2728.7,5.9935
315,5,99877.88834029624,13.36490695024689,5144.6,5.920053171287504
315,6,99856.9128565846,17.161430246189944,5451.0,5.592887846815162
315,7,99899.55111278762,18.73134666163714,4182.3,5.652583930592229
315,8,99870.61561561562,18.572560060060084,4444.4,5.298761261261261
315,9,99906.3746105919,15.47679127725859,5063.3,5.476168224299065
315,10,99828.95913646878,12.019969159599098,5681.0,5.842636854279105
315,11,99645.52507501072,7.811187312473234,6672.3,6.388469781397342
315,12,99974.06507252058,5.79839278714232,7818.7,6.773696589572717
316,1,99962.13282732447,4.235749525616721,6976.8,6.541404174573055
316,2,99962.56462864178,5.410299548625381,5615.9,7.096101764464506
316,3,99718.59327217126,7.507607033639166,4788.3,6.936773700305809
316,4,99832.23076923077,10.192115384615407,2728.7,5.9935
316,5,99877.88834029624,13.36490695024689,5144.6,5.920053171287504
316,6,99856.9128565846,17.161430246189944,5451.0,5.592887846815162
316,7,99899.55111278762,18.73134666163714,4182.3,5.652583930592229
316,8,99870.61561561562,18.572560060060084,4444.4,5.298761261261261
316,9,99906.3746105919,15.47679127725859,5063.3,5.476168224299065
316,10,99828.95913646878,12.019969159599098,5681.0,5.842636854279105
316,11,99645.52507501072,7.811187312473234,6672.3,6.388469781397342
316,12,99974.06507252058,5.79839278714232,7818.7,6.773696589572717
317,1,99962.13282732447,4.235749525616721,6976.8,6.541404174573055
317,2,99962.56462864178,5.410299548625381,5615.9,7.096101764464506
317,3,99718.59327217126,7.507607033639166,4788.3,6.936773700305809
317,4,99832.23076923077,10.192115384615407,2728.7,5.9935
317,5,99877.88834029624,13.36490695024689,5144.6,5.920053171287504
317,6,99856.9128565846,17.161430246189944,5451.0,5.592887846815162
317,7,99899.55111278762,18.73134666163714,4182.3,5.652583930592229
317,8,99870.61561561562,18.572560060060084,4444.4,5.298761261261261
317,9,99906.3746105919,15.47679127725859,5063.3,5.476168224299065
317,10,99828.95913646878,12.019969159599098,5681.0,5.842636854279105
317,11,99645.52507501072,7.811187312473234,6672.3,6.388469781397342
317,12,99974.06507252058,5.79839278714232,7818.7,6.773696589572717
318,1,100910.25344763325,4.6662691017517925,7894.7,6.534364517331346
318,2,100912.39476910503,5.9017981201471414,4781.3,7.359297098487945
318,3,100675.14613392527,7.765112837587887,4713.0,7.002108768035517
318,4,100792.29321834575,10.245589964719741,3686.4,5.97953743629949
318,5,100846.63909774437,13.319022556391001,4719.7,5.878383458646616
318,6,100824.30704441041,16.73629402756511,4463.1,5.699119448698315
318,7,100837.56859756098,18.375266768292708,4400.5,5.775838414634146
318,8,100800.17843289372,18.483669511249055,5661.4,5.359387121799845
318,9,100847.7648878577,15.711755607115258,6121.9,5.184686774941995
318,10,100756.70233091326,12.47019487963319,6067.4,5.470042032862056
318,11,100573.88235294117,8.34668067226893,8246.5,6.190042016806722
318,12,100835.0167847818,6.389593435285365,7179.3,6.810854158895935
319,1,100837.40658527562,4.781576026637092,4799.3,6.220532741398445
319,2,100801.1934826884,6.168024439918557,3998.0,6.54684317718941
319,3,100511.36904761905,8.632812500000023,4375.4,6.5018973214285705
319,4,100584.02013942681,11.598063516653779,3088.1,5.985321456235477
319,5,100618.60822760477,15.216147635524822,5399.2,5.9918108419838525
319,6,100591.71317829458,19.56554263565894,5341.7,5.727209302325582
319,7,100629.88064155166,21.38168593808283,2948.9,5.848377471092876
319,8,100616.94568452382,20.865066964285738,4583.4,5.358296130952381
319,9,100683.25920245399,17.060122699386525,4830.6,5.269363496932515
319,10,100636.10156548301,13.072088583428814,4985.4,5.283657884688813
319,11,100501.99241786015,8.378096040438102,4247.2,5.658129738837405
319,12,100807.80170813219,6.255625696249558,5697.3,6.06060155959896
320,1,100837.40658527562,4.781576026637092,4799.3,6.220532741398445
320,2,100801.1934826884,6.168024439918557,3998.0,6.54684317718941
320,3,100511.36904761905,8.632812500000023,4375.4,6.5018973214285705
320,4,100584.02013942681,11.598063516653779,3088.1,5.985321456235477
320,5,100618.60822760477,15.216147635524822,5399.2,5.9918108419838525
320,6,100591.71317829458,19.56554263565894,5341.7,5.727209302325582
320,7,100629.88064155166,21.38168593808283,2948.9,5.848377471092876
320,8,100616.94568452382,20.865066964285738,4583.4,5.358296130952381
320,9,100683.25920245399,17.060122699386525,4830.6,5.269363496932515
320,10,100636.10156548301,13.072088583428814,4985.4,5.283657884688813
320,11,100501.99241786015,8.378096040438102,4247.2,5.658129738837405
320,12,100807.80170813219,6.255625696249558,5697.3,6.06060155959896
321,1,100837.40658527562,4.781576026637092,4799.3,6.220532741398445
321,2,100801.1934826884,6.168024439918557,3998.0,6.54684317718941
321,3,100511.36904761905,8.632812500000023,4375.4,6.5018973214285705
321,4,100584.02013942681,11.598063516653779,3088.1,5.985321456235477
321,5,100618.60822760477,15.216147635524822,5399.2,5.9918108419838525
321,6,100591.71317829458,19.56554263565894,5341.7,5.727209302325582
321,7,100629.88064155166,21.38168593808283,2948.9,5.848377471092876
321,8,100616.94568452382,20.865066964285738,4583.4,5.358296130952381
321,9,100683.25920245399,17.060122699386525,4830.6,5.269363496932515
321,10,100636.10156548301,13.072088583428814,4985.4,5.283657884688813
321,11,100501.99241786015,8.378096040438102,4247.2,5.658129738837405
321,12,100807.80170813219,6.255625696249558,5697.3,6.06060155959896
322,1,100837.40658527562,4.781576026637092,4799.3,6.220532741398445
322,2,100801.1934826884,6.168024439918557,3998.0,6.54684317718941
322,3,100511.36904761905,8.632812500000023,4375.4,6.5018973214285705
322,4,100584.02013942681,11.598063516653779,3088.1,5.985321456235477
322,5,100618.60822760477,15.216147635524822,5399.2,5.9918108419838525
322,6,100591.71317829458,19.56554263565894,5341.7,5.727209302325582
322,7,100629.88064155166,21.38168593808283,2948.9,5.848377471092876
322,8,100616.94568452382,20.865066964285738,4583.4,5.358296130952381
322,9,100683.25920245399,17.060122699386525,4830.6,5.269363496932515
322,10,100636.10156548301,13.072088583428814,4985.4,5.283657884688813
322,11,100501.99241786015,8.378096040438102,4247.2,5.658129738837405
322,12,100807.80170813219,6.255625696249558,5697.3,6.06060155959896
323,1,100539.40794499619,4.157333842627984,4807.8,6.130557677616501
323,2,100502.37322515213,5.588316430020306,4015.2,6.276551724137931
323,3,100209.16543026706,7.690912462908035,4238.5,6.035200296735905
323,4,100249.39777522055,10.675067126965883,2999.6,5.124587648638281
323,5,100259.78454680534,14.582392273402697,5926.1,5.165044576523031
323,6,100250.21375825885,19.069296541002743,5338.5,4.862844928099495
323,7,100285.21052631579,20.75135338345867,3771.4,5.160676691729323
323,8,100283.6109064112,20.468238761974966,3749.2,4.744583640383198
323,9,100369.46195234435,16.264027671022312,4605.8,4.7077248270561105
323,10,100349.59346504559,12.428153495440752,4803.1,4.98677811550152
323,11,100226.0435875943,7.619237217099771,4269.1,5.494761106454317
323,12,100540.1352874859,5.6020668921458325,4173.6,6.026907177752725
324,1,100837.40658527562,4.781576026637092,4799.3,6.220532741398445
324,2,100801.1934826884,6.168024439918557,3998.0,6.54684317718941
324,3,100511.36904761905,8.632812500000023,4375.4,6.5018973214285705
324,4,100584.02013942681,11.598063516653779,3088.1,5.985321456235477
324,5,100618.60822760477,15.216147635524822,5399.2,5.9918108419838525
324,6,100591.71317829458,19.56554263565894,5341.7,5.727209302325582
324,7,100629.88064155166,21.38168593808283,2948.9,5.848377471092876
324,8,100616.94568452382,20.865066964285738,4583.4,5.358296130952381
324,9,100683.25920245399,17.060122699386525,4830.6,5.269363496932515
324,10,100636.10156548301,13.072088583428814,4985.4,5.283657884688813
324,11,100501.99241786015,8.378096040438102,4247.2,5.658129738837405
324,12,100807.80170813219,6.255625696249558,5697.3,6.06060155959896
325,1,100837.40658527562,4.781576026637092,4799.3,6.220532741398445
325,2,100801.1934826884,6.168024439918557,3998.0,6.54684317718941
325,3,100511.36904761905,8.632812500000023,4375.4,6.5018973214285705
325,4,100584.02013942681,11.598063516653779,3088.1,5.985321456235477
325,5,100618.60822760477,15.216147635524822,5399.2,5.9918108419838525
325,6,100591.71317829458,19.56554263565894,5341.7,5.727209302325582
325,7,100629.88064155166,21.38168593808283,2948.9,5.848377471092876
325,8,100616.94568452382,20.865066964285738,4583.4,5.358296130952381
325,9,100683.25920245399,17.060122699386525,4830.6,5.269363496932515
325,10,100636.10156548301,13.072088583428814,4985.4,5.283657884688813
325,11,100501.99241786015,8.378096040438102,4247.2,5.658129738837405
325,12,100807.80170813219,6.255625696249558,5697.3,6.06060155959896
326,1,100837.40658527562,4.781576026637092,4799.3,6.220532741398445
326,2,100801.1934826884,6.168024439918557,3998.0,6.54684317718941
326,3,100511.36904761905,8.632812500000023,4375.4,6.5018973214285705
326,4,100584.02013942681,11.598063516653779,3088.1,5.985321456235477
326,5,100618.60822760477,15.216147635524822,5399.2,5.9918108419838525
326,6,100591.71317829458,19.56554263565894,5341.7,5.727209302325582
326,7,100629.88064155166,21.38168593808283,2948.9,5.848377471092876
326,8,100616.94568452382,20.865066964285738,4583.4,5.358296130952381
326,9,100683.25920245399,17.060122699386525,4830.6,5.269363496932515
326,10,100636.10156548301,13.072088583428814,4985.4,5.283657884688813
326,11,100501.99241786015,8.378096040438102,4247.2,5.658129738837405
326,12,100807.80170813219,6.255625696249558,5697.3,6.06060155959896
327,1,100837.40658527562,4.781576026637092,4799.3,6.220532741398445
327,2,100801.1934826884,6.168024439918557,3998.0,6.54684317718941
327,3,100511.36904761905,8.632812500000023,4375.4,6.5018973214285705
327,4,100584.02013942681,11.598063516653779,3088.1,5.985321456235477
327,5,100618.60822760477,15.216147635524822,5399.2,5.9918108419838525
327,6,100591.71317829458,19.56554263565894,5341.7,5.727209302325582
327,7,100629.88064155166,21.38168593808283,2948.9,5.848377471092876
327,8,100616.94568452382,20.865066964285738,4583.4,5.358296130952381
327,9,100683.25920245399,17.060122699386525,4830.6,5.269363496932515
327,10,100636.10156548301,13.072088583428814,4985.4,5.283657884688813
327,11,100501.99241786015,8.378096040438102,4247.2,5.658129738837405
327,12,100807.80170813219,6.255625696249558,5697.3,6.06060155959896
328,1,100837.40658527562,4.781576026637092,4799.3,6.220532741398445
328,2,100801.1934826884,6.168024439918557,3998.0,6.54684317718941
328,3,100511.36904761905,8.632812500000023,4375.4,6.5018973214285705
328,4,100584.02013942681,11.598063516653779,3088.1,5.985321456235477
328,5,100618.60822760477,15.216147635524822,5399.2,5.9918108419838525
328,6,100591.71317829458,19.56554263565894,5341.7,5.727209302325582
328,7,100629.88064155166,21.38168593808283,2948.9,5.848377471092876
328,8,100616.94568452382,20.865066964285738,4583.4,5.358296130952381
328,9,100683.25920245399,17.060122699386525,4830.6,5.269363496932515
328,10,100636.10156548301,13.072088583428814,4985.4,5.283657884688813
328,11,100501.99241786015,8.378096040438102,4247.2,5.658129738837405
328,12,100807.80170813219,6.255625696249558,5697.3,6.06060155959896
329,1,100837.40658527562,4.781576026637092,4799.3,6.220532741398445
329,2,100801.1934826884,6.168024439918557,3998.0,6.54684317718941
329,3,100511.36904761905,8.632812500000023,4375.4,6.5018973214285705
329,4,100584.02013942681,11.598063516653779,3088.1,5.985321456235477
329,5,100618.60822760477,15.216147635524822,5399.2,5.9918108419838525
329,6,100591.71317829458,19.56554263565894,5341.7,5.727209302325582
329,7,100629.88064155166,21.38168593808283,2948.9,5.848377471092876
329,8,100616.94568452382,20.865066964285738,4583.4,5.358296130952381
329,9,100683.25920245399,17.060122699386525,4830.6,5.269363496932515
329,10,100636.10156548301,13.072088583428814,4985.4,5.283657884688813
329,11,100501.99241786015,8.378096040438102,4247.2,5.658129738837405
329,12,100807.80170813219,6.255625696249558,5697.3,6.06060155959896
330,1,100837.40658527562,4.781576026637092,4799.3,6.220532741398445
330,2,100801.1934826884,6.168024439918557,3998.0,6.54684317718941
330,3,100511.36904761905,8.632812500000023,4375.4,6.5018973214285705
330,4,100584.02013942681,11.598063516653779,3088.1,5.985321456235477
330,5,100618.60822760477,15.216147635524822,5399.2,5.9918108419838525
330,6,100591.71317829458,19.56554263565894,5341.7,5.727209302325582
330,7,100629.88064155166,21.38168593808283,2948.9,5.848377471092876
330,8,100616.94568452382,20.865066964285738,4583.4,5.358296130952381
330,9,100683.25920245399,17.060122699386525,4830.6,5.269363496932515
330,10,100636.10156548301,13.072088583428814,4985.4,5.283657884688813
330,11,100501.99241786015,8.378096040438102,4247.2,5.658129738837405
330,12,100807.80170813219,6.255625696249558,5697.3,6.06060155959896
331,1,100609.37476459511,5.293333333333356,5436.9,6.389303201506591
331,2,100530.0208594076,6.630871923237402,4348.5,6.478848560700876
331,3,100205.24024024024,8.80840840840843,5212.3,6.41265015015015
331,4,100193.02784222738,11.678151585460192,3347.2,5.748105181747873
331,5,100283.82500967867,14.9403406891212,5490.6,5.842624854819976
331,6,100256.9910121141,19.38655724892538,6111.6,5.3604142243063695
331,7,100347.85930408472,21.043986384266287,2078.6,5.638086232980333
331,8,100324.31978107897,20.829554339327622,2228.8,5.124550430023456
331,9,100370.33838973162,17.209295993776763,4314.3,5.210501750291716
331,10,100293.77257011141,13.384978870534024,5814.5,5.563119477525931
331,11,100250.95708154507,8.751330472103026,4905.4,5.741502145922747
331,12,100598.02567006418,6.51468478671199,4691.3,6.305209513023782
332,1,100609.37476459511,5.293333333333356,5436.9,6.389303201506591
332,2,100530.0208594076,6.630871923237402,4348.5,6.478848560700876
332,3,100205.24024024024,8.80840840840843,5212.3,6.41265015015015
332,4,100193.02784222738,11.678151585460192,3347.2,5.748105181747873
332,5,100283.82500967867,14.9403406891212,5490.6,5.842624854819976
332,6,100256.9910121141,19.38655724892538,6111.6,5.3604142243063695
332,7,100347.85930408472,21.043986384266287,2078.6,5.638086232980333
332,8,100324.31978107897,20.829554339327622,2228.8,5.124550430023456
332,9,100370.33838973162,17.209295993776763,4314.3,5.210501750291716
332,10,100293.77257011141,13.384978870534024,5814.5,5.563119477525931
332,11,100250.95708154507,8.751330472103026,4905.4,5.741502145922747
332,12,100598.02567006418,6.51468478671199,4691.3,6.305209513023782
333,1,100609.37476459511,5.293333333333356,5436.9,6.389303201506591
333,2,100530.0208594076,6.630871923237402,4348.5,6.478848560700876
333,3,100205.24024024024,8.80840840840843,5212.3,6.41265015015015
333,4,100193.02784222738,11.678151585460192,3347.2,5.748105181747873
333,5,100283.82500967867,14.9403406891212,5490.6,5.842624854819976
333,6,100256.9910121141,19.38655724892538,6111.6,5.3604142243063695
333,7,100347.85930408472,21.043986384266287,2078.6,5.638086232980333
333,8,100324.31978107897,20.829554339327622,2228.8,5.124550430023456
333,9,100370.33838973162,17.209295993776763,4314.3,5.210501750291716
333,10,100293.77257011141,13.384978870534024,5814.5,5.563119477525931
333,11,100250.95708154507,8.751330472103026,4905.4,5.741502145922747
333,12,100598.02567006418,6.51468478671199,4691.3,6.305209513023782
334,1,100609.37476459511,5.293333333333356,5436.9,6.389303201506591
334,2,100530.0208594076,6.630871923237402,4348.5,6.478848560700876
334,3,100205.24024024024,8.80840840840843,5212.3,6.41265015015015
334,4,100193.02784222738,11.678151585460192,3347.2,5.748105181747873
334,5,100283.82500967867,14.9403406891212,5490.6,5.842624854819976
334,6,100256.9910121141,19.38655724892538,6111.6,5.3604142243063695
334,7,100347.85930408472,21.043986384266287,2078.6,5.638086232980333
334,8,100324.31978107897,20.829554339327622,2228.8,5.124550430023456
334,9,100370.33838973162,17.209295993776763,4314.3,5.210501750291716
334,10,100293.77257011141,13.384978870534024,5814.5,5.563119477525931
334,11,100250.95708154507,8.751330472103026,4905.4,5.741502145922747
334,12,100598.02567006418,6.51468478671199,4691.3,6.305209513023782
335,1,100910.25344763325,4.6662691017517925,7894.7,6.534364517331346
335,2,100912.39476910503,5.9017981201471414,4781.3,7.359297098487945
335,3,100675.14613392527,7.765112837587887,4713.0,7.002108768035517
335,4,100792.29321834575,10.245589964719741,3686.4,5.97953743629949
335,5,100846.63909774437,13.319022556391001,4719.7,5.878383458646616
335,6,100824.30704441041,16.73629402756511,4463.1,5.699119448698315
335,7,100837.56859756098,18.375266768292708,4400.5,5.775838414634146
335,8,100800.17843289372,18.483669511249055,5661.4,5.359387121799845
335,9,100847.7648878577,15.711755607115258,6121.9,5.184686774941995
335,10,100756.70233091326,12.47019487963319,6067.4,5.470042032862056
335,11,100573.88235294117,8.34668067226893,8246.5,6.190042016806722
335,12,100835.0167847818,6.389593435285365,7179.3,6.810854158895935
336,1,101161.87429854096,4.217508417508441,5558.5,6.892517770295548
336,2,101187.26753670473,5.635522022838523,4509.0,7.536052202283851
336,3,100968.86743408837,7.811399925733405,4761.1,7.051281099145934
336,4,101096.1203239491,10.55800231392212,3235.2,6.328731199382955
336,5,101113.47038853263,14.309769898151664,5162.1,6.227121840814786
336,6,101092.17357310398,18.0495699765442,5669.3,5.948670836591087
336,7,101078.66972477065,19.563799694189626,3394.7,5.949503058103976
336,8,101078.42688048874,19.56231386025203,5188.6,5.6221458571974035
336,9,101138.63295140261,16.182338996444116,4705.5,5.442789411299882
336,10,101037.26601941748,12.485242718446624,6043.7,5.908077669902912
336,11,100864.79914529914,7.959658119658142,5863.7,6.513162393162393
336,12,101122.77841125047,5.883504370961634,5468.8,7.095667046750285
337,1,100910.25344763325,4.6662691017517925,7894.7,6.534364517331346
337,2,100912.39476910503,5.9017981201471414,4781.3,7.359297098487945
337,3,100675.14613392527,7.765112837587887,4713.0,7.002108768035517
337,4,100792.29321834575,10.245589964719741,3686.4,5.97953743629949
337,5,100846.63909774437,13.319022556391001,4719.7,5.878383458646616
337,6,100824.30704441041,16.73629402756511,4463.1,5.699119448698315
337,7,100837.56859756098,18.375266768292708,4400.5,5.775838414634146
337,8,100800.17843289372,18.483669511249055,5661.4,5.359387121799845
337,9,100847.7648878577,15.711755607115258,6121.9,5.184686774941995
337,10,100756.70233091326,12.47019487963319,6067.4,5.470042032862056
337,11,100573.88235294117,8.34668067226893,8246.5,6.190042016806722
337,12,100835.0167847818,6.389593435285365,7179.3,6.810854158895935
338,1,100381.62013370036,6.347149036571002,4097.9,5.578057412504916
338,2,100257.49133448873,8.312391681109208,3451.3,6.279679376083189
338,3,99931.25513634666,10.48658946581997,3879.3,7.16361598804632
338,4,99836.33038120909,13.258259530227209,4462.9,6.839853677319984
338,5,99928.42965779468,16.709581749049452,5801.6,6.6281749049429655
338,6,99912.20272904483,21.486510721247587,5115.2,5.908265107212476
338,7,99990.36800600826,23.67442733758921,3197.7,6.065490048817123
338,8,99955.11111111111,23.665386064030155,3091.7,5.817137476459511
338,9,100045.55685814771,19.65756154747951,3014.7,5.613638139898398
338,10,99997.67450829156,15.750482067103762,3474.4,5.672078673351331
338,11,100003.71355060034,10.394554030874808,4022.8,5.595025728987993
338,12,100427.77903043969,7.776963547538543,4133.2,5.278053363397219
339,1,100381.62013370036,6.347149036571002,4097.9,5.578057412504916
339,2,100257.49133448873,8.312391681109208,3451.3,6.279679376083189
339,3,99931.25513634666,10.48658946581997,3879.3,7.16361598804632
339,4,99836.33038120909,13.258259530227209,4462.9,6.839853677319984
339,5,99928.42965779468,16.709581749049452,5801.6,6.6281749049429655
339,6,99912.20272904483,21.486510721247587,5115.2,5.908265107212476
339,7,99990.36800600826,23.67442733758921,3197.7,6.065490048817123
339,8,99955.11111111111,23.665386064030155,3091.7,5.817137476459511
339,9,100045.55685814771,19.65756154747951,3014.7,5.613638139898398
339,10,99997.67450829156,15.750482067103762,3474.4,5.672078673351331
339,11,100003.71355060034,10.394554030874808,4022.8,5.595025728987993
339,12,100427.77903043969,7.776963547538543,4133.2,5.278053363397219
340,1,100381.62013370036,6.347149036571002,4097.9,5.578057412504916
340,2,100257.49133448873,8.312391681109208,3451.3,6.279679376083189
340,3,99931.25513634666,10.48658946581997,3879.3,7.16361598804632
340,4,99836.33038120909,13.258259530227209,4462.9,6.839853677319984
340,5,99928.42965779468,16.709581749049452,5801.6,6.6281749049429655
340,6,99912.20272904483,21.486510721247587,5115.2,5.908265107212476
340,7,99990.36800600826,23.67442733758921,3197.7,6.065490048817123
340,8,99955.11111111111,23.665386064030155,3091.7,5.817137476459511
340,9,100045.55685814771,19.65756154747951,3014.7,5.613638139898398
340,10,99997.67450829156,15.750482067103762,3474.4,5.672078673351331
340,11,100003.71355060034,10.394554030874808,4022.8,5.595025728987993
340,12,100427.77903043969,7.776963547538543,4133.2,5.278053363397219
341,1,100381.62013370036,6.347149036571002,4097.9,5.578057412504916
341,2,100257.49133448873,8.312391681109208,3451.3,6.279679376083189
341,3,99931.25513634666,10.48658946581997,3879.3,7.16361598804632
341,4,99836.33038120909,13.258259530227209,4462.9,6.839853677319984
341,5,99928.42965779468,16.709581749049452,5801.6,6.6281749049429655
341,6,99912.20272904483,21.486510721247587,5115.2,5.908265107212476
341,7,99990.36800600826,23.67442733758921,3197.7,6.065490048817123
341,8,99955.11111111111,23.665386064030155,3091.7,5.817137476459511
341,9,100045.55685814771,19.65756154747951,3014.7,5.613638139898398
341,10,99997.67450829156,15.750482067103762,3474.4,5.672078673351331
341,11,100003.71355060034,10.394554030874808,4022.8,5.595025728987993
341,12,100427.77903043969,7.776963547538543,4133.2,5.278053363397219
342,1,100381.62013370036,6.347149036571002,4097.9,5.578057412504916
342,2,100257.49133448873,8.312391681109208,3451.3,6.279679376083189
342,3,99931.25513634666,10.48658946581997,3879.3,7.16361598804632
342,4,99836.33038120909,13.258259530227209,4462.9,6.839853677319984
342,5,99928.42965779468,16.709581749049452,5801.6,6.6281749049429655
342,6,99912.20272904483,21.486510721247587,5115.2,5.908265107212476
342,7,99990.36800600826,23.67442733758921,3197.7,6.065490048817123
342,8,99955.11111111111,23.665386064030155,3091.7,5.817137476459511
342,9,100045.55685814771,19.65756154747951,3014.7,5.613638139898398
342,10,99997.67450829156,15.750482067103762,3474.4,5.672078673351331
342,11,100003.71355060034,10.394554030874808,4022.8,5.595025728987993
342,12,100427.77903043969,7.776963547538543,4133.2,5.278053363397219
343,1,101447.4938169827,9.486479802143467,3438.5,6.445136026380874
343,2,101528.6012715713,10.790145322434173,4799.3,5.66952770208901
343,3,101160.38208709942,12.244823336072331,5479.2,5.930402629416598
343,4,101100.05046257359,14.754583683767894,5708.3,5.326829268292683
343,5,101099.50267159885,18.189971228935494,3437.8,4.7637073571722155
343,6,101144.27253668763,22.816142557652014,1662.6,4.453081761006289
343,7,101078.22976287817,25.519174161897,691.5,4.474080130825838
343,8,101091.92903752039,25.86994290375206,1118.8,4.524469820554649
343,9,101249.5107632094,22.151780821917832,4594.2,5.273737769080235
343,10,101375.08345978755,18.142488619119902,9041.0,5.496585735963581
343,11,101230.45592705168,13.318801563178486,6204.7,6.21411202778984
343,12,101564.03021641486,10.196570028583118,5586.6,6.388934258881176
344,1,100237.8463747308,9.719382627422851,2106.6,9.578679109834889
344,2,99939.43518518518,9.39703703703706,2093.1,8.891388888888889
344,3,99827.17715231788,11.706125827814592,2118.9,10.160182119205299
344,4,99887.49362786746,14.174766355140209,1798.9,9.311724723874256
344,5,99827.71653543306,17.27165354330711,914.8000000000001,8.43665791776028
344,6,99938.69565217392,22.05994449583721,792.7,7.238112858464384
344,7,99885.0700741962,24.943610882110494,335.0,7.973619126133554
344,8,100028.9356223176,24.612618025751097,289.4,7.1090128755364805
344,9,100068.4812442818,21.1130832570906,734.0,8.387282708142726
344,10,100071.21081081081,17.422594594594617,2703.5,8.620972972972973
344,11,99867.88649706458,12.79305283757341,2894.2,9.280821917808218
344,12,100571.42759562841,11.060177595628438,2941.7,8.593579234972678
345,1,101519.38246191849,7.656072457801588,2271.4,6.703952243721696
345,2,101551.92808988765,9.561258426966315,2499.3,6.481573033707865
345,3,101163.0986492018,11.634670487106039,3802.1,7.015513712648383
345,4,101091.03962505326,14.550234341712848,2986.3,7.189305496378355
345,5,101092.93844856661,18.638322091062417,2638.1,7.000674536256323
345,6,101099.53271028037,23.89188615123197,1346.9,6.708538657604078
345,7,101079.36687631028,26.305408805031472,703.6,7.080754716981131
345,8,101103.13562836997,25.635130651182106,1807.6,6.721401907922024
345,9,101268.42806742454,21.279498235985912,4085.6,6.412700901607213
345,10,101333.36173508909,17.162587141750606,5634.7,6.3193261037955075
345,11,101251.48384353741,12.090773809523833,6428.7,6.509226190476191
345,12,101629.39591836734,8.853020408163289,3014.7,5.609551020408163
346,1,101447.4938169827,9.486479802143467,3438.5,6.445136026380874
346,2,101528.6012715713,10.790145322434173,4799.3,5.66952770208901
346,3,101160.38208709942,12.244823336072331,5479.2,5.930402629416598
346,4,101100.05046257359,14.754583683767894,5708.3,5.326829268292683
346,5,101099.50267159885,18.189971228935494,3437.8,4.7637073571722155
346,6,101144.27253668763,22.816142557652014,1662.6,4.453081761006289
346,7,101078.22976287817,25.519174161897,691.5,4.474080130825838
346,8,101091.92903752039,25.86994290375206,1118.8,4.524469820554649
346,9,101249.5107632094,22.151780821917832,4594.2,5.273737769080235
346,10,101375.08345978755,18.142488619119902,9041.0,5.496585735963581
346,11,101230.45592705168,13.318801563178486,6204.7,6.21411202778984
346,12,101564.03021641486,10.196570028583118,5586.6,6.388934258881176
347,1,100237.8463747308,9.719382627422851,2106.6,9.578679109834889
347,2,99939.43518518518,9.39703703703706,2093.1,8.891388888888889
347,3,99827.17715231788,11.706125827814592,2118.9,10.160182119205299
347,4,99887.49362786746,14.174766355140209,1798.9,9.311724723874256
347,5,99827.71653543306,17.27165354330711,914.8000000000001,8.43665791776028
347,6,99938.69565217392,22.05994449583721,792.7,7.238112858464384
347,7,99885.0700741962,24.943610882110494,335.0,7.973619126133554
347,8,100028.9356223176,24.612618025751097,289.4,7.1090128755364805
347,9,100068.4812442818,21.1130832570906,734.0,8.387282708142726
347,10,100071.21081081081,17.422594594594617,2703.5,8.620972972972973
347,11,99867.88649706458,12.79305283757341,2894.2,9.280821917808218
347,12,100571.42759562841,11.060177595628438,2941.7,8.593579234972678
348,1,100237.8463747308,9.719382627422851,2106.6,9.578679109834889
348,2,99939.43518518518,9.39703703703706,2093.1,8.891388888888889
348,3,99827.17715231788,11.706125827814592,2118.9,10.160182119205299
348,4,99887.49362786746,14.174766355140209,1798.9,9.311724723874256
348,5,99827.71653543306,17.27165354330711,914.8000000000001,8.43665791776028
348,6,99938.69565217392,22.05994449583721,792.7,7.238112858464384
348,7,99885.0700741962,24.943610882110494,335.0,7.973619126133554
348,8,100028.9356223176,24.612618025751097,289.4,7.1090128755364805
348,9,100068.4812442818,21.1130832570906,734.0,8.387282708142726
348,10,100071.21081081081,17.422594594594617,2703.5,8.620972972972973
348,11,99867.88649706458,12.79305283757341,2894.2,9.280821917808218
348,12,100571.42759562841,11.060177595628438,2941.7,8.593579234972678
349,1,101447.4938169827,9.486479802143467,3438.5,6.445136026380874
349,2,101528.6012715713,10.790145322434173,4799.3,5.66952770208901
349,3,101160.38208709942,12.244823336072331,5479.2,5.930402629416598
349,4,101100.05046257359,14.754583683767894,5708.3,5.326829268292683
349,5,101099.50267159885,18.189971228935494,3437.8,4.7637073571722155
349,6,101144.27253668763,22.816142557652014,1662.6,4.453081761006289
349,7,101078.22976287817,25.519174161897,691.5,4.474080130825838
349,8,101091.92903752039,25.86994290375206,1118.8,4.524469820554649
349,9,101249.5107632094,22.151780821917832,4594.2,5.273737769080235
349,10,101375.08345978755,18.142488619119902,9041.0,5.496585735963581
349,11,101230.45592705168,13.318801563178486,6204.7,6.21411202778984
349,12,101564.03021641486,10.196570028583118,5586.6,6.388934258881176
350,1,100237.8463747308,9.719382627422851,2106.6,9.578679109834889
350,2,99939.43518518518,9.39703703703706,2093.1,8.891388888888889
350,3,99827.17715231788,11.706125827814592,2118.9,10.160182119205299
350,4,99887.49362786746,14.174766355140209,1798.9,9.311724723874256
350,5,99827.71653543306,17.27165354330711,914.8000000000001,8.43665791776028
350,6,99938.69565217392,22.05994449583721,792.7,7.238112858464384
350,7,99885.0700741962,24.943610882110494,335.0,7.973619126133554
350,8,100028.9356223176,24.612618025751097,289.4,7.1090128755364805
350,9,100068.4812442818,21.1130832570906,734.0,8.387282708142726
350,10,100071.21081081081,17.422594594594617,2703.5,8.620972972972973
350,11,99867.88649706458,12.79305283757341,2894.2,9.280821917808218
350,12,100571.42759562841,11.060177595628438,2941.7,8.593579234972678
351,1,100237.8463747308,9.719382627422851,2106.6,9.578679109834889
351,2,99939.43518518518,9.39703703703706,2093.1,8.891388888888889
351,3,99827.17715231788,11.706125827814592,2118.9,10.160182119205299
351,4,99887.49362786746,14.174766355140209,1798.9,9.311724723874256
351,5,99827.71653543306,17.27165354330711,914.8000000000001,8.43665791776028
351,6,99938.69565217392,22.05994449583721,792.7,7.238112858464384
351,7,99885.0700741962,24.943610882110494,335.0,7.973619126133554
351,8,100028.9356223176,24.612618025751097,289.4,7.1090128755364805
351,9,100068.4812442818,21.1130832570906,734.0,8.387282708142726
351,10,100071.21081081081,17.422594594594617,2703.5,8.620972972972973
351,11,99867.88649706458,12.79305283757341,2894.2,9.280821917808218
351,12,100571.42759562841,11.060177595628438,2941.7,8.593579234972678
352,1,100237.8463747308,9.719382627422851,2106.6,9.578679109834889
352,2,99939.43518518518,9.39703703703706,2093.1,8.891388888888889
352,3,99827.17715231788,11.706125827814592,2118.9,10.160182119205299
352,4,99887.49362786746,14.174766355140209,1798.9,9.311724723874256
352,5,99827.71653543306,17.27165354330711,914.8000000000001,8.43665791776028
352,6,99938.69565217392,22.05994449583721,792.7,7.238112858464384
352,7,99885.0700741962,24.943610882110494,335.0,7.973619126133554
352,8,100028.9356223176,24.612618025751097,289.4,7.1090128755364805
352,9,100068.4812442818,21.1130832570906,734.0,8.387282708142726
352,10,100071.21081081081,17.422594594594617,2703.5,8.620972972972973
352,11,99867.88649706458,12.79305283757341,2894.2,9.280821917808218
352,12,100571.42759562841,11.060177595628438,2941.7,8.593579234972678
353,1,101519.38246191849,7.656072457801588,2271.4,6.703952243721696
353,2,101551.92808988765,9.561258426966315,2499.3,6.481573033707865
353,3,101163.0986492018,11.634670487106039,3802.1,7.015513712648383
353,4,101091.03962505326,14.550234341712848,2986.3,7.189305496378355
353,5,101092.93844856661,18.638322091062417,2638.1,7.000674536256323
353,6,101099.53271028037,23.89188615123197,1346.9,6.708538657604078
353,7,101079.36687631028,26.305408805031472,703.6,7.080754716981131
353,8,101103.13562836997,25.635130651182106,1807.6,6.721401907922024
353,9,101268.42806742454,21.279498235985912,4085.6,6.412700901607213
353,10,101333.36173508909,17.162587141750606,5634.7,6.3193261037955075
353,11,101251.48384353741,12.090773809523833,6428.7,6.509226190476191
353,12,101629.39591836734,8.853020408163289,3014.7,5.609551020408163
354,1,101519.38246191849,7.656072457801588,2271.4,6.703952243721696
354,2,101551.92808988765,9.561258426966315,2499.3,6.481573033707865
354,3,101163.0986492018,11.634670487106039,3802.1,7.015513712648383
354,4,101091.03962505326,14.550234341712848,2986.3,7.189305496378355
354,5,101092.93844856661,18.638322091062417,2638.1,7.000674536256323
354,6,101099.53271028037,23.89188615123197,1346.9,6.708538657604078
354,7,101079.36687631028,26.305408805031472,703.6,7.080754716981131
354,8,101103.13562836997,25.635130651182106,1807.6,6.721401907922024
354,9,101268.42806742454,21.279498235985912,4085.6,6.412700901607213
354,10,101333.36173508909,17.162587141750606,5634.7,6.3193261037955075
354,11,101251.48384353741,12.090773809523833,6428.7,6.509226190476191
354,12,101629.39591836734,8.853020408163289,3014.7,5.609551020408163
355,1,101180.22023142964,5.937775289287069,4233.1,7.17010078387458
355,2,101107.01754385965,7.564218686250531,3508.9,6.614443084455324
355,3,100744.33510638298,10.215311550152,5783.9,6.202507598784194
355,4,100691.22291021672,13.412577399380828,5494.8,6.520588235294118
355,5,100678.68131868132,17.2716180371353,6135.7,6.393027661993179
355,6,100674.04642166344,22.49562862669248,5772.7,5.995744680851064
355,7,100674.91281273692,24.905686125852945,2854.7,6.721266110689917
355,8,100685.987933635,24.385822021116162,2622.1,6.359954751131221
355,9,100849.2061008995,19.585569026202606,7567.0,5.457723895189675
355,10,100924.2522106882,15.043752402921976,9438.4,5.842637447135718
355,11,100863.23240938166,9.58895522388062,8356.5,5.872878464818763
355,12,101246.14579439252,6.683663551401892,5212.3,6.080448598130841
356,1,101180.22023142964,5.937775289287069,4233.1,7.17010078387458
356,2,101107.01754385965,7.564218686250531,3508.9,6.614443084455324
356,3,100744.33510638298,10.215311550152,5783.9,6.202507598784194
356,4,100691.22291021672,13.412577399380828,5494.8,6.520588235294118
356,5,100678.68131868132,17.2716180371353,6135.7,6.393027661993179
356,6,100674.04642166344,22.49562862669248,5772.7,5.995744680851064
356,7,100674.91281273692,24.905686125852945,2854.7,6.721266110689917
356,8,100685.987933635,24.385822021116162,2622.1,6.359954751131221
356,9,100849.2061008995,19.585569026202606,7567.0,5.457723895189675
356,10,100924.2522106882,15.043752402921976,9438.4,5.842637447135718
356,11,100863.23240938166,9.58895522388062,8356.5,5.872878464818763
356,12,101246.14579439252,6.683663551401892,5212.3,6.080448598130841
357,1,101180.22023142964,5.937775289287069,4233.1,7.17010078387458
357,2,101107.01754385965,7.564218686250531,3508.9,6.614443084455324
357,3,100744.33510638298,10.215311550152,5783.9,6.202507598784194
357,4,100691.22291021672,13.412577399380828,5494.8,6.520588235294118
357,5,100678.68131868132,17.2716180371353,6135.7,6.393027661993179
357,6,100674.04642166344,22.49562862669248,5772.7,5.995744680851064
357,7,100674.91281273692,24.905686125852945,2854.7,6.721266110689917
357,8,100685.987933635,24.385822021116162,2622.1,6.359954751131221
357,9,100849.2061008995,19.585569026202606,7567.0,5.457723895189675
357,10,100924.2522106882,15.043752402921976,9438.4,5.842637447135718
357,11,100863.23240938166,9.58895522388062,8356.5,5.872878464818763
357,12,101246.14579439252,6.683663551401892,5212.3,6.080448598130841
358,1,101180.22023142964,5.937775289287069,4233.1,7.17010078387458
358,2,101107.01754385965,7.564218686250531,3508.9,6.614443084455324
358,3,100744.33510638298,10.215311550152,5783.9,6.202507598784194
358,4,100691.22291021672,13.412577399380828,5494.8,6.520588235294118
358,5,100678.68131868132,17.2716180371353,6135.7,6.393027661993179
358,6,100674.04642166344,22.49562862669248,5772.7,5.995744680851064
358,7,100674.91281273692,24.905686125852945,2854.7,6.721266110689917
358,8,100685.987933635,24.385822021116162,2622.1,6.359954751131221
358,9,100849.2061008995,19.585569026202606,7567.0,5.457723895189675
358,10,100924.2522106882,15.043752402921976,9438.4,5.842637447135718
358,11,100863.23240938166,9.58895522388062,8356.5,5.872878464818763
358,12,101246.14579439252,6.683663551401892,5212.3,6.080448598130841
359,1,101827.57066775911,8.221835313396172,5943.8,9.347726341663252
359,2,101730.65047701648,8.796227233304446,4090.5,8.857979184735473
359,3,101381.42575817251,10.4527372981489,4890.3,8.63052382827885
359,4,101361.44543973941,12.783224755700349,2446.3,7.593648208469055
359,5,101484.70238095238,15.497236394557849,3721.4,7.74468537414966
359,6,101429.1941705958,18.655207886841,3983.0,6.659279897128162
359,7,101542.30191826522,20.083444537114286,1645.7,6.531442869057548
359,8,101511.25819134993,20.15709916994323,2036.2,6.404456094364351
359,9,101560.6410797132,18.439055250948993,3875.1,7.1984816533108384
359,10,101449.9796416938,15.72296416938113,4643.5,8.1567996742671
359,11,101415.36718041704,12.102402538531301,5195.9,9.36078875793291
359,12,101861.14503816795,9.581277621534776,5389.0,9.059220570510245
360,1,101695.90254706534,6.366666666666689,8306.3,6.184865263935031
360,2,101623.81242387333,7.436256597645172,6039.3,6.471538773853025
360,3,101305.65233506302,9.379799851742055,5574.1,6.6602297998517415
360,4,101311.56750572083,12.01994660564457,3836.9,5.836231884057971
360,5,101396.56155015198,15.288297872340449,5407.3,5.947340425531915
360,6,101357.3225308642,18.85613425925928,5631.0,5.382947530864198
360,7,101454.85163204747,20.22203264094958,3581.6,5.595252225519287
360,8,101412.59080800593,20.020422535211292,3600.6,5.166493699036323
360,9,101450.43461538461,17.194961538461563,4953.2,5.209076923076923
360,10,101351.5390534821,13.804771065794561,7433.8,5.355059638322431
360,11,101280.04672897197,9.60046728971965,7664.1,5.7984706881903145
360,12,101642.50746268657,7.635895522388083,7428.5,6.1761940298507465
361,1,101827.57066775911,8.221835313396172,5943.8,9.347726341663252
361,2,101730.65047701648,8.796227233304446,4090.5,8.857979184735473
361,3,101381.42575817251,10.4527372981489,4890.3,8.63052382827885
361,4,101361.44543973941,12.783224755700349,2446.3,7.593648208469055
361,5,101484.70238095238,15.497236394557849,3721.4,7.74468537414966
361,6,101429.1941705958,18.655207886841,3983.0,6.659279897128162
361,7,101542.30191826522,20.083444537114286,1645.7,6.531442869057548
361,8,101511.25819134993,20.15709916994323,2036.2,6.404456094364351
361,9,101560.6410797132,18.439055250948993,3875.1,7.1984816533108384
361,10,101449.9796416938,15.72296416938113,4643.5,8.1567996742671
361,11,101415.36718041704,12.102402538531301,5195.9,9.36078875793291
361,12,101861.14503816795,9.581277621534776,5389.0,9.059220570510245
362,1,101695.90254706534,6.366666666666689,8306.3,6.184865263935031
362,2,101623.81242387333,7.436256597645172,6039.3,6.471538773853025
362,3,101305.65233506302,9.379799851742055,5574.1,6.6602297998517415
362,4,101311.56750572083,12.01994660564457,3836.9,5.836231884057971
362,5,101396.56155015198,15.288297872340449,5407.3,5.947340425531915
362,6,101357.3225308642,18.85613425925928,5631.0,5.382947530864198
362,7,101454.85163204747,20.22203264094958,3581.6,5.595252225519287
362,8,101412.59080800593,20.020422535211292,3600.6,5.166493699036323
362,9,101450.43461538461,17.194961538461563,4953.2,5.209076923076923
362,10,101351.5390534821,13.804771065794561,7433.8,5.355059638322431
362,11,101280.04672897197,9.60046728971965,7664.1,5.7984706881903145
362,12,101642.50746268657,7.635895522388083,7428.5,6.1761940298507465
363,1,97239.68541820874,4.378201332346434,8745.4,6.224611398963731
363,2,97169.15504511895,5.959064807219055,6449.6,6.227727645611157
363,3,96865.393129771,8.20053435114506,7759.7,6.534541984732824
363,4,96855.80856812041,11.237128521806275,6552.9,5.999807024314936
363,5,96959.81936971561,14.274365872405864,7896.8,5.879900076863951
363,6,96990.6854199683,18.65990491283679,7980.1,5.201743264659271
363,7,97101.98535080955,20.3312259059368,3536.6,5.3057825751734775
363,8,97087.74764150943,20.503262578616376,3133.6,4.92940251572327
363,9,97106.66142351553,16.568029885961487,7310.4,5.1269366889500585
363,10,97019.70565453137,13.072927962819543,7904.7,5.5321843532145625
363,11,96949.16474388556,8.276188278726373,7284.5,5.728103368712506
363,12,97270.39444027048,5.948534936138264,8711.8,5.745567242674681
364,1,100609.37476459511,5.293333333333356,5436.9,6.389303201506591
364,2,100530.0208594076,6.630871923237402,4348.5,6.478848560700876
364,3,100205.24024024024,8.80840840840843,5212.3,6.41265015015015
364,4,100193.02784222738,11.678151585460192,3347.2,5.748105181747873
364,5,100283.82500967867,14.9403406891212,5490.6,5.842624854819976
364,6,100256.9910121141,19.38655724892538,6111.6,5.3604142243063695
364,7,100347.85930408472,21.043986384266287,2078.6,5.638086232980333
364,8,100324.31978107897,20.829554339327622,2228.8,5.124550430023456
364,9,100370.33838973162,17.209295993776763,4314.3,5.210501750291716
364,10,100293.77257011141,13.384978870534024,5814.5,5.563119477525931
364,11,100250.95708154507,8.751330472103026,4905.4,5.741502145922747
364,12,100598.02567006418,6.51468478671199,4691.3,6.305209513023782
365,1,100609.37476459511,5.293333333333356,5436.9,6.389303201506591
365,2,100530.0208594076,6.630871923237402,4348.5,6.478848560700876
365,3,100205.24024024024,8.80840840840843,5212.3,6.41265015015015
365,4,100193.02784222738,11.678151585460192,3347.2,5.748105181747873
365,5,100283.82500967867,14.9403406891212,5490.6,5.842624854819976
365,6,100256.9910121141,19.38655724892538,6111.6,5.3604142243063695
365,7,100347.85930408472,21.043986384266287,2078.6,5.638086232980333
365,8,100324.31978107897,20.829554339327622,2228.8,5.124550430023456
365,9,100370.33838973162,17.209295993776763,4314.3,5.210501750291716
365,10,100293.77257011141,13.384978870534024,5814.5,5.563119477525931
365,11,100250.95708154507,8.751330472103026,4905.4,5.741502145922747
365,12,100598.02567006418,6.51468478671199,4691.3,6.305209513023782
366,1,97239.68541820874,4.378201332346434,8745.4,6.224611398963731
366,2,97169.15504511895,5.959064807219055,6449.6,6.227727645611157
366,3,96865.393129771,8.20053435114506,7759.7,6.534541984732824
366,4,96855.80856812041,11.237128521806275,6552.9,5.999807024314936
366,5,96959.81936971561,14.274365872405864,7896.8,5.879900076863951
366,6,96990.6854199683,18.65990491283679,7980.1,5.201743264659271
366,7,97101.98535080955,20.3312259059368,3536.6,5.3057825751734775
366,8,97087.74764150943,20.503262578616376,3133.6,4.92940251572327
366,9,97106.66142351553,16.568029885961487,7310.4,5.1269366889500585
366,10,97019.70565453137,13.072927962819543,7904.7,5.5321843532145625
366,11,96949.16474388556,8.276188278726373,7284.5,5.728103368712506
366,12,97270.39444027048,5.948534936138264,8711.8,5.745567242674681
367,1,97239.68541820874,4.378201332346434,8745.4,6.224611398963731
367,2,97169.15504511895,5.959064807219055,6449.6,6.227727645611157
367,3,96865.393129771,8.20053435114506,7759.7,6.534541984732824
367,4,96855.80856812041,11.237128521806275,6552.9,5.999807024314936
367,5,96959.81936971561,14.274365872405864,7896.8,5.879900076863951
367,6,96990.6854199683,18.65990491283679,7980.1,5.201743264659271
367,7,97101.98535080955,20.3312259059368,3536.6,5.3057825751734775
367,8,97087.74764150943,20.503262578616376,3133.6,4.92940251572327
367,9,97106.66142351553,16.568029885961487,7310.4,5.1269366889500585
367,10,97019.70565453137,13.072927962819543,7904.7,5.5321843532145625
367,11,96949.16474388556,8.276188278726373,7284.5,5.728103368712506
367,12,97270.39444027048,5.948534936138264,8711.8,5.745567242674681
368,1,97239.68541820874,4.378201332346434,8745.4,6.224611398963731
368,2,97169.15504511895,5.959064807219055,6449.6,6.227727645611157
368,3,96865.393129771,8.20053435114506,7759.7,6.534541984732824
368,4,96855.80856812041,11.237128521806275,6552.9,5.999807024314936
368,5,96959.81936971561,14.274365872405864,7896.8,5.879900076863951
368,6,96990.6854199683,18.65990491283679,7980.1,5.201743264659271
368,7,97101.98535080955,20.3312259059368,3536.6,5.3057825751734775
368,8,97087.74764150943,20.503262578616376,3133.6,4.92940251572327
368,9,97106.66142351553,16.568029885961487,7310.4,5.1269366889500585
368,10,97019.70565453137,13.072927962819543,7904.7,5.5321843532145625
368,11,96949.16474388556,8.276188278726373,7284.5,5.728103368712506
368,12,97270.39444027048,5.948534936138264,8711.8,5.745567242674681
369,1,97743.59433258761,2.624011931394504,6387.3,6.725354213273677
369,2,97764.43618339529,4.502106567534099,5055.9,6.998595621643948
369,3,97494.76951672863,6.997732342007457,5185.6,6.555985130111524
369,4,97545.37634408602,10.219623655914,4457.6,5.770890937019969
369,5,97583.8031496063,14.189881889763804,6149.2,5.405590551181103
369,6,97620.60769230769,18.808615384615408,5805.0,5.138423076923077
369,7,97660.37411148522,20.3389450056117,4384.4,5.259184436962214
369,8,97663.021609538,20.12932190760062,5199.1,4.916132637853949
369,9,97724.63957055214,15.72285276073622,6090.5,5.13263036809816
369,10,97704.89647239263,11.578144171779165,5386.7,5.63696319018405
369,11,97512.1520106054,6.3730004418913175,5453.7,6.213610251878038
369,12,97791.33433283359,4.161469265367339,5939.1,6.572863568215893
370,1,98722.97347777363,2.9088905491221744,4782.2,5.070638774747852
370,2,98717.63243683781,4.773431132844358,3432.2,5.243317033414833
370,3,98399.88428518103,7.265285554311333,3503.7,5.034565136244868
370,4,98392.29361370717,10.669119937694726,5164.4,4.741588785046729
370,5,98413.55802374569,14.940674071237096,6087.9,4.612600536193029
370,6,98445.16229956981,19.931443097379766,6448.8,4.378646851779429
370,7,98483.80737396539,21.3145974416855,4482.1,4.380173062452972
370,8,98499.44611906556,20.878711379050515,5988.7,3.97189148455162
370,9,98600.37816764132,16.19863547758287,4838.3,3.9104093567251463
370,10,98623.20610687023,11.780725190839718,4550.7,3.968549618320611
370,11,98487.32226479353,6.575862068965539,3683.7,4.370072371221796
370,12,98788.92469089547,3.9974522292993857,3860.7,4.743799175721244
371,1,100539.40794499619,4.157333842627984,4807.8,6.130557677616501
371,2,100502.37322515213,5.588316430020306,4015.2,6.276551724137931
371,3,100209.16543026706,7.690912462908035,4238.5,6.035200296735905
371,4,100249.39777522055,10.675067126965883,2999.6,5.124587648638281
371,5,100259.78454680534,14.582392273402697,5926.1,5.165044576523031
371,6,100250.21375825885,19.069296541002743,5338.5,4.862844928099495
371,7,100285.21052631579,20.75135338345867,3771.4,5.160676691729323
371,8,100283.6109064112,20.468238761974966,3749.2,4.744583640383198
371,9,100369.46195234435,16.264027671022312,4605.8,4.7077248270561105
371,10,100349.59346504559,12.428153495440752,4803.1,4.98677811550152
371,11,100226.0435875943,7.619237217099771,4269.1,5.494761106454317
371,12,100540.1352874859,5.6020668921458325,4173.6,6.026907177752725
372,1,100837.40658527562,4.781576026637092,4799.3,6.220532741398445
372,2,100801.1934826884,6.168024439918557,3998.0,6.54684317718941
372,3,100511.36904761905,8.632812500000023,4375.4,6.5018973214285705
372,4,100584.02013942681,11.598063516653779,3088.1,5.985321456235477
372,5,100618.60822760477,15.216147635524822,5399.2,5.9918108419838525
372,6,100591.71317829458,19.56554263565894,5341.7,5.727209302325582
372,7,100629.88064155166,21.38168593808283,2948.9,5.848377471092876
372,8,100616.94568452382,20.865066964285738,4583.4,5.358296130952381
372,9,100683.25920245399,17.060122699386525,4830.6,5.269363496932515
372,10,100636.10156548301,13.072088583428814,4985.4,5.283657884688813
372,11,100501.99241786015,8.378096040438102,4247.2,5.658129738837405
372,12,100807.80170813219,6.255625696249558,5697.3,6.06060155959896
373,1,100837.40658527562,4.781576026637092,4799.3,6.220532741398445
373,2,100801.1934826884,6.168024439918557,3998.0,6.54684317718941
373,3,100511.36904761905,8.632812500000023,4375.4,6.5018973214285705
373,4,100584.02013942681,11.598063516653779,3088.1,5.985321456235477
373,5,100618.60822760477,15.216147635524822,5399.2,5.9918108419838525
373,6,100591.71317829458,19.56554263565894,5341.7,5.727209302325582
373,7,100629.88064155166,21.38168593808283,2948.9,5.848377471092876
373,8,100616.94568452382,20.865066964285738,4583.4,5.358296130952381
373,9,100683.25920245399,17.060122699386525,4830.6,5.269363496932515
373,10,100636.10156548301,13.072088583428814,4985.4,5.283657884688813
373,11,100501.99241786015,8.378096040438102,4247.2,5.658129738837405
373,12,100807.80170813219,6.255625696249558,5697.3,6.06060155959896
